conference,season_year,conference_coe2,external_games_counted
SEC,1985,94.303607,51
FBS Independents,1985,74.978936,80
Big Ten,1985,63.836355,32
Southwest,1985,46.69715,27
Pac-10,1985,46.540094,33
Big 8,1985,45.897291,30
Western Athletic,1985,36.781788,31
ACC,1985,36.457481,29
PCAA,1985,10.09142,16
Mid-American,1985,8.103529,14
Missouri Valley,1985,6.023923,7
FBS Independents,1986,115.034871,91
SEC,1986,88.785693,51
Pac-10,1986,60.915659,33
Big Ten,1986,52.728764,36
ACC,1986,40.341613,29
Southwest,1986,37.25725,26
Big 8,1986,33.273079,28
Western Athletic,1986,30.637406,31
Mid-American,1986,15.723636,19
PCAA,1986,15.542917,16
FBS Independents,1987,146.47945,95
SEC,1987,86.70572,53
Big Ten,1987,47.367185,33
Pac-10,1987,45.351026,34
Big 8,1987,44.400242,30
Southwest,1987,38.749098,28
ACC,1987,32.600464,28
Western Athletic,1987,23.565193,31
Mid-American,1987,15.360051,19
PCAA,1987,12.486963,15
FBS Independents,1988,143.645338,88
Pac-10,1988,65.625246,31
SEC,1988,54.219545,39
Big 8,1988,46.99436,35
Western Athletic,1988,38.854779,30
Big Ten,1988,35.208662,36
ACC,1988,32.92479,24
Southwest,1988,28.593045,27
Mid-American,1988,14.135669,17
Big West,1988,11.343327,21
FBS Independents,1989,147.845192,98
SEC,1989,73.073,41
Pac-10,1989,47.652338,33
Southwest,1989,46.136954,28
ACC,1989,44.539796,31
Big Ten,1989,44.165014,33
Big 8,1989,38.460834,31
Western Athletic,1989,37.251368,34
Big West,1989,12.087171,18
Mid-American,1989,3.904288,23
FBS Independents,1990,118.672513,97
SEC,1990,58.276199,40
ACC,1990,53.430239,28
Big 8,1990,50.477135,32
Pac-10,1990,50.282418,36
Big Ten,1990,44.372099,34
Southwest,1990,41.322959,26
Western Athletic,1990,39.657569,31
Mid-American,1990,18.595649,21
Big West,1990,18.312152,19
FBS Independents,1991,118.968367,108
SEC,1991,77.872204,40
Big East,1991,76.313209,50
Big Ten,1991,48.066235,34
Pac-10,1991,46.592506,31
ACC,1991,42.745782,29
Big 8,1991,42.439332,31
Southwest,1991,38.049224,29
Western Athletic,1991,34.835395,32
Mid-American,1991,33.578821,26
Big West,1991,16.803322,20
FBS Independents,1992,79.027684,93
SEC,1992,78.647084,40
Big East,1992,59.424149,46
Pac-10,1992,55.006754,33
Western Athletic,1992,51.080169,37
ACC,1992,46.161871,26
Southwest,1992,44.821474,32
Big 8,1992,44.009938,30
Big Ten,1992,37.769924,34
Mid-American,1992,28.082998,24
Big West,1992,22.046601,17
FBS Independents,1993,79.968328,69
SEC,1993,72.771908,40
Big Ten,1993,69.569508,39
Big East,1993,59.150466,34
Pac-10,1993,55.339469,31
Big 8,1993,54.773373,33
ACC,1993,41.920019,30
Western Athletic,1993,29.223507,32
Southwest,1993,29.176433,32
Big West,1993,25.011062,36
Mid-American,1993,10.193029,22
Big Ten,1994,68.673732,38
SEC,1994,67.330862,37
Western Athletic,1994,58.71432,35
Big East,1994,56.730765,36
FBS Independents,1994,56.069296,68
Big 8,1994,54.514564,33
Southwest,1994,48.996517,36
Pac-10,1994,47.999024,33
ACC,1994,43.270569,27
Big West,1994,20.752708,35
Mid-American,1994,12.061839,20
FBS Independents,1995,89.487296,72
Big Ten,1995,76.607546,40
SEC,1995,70.772892,40
Big 8,1995,61.450301,32
Southwest,1995,46.898759,35
Pac-10,1995,40.4726,29
Big East,1995,38.502803,34
Western Athletic,1995,37.419979,32
ACC,1995,33.175149,26
Mid-American,1995,23.697795,23
Big West,1995,17.6318,35
FBS Independents,1996,88.865758,65
Big Ten,1996,77.98704,42
SEC,1996,69.508102,37
Big 12,1996,58.858453,41
Western Athletic,1996,56.777534,49
Pac-10,1996,54.31509,33
Big East,1996,46.940783,35
Conference USA,1996,45.719647,35
ACC,1996,29.67928,27
Big West,1996,16.309635,20
Mid-American,1996,9.016833,26
SEC,1997,95.196231,43
Pac-10,1997,73.71053,36
Big Ten,1997,67.128935,43
Big 12,1997,65.728379,43
FBS Independents,1997,60.376058,65
ACC,1997,57.201543,29
Western Athletic,1997,55.893204,53
Conference USA,1997,43.987509,37
Big East,1997,30.555388,36
Mid-American,1997,23.701772,28
Big West,1997,12.668635,27
Big 12,1998,81.413696,44
Big Ten,1998,75.572775,41
SEC,1998,73.739191,43
Pac-10,1998,63.172275,37
Western Athletic,1998,54.056248,56
ACC,1998,51.092957,29
FBS Independents,1998,47.324565,54
Big East,1998,46.887707,32
Conference USA,1998,43.633706,41
Mid-American,1998,28.283541,31
Big West,1998,26.990096,30
Big Ten,1999,81.903557,40
SEC,1999,71.243511,41
Big 12,1999,68.3741,43
Conference USA,1999,62.541032,45
ACC,1999,48.956932,29
Mountain West,1999,47.586021,31
Pac-10,1999,46.132935,36
Big East,1999,45.457894,34
FBS Independents,1999,39.749062,48
Western Athletic,1999,35.76963,33
Big West,1999,28.764842,32
Mid-American,1999,21.227726,32
SEC,2000,71.456954,43
Big 12,2000,70.956122,43
Pac-10,2000,70.901052,35
Big East,2000,68.816356,34
Big Ten,2000,60.615261,42
Conference USA,2000,51.341215,37
ACC,2000,47.591187,30
Mountain West,2000,42.365214,35
Western Athletic,2000,32.200896,33
FBS Independents,2000,30.992221,47
Mid-American,2000,27.69367,34
Big West,2000,20.888,29
SEC,2001,75.835377,39
Big 12,2001,70.333604,38
Big East,2001,62.833139,36
Pac-10,2001,62.807121,33
Big Ten,2001,56.845775,38
ACC,2001,47.985872,31
Mountain West,2001,46.956706,35
FBS Independents,2001,39.137795,48
Mid-American,2001,37.54941,36
Western Athletic,2001,36.65843,35
Conference USA,2001,33.455082,40
Sun Belt,2001,8.494149,29
Big Ten,2002,93.154873,50
Big 12,2002,88.927329,52
SEC,2002,87.519361,51
ACC,2002,78.048964,44
Big East,2002,72.35229,41
FBS Independents,2002,71.671404,57
Pac-10,2002,68.888247,42
Mountain West,2002,44.735551,43
Conference USA,2002,39.593807,41
Western Athletic,2002,38.610485,43
Mid-American,2002,31.164823,42
Sun Belt,2002,27.594318,38
Big 12,2003,81.446931,50
SEC,2003,81.270454,51
Big Ten,2003,79.077392,50
Pac-10,2003,73.466538,44
Big East,2003,69.163873,43
ACC,2003,65.524126,38
FBS Independents,2003,64.39006,42
Mountain West,2003,53.656985,36
Conference USA,2003,51.29676,44
Western Athletic,2003,38.298855,39
Mid-American,2003,34.944387,41
Sun Belt,2003,8.892703,38
Big 12,2004,75.522128,39
Big Ten,2004,65.703818,39
SEC,2004,58.992691,37
Pac-10,2004,57.565164,35
ACC,2004,53.578205,34
Big East,2004,50.682151,34
Conference USA,2004,40.138182,35
Western Athletic,2004,39.866988,32
Mountain West,2004,38.723282,31
FBS Independents,2004,38.085498,20
Sun Belt,2004,16.600897,33
Mid-American,2004,14.098253,39
ACC,2005,75.872626,41
Big Ten,2005,74.773324,39
Big 12,2005,67.723341,34
SEC,2005,60.428232,35
Pac-10,2005,53.104399,30
FBS Independents,2005,48.991895,39
Mountain West,2005,37.983939,31
Big East,2005,37.062507,30
Conference USA,2005,35.550898,35
Mid-American,2005,28.631083,34
Western Athletic,2005,19.155304,31
Sun Belt,2005,3.697889,25
SEC,2006,98.210547,49
Big East,2006,83.880696,39
Big Ten,2006,72.546093,44
Big 12,2006,66.386592,45
ACC,2006,59.708665,47
Pac-10,2006,53.579282,32
FBS Independents,2006,48.514122,40
Conference USA,2006,43.137208,46
Mountain West,2006,42.347996,34
Western Athletic,2006,39.568661,35
Mid-American,2006,37.59389,48
Sun Belt,2006,18.419774,37
SEC,2007,96.564298,47
Big 12,2007,86.640655,48
Big Ten,2007,81.179926,44
ACC,2007,73.963467,49
Big East,2007,66.867861,39
Pac-10,2007,60.672581,35
Mountain West,2007,51.605793,36
Conference USA,2007,35.252103,46
Mid-American,2007,31.104368,52
FBS Independents,2007,30.693722,31
Western Athletic,2007,21.686152,31
Sun Belt,2007,21.458902,36
SEC,2008,84.011773,45
Big 12,2008,80.513835,45
ACC,2008,75.548539,43
Big East,2008,69.677867,40
Mountain West,2008,60.690307,34
Big Ten,2008,58.218388,41
FBS Independents,2008,48.274736,32
Conference USA,2008,45.901278,47
Pac-10,2008,44.936504,34
Mid-American,2008,42.185054,48
Western Athletic,2008,34.204434,35
Sun Belt,2008,19.853619,34
SEC,2009,95.289919,47
Big 12,2009,76.757906,47
Big East,2009,69.991293,36
Big Ten,2009,69.255893,42
ACC,2009,59.624129,41
Mountain West,2009,52.07761,35
Pac-10,2009,49.543661,33
FBS Independents,2009,48.454818,32
Western Athletic,2009,43.820474,36
Conference USA,2009,39.721231,45
Mid-American,2009,32.648198,48
Sun Belt,2009,20.230004,34
Big 12,2010,90.10935,48
SEC,2010,88.386905,47
Big Ten,2010,73.898385,42
ACC,2010,66.596438,44
FBS Independents,2010,58.549812,31
Big East,2010,51.253591,37
Conference USA,2010,49.9767,48
Western Athletic,2010,49.509506,36
Mountain West,2010,44.299267,38
Pac-10,2010,43.947808,28
Mid-American,2010,26.363754,46
Sun Belt,2010,11.35973,37
SEC,2011,90.895463,45
Big Ten,2011,79.619173,48
Big 12,2011,73.90847,32
ACC,2011,59.605749,43
FBS Independents,2011,56.059724,43
Big East,2011,55.435957,37
Conference USA,2011,52.230409,47
Pac-12,2011,49.757675,34
Mountain West,2011,44.780485,36
Mid-American,2011,43.039341,45
Western Athletic,2011,32.13193,41
Sun Belt,2011,29.447122,35
SEC,2012,95.137418,48
Big Ten,2012,67.983135,45
FBS Independents,2012,64.731569,41
Pac-12,2012,59.403554,35
Big East,2012,56.376661,34
Mid-American,2012,55.8518,44
Big 12,2012,49.224265,29
ACC,2012,47.009395,40
Western Athletic,2012,40.886592,28
Sun Belt,2012,38.225456,34
Mountain West,2012,29.428604,35
Conference USA,2012,27.887842,45
SEC,2013,102.013378,51
ACC,2013,84.625569,51
Big Ten,2013,76.276876,45
Pac-12,2013,75.463328,36
FBS Independents,2013,66.417799,62
Conference USA,2013,50.033015,55
Big 12,2013,46.215646,27
American Athletic,2013,44.575789,36
Sun Belt,2013,41.732841,30
Mountain West,2013,40.338767,44
Mid-American,2013,27.641847,45
SEC,2014,103.79561,52
Big Ten,2014,98.476613,55
ACC,2014,77.669068,50
Pac-12,2014,75.744607,38
FBS Independents,2014,64.065501,42
Mountain West,2014,59.314082,48
Conference USA,2014,54.316339,44
Big 12,2014,43.959946,29
American Athletic,2014,31.756173,41
Mid-American,2014,29.168433,43
Sun Belt,2014,14.422745,32
Big Ten,2015,107.657574,59
SEC,2015,103.861777,53
Pac-12,2015,73.678104,39
ACC,2015,64.56613,50
American Athletic,2015,63.138305,45
FBS Independents,2015,50.835356,35
Big 12,2015,49.988767,29
Mid-American,2015,47.45957,49
Conference USA,2015,38.279014,44
Mountain West,2015,36.58926,45
Sun Belt,2015,23.427877,38
ACC,2016,107.229353,54
SEC,2016,90.951854,54
Big Ten,2016,73.629063,44
American Athletic,2016,59.285684,43
Pac-12,2016,55.089308,34
Mountain West,2016,53.616013,45
FBS Independents,2016,50.771864,42
Mid-American,2016,43.95036,41
Sun Belt,2016,43.052386,40
Big 12,2016,42.939567,28
Conference USA,2016,35.518051,47
SEC,2017,95.681924,52
Big Ten,2017,94.122414,47
ACC,2017,79.273106,51
FBS Independents,2017,66.56028,45
American Athletic,2017,59.313269,42
Pac-12,2017,53.925463,37
Big 12,2017,53.731385,31
Conference USA,2017,52.970502,53
Mountain West,2017,46.717131,44
Mid-American,2017,33.423671,42
Sun Belt,2017,28.825371,38
SEC,2018,99.280451,52
Big Ten,2018,77.590079,48
ACC,2018,72.924652,51
FBS Independents,2018,71.123109,50
Mountain West,2018,56.841343,42
Big 12,2018,52.129153,28
Pac-12,2018,48.087212,34
American Athletic,2018,47.224275,43
Sun Belt,2018,41.912198,33
Conference USA,2018,40.237421,47
Mid-American,2018,29.362313,44
SEC,2019,88.200519,51
Big Ten,2019,88.190412,47
American Athletic,2019,81.458303,45
Mountain West,2019,67.193235,44
ACC,2019,64.106156,50
FBS Independents,2019,59.202478,57
Pac-12,2019,57.276487,35
Sun Belt,2019,43.497261,35
Big 12,2019,41.425235,27
Conference USA,2019,41.09484,51
Mid-American,2019,28.797321,44
FBS Independents,2020,86.551565,43
Sun Belt,2020,45.773885,30
American Athletic,2020,22.966447,21
Big 12,2020,21.258405,11
Conference USA,2020,20.622033,33
SEC,2020,20.250376,9
ACC,2020,17.284982,23
Mountain West,2020,8.996901,8
Big Ten,2020,8.710068,5
Mid-American,2020,5.897915,2
Pac-12,2020,2.823688,3
SEC,2021,106.679152,56
Big Ten,2021,86.815218,45
FBS Independents,2021,77.303144,68
Mountain West,2021,71.567534,44
ACC,2021,60.892577,46
Big 12,2021,55.60344,28
American Athletic,2021,53.503896,38
Sun Belt,2021,42.503519,35
Conference USA,2021,40.646422,50
Mid-American,2021,40.106725,44
Pac-12,2021,25.79519,32
SEC,2022,106.229038,54
FBS Independents,2022,81.690611,63
ACC,2022,78.961863,50
Big Ten,2022,73.196936,42
Sun Belt,2022,57.216972,45
Pac-12,2022,55.735547,33
American Athletic,2022,54.37626,41
Big 12,2022,52.952921,31
Conference USA,2022,42.806547,40
Mountain West,2022,38.850427,43
Mid-American,2022,34.488483,42
ACC,2023,88.399179,54
SEC,2023,86.628965,50
Big Ten,2023,82.503102,45
Pac-12,2023,72.483448,36
Sun Belt,2023,70.013167,52
Big 12,2023,63.763018,38
Mountain West,2023,48.563823,43
FBS Independents,2023,43.439316,40
American Athletic,2023,40.03048,49
Mid-American,2023,35.93232,41
Conference USA,2023,27.961465,26
SEC,2024,119.123091,64
Big Ten,2024,106.325178,58
ACC,2024,93.739509,65
Big 12,2024,65.078978,39
Mountain West,2024,56.622898,52
FBS Independents,2024,56.446902,36
American Athletic,2024,55.465762,48
Sun Belt,2024,50.285208,48
Mid-American,2024,42.631663,44
Conference USA,2024,28.517423,33
Pac-12,2024,26.656891,21
SEC,2025,113.6427,63
Big Ten,2025,102.155907,55
ACC,2025,92.897443,62
American Athletic,2025,79.894234,50
Big 12,2025,68.174309,38
FBS Independents,2025,46.515475,23
Mountain West,2025,45.66661,43
Sun Belt,2025,45.633818,49
Conference USA,2025,28.876312,36
Mid-American,2025,22.317379,44
Pac-12,2025,15.4498,19
Big Ten,2026,70.883948,40
SEC,2026,68.170258,30
Big 12,2026,57.033533,30
ACC,2026,48.757954,29
American Athletic,2026,40.096103,37
Sun Belt,2026,38.786966,40
Pac-12,2026,23.114523,24
Mountain West,2026,22.462418,23
Mid-American,2026,19.78905,31
Conference USA,2026,17.814251,29
FBS Independents,2026,14.703433,9
