season_year,conference_name,rating
1980,FBS Independents,22.751159
1980,Southwest,16.853037
1980,Pac-10,14.220562
1980,SEC,13.702252
1980,Big Ten,10.648927
1980,Big 8,9.666345
1980,Western Athletic,7.546067
1980,ACC,6.979399
1980,Mid-American,2.435542
1980,PCAA,1.189195
1980,Missouri Valley,0.619216
1980,Southland,0.275331
1980,Southern,0.112969
1981,FBS Independents,22.381627
1981,Big Ten,19.793882
1981,SEC,13.098403
1981,Pac-10,12.250147
1981,Big 8,11.065544
1981,Southwest,10.577414
1981,ACC,6.768545
1981,Western Athletic,6.668562
1981,Mid-American,2.496972
1981,PCAA,1.331923
1981,Southland,0.863639
1981,Missouri Valley,0.73024
1981,Southern,0.707695
1982,Pac-10,17.501845
1982,FBS Independents,17.488553
1982,Big Ten,14.88853
1982,SEC,14.550689
1982,Western Athletic,9.295562
1982,Southwest,8.565301
1982,Big 8,7.575917
1982,ACC,5.964328
1982,PCAA,2.326683
1982,Mid-American,1.961087
1982,Missouri Valley,1.017072
1983,FBS Independents,21.562309
1983,SEC,19.430557
1983,Big Ten,14.616681
1983,Big 8,10.83087
1983,Pac-10,8.789874
1983,Western Athletic,8.067739
1983,Southwest,7.451559
1983,ACC,5.453323
1983,Mid-American,2.259244
1983,PCAA,1.731506
1983,Missouri Valley,0.932494
1984,FBS Independents,23.020231
1984,Big Ten,15.694349
1984,SEC,13.723386
1984,Pac-10,11.871172
1984,Southwest,10.234419
1984,ACC,8.042571
1984,Big 8,7.525044
1984,Western Athletic,6.83418
1984,Mid-American,2.519343
1984,PCAA,1.827522
1984,Missouri Valley,0.318578
1985,Big Ten,16.728009
1985,Pac-10,16.048314
1985,FBS Independents,14.528963
1985,SEC,11.700938
1985,Southwest,11.033948
1985,Western Athletic,9.883981
1985,Big 8,9.688528
1985,ACC,6.165258
1985,Mid-American,3.387352
1985,PCAA,1.724138
1985,Missouri Valley,0.417122
1986,FBS Independents,19.870751
1986,Pac-10,17.458705
1986,SEC,15.666037
1986,Big Ten,13.026749
1986,Southwest,8.341681
1986,Western Athletic,6.958827
1986,ACC,6.922737
1986,Big 8,6.764411
1986,Mid-American,4.28575
1986,PCAA,2.154343
1987,FBS Independents,27.980743
1987,SEC,15.302848
1987,Big Ten,12.463597
1987,Pac-10,10.03256
1987,Southwest,9.024903
1987,ACC,8.637649
1987,Big 8,7.522414
1987,Western Athletic,4.963413
1987,Mid-American,4.036736
1987,PCAA,1.533974
1988,FBS Independents,26.918863
1988,Pac-10,16.091085
1988,SEC,12.946102
1988,Big Ten,10.756518
1988,Western Athletic,9.041838
1988,Big 8,8.043736
1988,ACC,7.760363
1988,Southwest,5.877108
1988,Mid-American,2.438121
1988,Big West,1.316168
1989,FBS Independents,24.778045
1989,Pac-10,15.763382
1989,SEC,13.95085
1989,Southwest,12.475385
1989,Big Ten,10.658569
1989,ACC,8.179632
1989,Western Athletic,6.926201
1989,Big 8,6.879748
1989,Mid-American,1.855351
1989,Big West,1.767947
1990,FBS Independents,21.511281
1990,Pac-10,19.780558
1990,Big Ten,12.847897
1990,SEC,10.372027
1990,Western Athletic,9.892538
1990,Big 8,9.215629
1990,Southwest,8.858283
1990,ACC,8.22145
1990,Big West,1.820949
1990,Mid-American,1.637515
1991,FBS Independents,16.822812
1991,Pac-10,15.590879
1991,SEC,14.057515
1991,Big Ten,12.484965
1991,Big East,10.018076
1991,Southwest,8.764284
1991,ACC,7.60018
1991,Big 8,6.807361
1991,Western Athletic,6.665563
1991,Mid-American,3.590298
1991,Big West,1.703789
1992,SEC,18.75484
1992,Pac-10,16.709772
1992,Western Athletic,12.048239
1992,ACC,10.835844
1992,Big Ten,10.058296
1992,FBS Independents,9.169313
1992,Southwest,7.905116
1992,Big 8,7.05273
1992,Big East,6.512249
1992,Mid-American,3.9501
1992,Big West,2.047499
1993,Pac-10,18.426875
1993,Big Ten,17.695879
1993,SEC,12.246951
1993,ACC,10.92319
1993,Big 8,9.272508
1993,Big East,9.100591
1993,Western Athletic,8.16437
1993,FBS Independents,7.481087
1993,Southwest,5.627138
1993,Big West,3.31035
1993,Mid-American,2.784315
1994,Pac-10,16.400037
1994,Big Ten,15.574924
1994,SEC,14.092363
1994,Western Athletic,13.642011
1994,ACC,9.831133
1994,Big 8,8.92951
1994,Southwest,8.373406
1994,Big East,7.811691
1994,FBS Independents,6.352302
1994,Big West,3.135222
1994,Mid-American,1.857401
1995,Big Ten,17.6498
1995,SEC,17.299878
1995,Big 8,12.062625
1995,Pac-10,10.680916
1995,ACC,9.400561
1995,FBS Independents,8.833715
1995,Southwest,8.747175
1995,Big East,8.146154
1995,Western Athletic,6.710689
1995,Mid-American,4.533033
1995,Big West,2.978941
1996,Big Ten,18.155923
1996,SEC,17.369205
1996,Big 12,14.899153
1996,Western Athletic,12.927581
1996,Pac-10,12.296161
1996,ACC,9.748216
1996,Big East,7.946899
1996,FBS Independents,7.059153
1996,Conference USA,5.675714
1996,Mid-American,3.073478
1996,Big West,1.908834
1997,SEC,22.668298
1997,Pac-10,16.109262
1997,Big 12,14.849378
1997,Big Ten,13.670553
1997,Western Athletic,12.669199
1997,ACC,9.358946
1997,Mid-American,6.382483
1997,Big East,5.143867
1997,FBS Independents,4.657741
1997,Conference USA,4.491426
1997,Big West,2.052838
1998,Big 12,17.685163
1998,Big Ten,16.308636
1998,SEC,15.539164
1998,Pac-10,13.679673
1998,Western Athletic,13.323363
1998,ACC,10.899573
1998,Big East,8.071131
1998,Mid-American,5.193605
1998,Conference USA,4.585546
1998,FBS Independents,4.123393
1998,Big West,2.590754
1999,Big Ten,18.928264
1999,SEC,15.992909
1999,Big 12,14.084212
1999,Pac-10,13.325884
1999,ACC,11.651318
1999,Mountain West,7.180675
1999,Conference USA,7.156754
1999,Big East,7.000984
1999,Western Athletic,6.613487
1999,Mid-American,4.66115
1999,Big West,3.967818
1999,FBS Independents,3.436546
2000,Big Ten,17.247737
2000,SEC,16.332159
2000,Pac-10,15.989053
2000,Big 12,14.855537
2000,Big East,9.71612
2000,ACC,8.895678
2000,Mid-American,7.231785
2000,Conference USA,6.885178
2000,Mountain West,6.399522
2000,Western Athletic,6.090345
2000,FBS Independents,3.770894
2000,Big West,2.585991
2001,SEC,20.853793
2001,Big 12,15.309644
2001,Big Ten,15.102443
2001,ACC,14.288701
2001,Pac-10,12.06901
2001,Big East,10.107384
2001,Western Athletic,6.921099
2001,Mid-American,5.963414
2001,Conference USA,5.778015
2001,Mountain West,5.269657
2001,FBS Independents,3.167445
2001,Sun Belt,2.169396
2002,Big 12,16.11264
2002,Big Ten,15.743766
2002,SEC,13.744931
2002,ACC,13.662567
2002,Pac-10,13.113047
2002,Big East,9.323562
2002,Conference USA,8.138502
2002,Western Athletic,7.108486
2002,Mountain West,6.533666
2002,Mid-American,5.967046
2002,FBS Independents,4.28364
2002,Sun Belt,3.268147
2003,SEC,16.305792
2003,Pac-10,14.887127
2003,Big Ten,14.34856
2003,Big 12,13.991686
2003,ACC,13.709296
2003,Big East,8.99133
2003,Mountain West,8.405967
2003,Western Athletic,7.10727
2003,Conference USA,6.815836
2003,Mid-American,6.810703
2003,FBS Independents,2.872278
2003,Sun Belt,2.754154
2004,Big 12,16.684426
2004,ACC,14.579618
2004,Pac-10,13.980721
2004,SEC,13.818332
2004,Big Ten,13.138639
2004,Conference USA,10.119833
2004,Western Athletic,9.094435
2004,Mountain West,7.64767
2004,Big East,6.677064
2004,Mid-American,5.142333
2004,Sun Belt,4.007011
2004,FBS Independents,3.109918
2005,ACC,20.9761
2005,Big 12,17.716985
2005,Big Ten,14.742374
2005,SEC,14.404601
2005,Pac-10,10.402619
2005,Mountain West,9.143441
2005,Conference USA,8.867581
2005,Big East,6.139186
2005,Mid-American,5.98301
2005,Western Athletic,4.551636
2005,FBS Independents,3.264771
2005,Sun Belt,2.807696
2006,SEC,20.058135
2006,Pac-10,17.622436
2006,ACC,14.392529
2006,Big 12,12.061064
2006,Big Ten,10.665772
2006,Big East,10.053442
2006,Conference USA,8.515771
2006,Western Athletic,6.426014
2006,Mid-American,6.106036
2006,Mountain West,6.085268
2006,Sun Belt,3.87495
2006,FBS Independents,3.138582
2007,SEC,18.17411
2007,Pac-10,18.149925
2007,Big 12,15.818502
2007,ACC,13.608994
2007,Big Ten,11.64741
2007,Big East,9.951978
2007,Mountain West,8.857434
2007,Conference USA,7.128139
2007,Mid-American,5.618635
2007,Western Athletic,4.157673
2007,Sun Belt,3.846682
2007,FBS Independents,2.040519
2008,ACC,22.085596
2008,SEC,19.541068
2008,Big 12,12.377074
2008,Pac-10,11.105684
2008,Big East,10.441387
2008,Big Ten,9.092869
2008,Conference USA,8.576359
2008,Mountain West,7.761774
2008,Mid-American,6.659703
2008,Western Athletic,5.604758
2008,Sun Belt,3.926646
2008,FBS Independents,2.827084
2009,SEC,19.471622
2009,ACC,15.175113
2009,Big 12,14.047457
2009,Pac-10,13.832478
2009,Big Ten,13.053258
2009,Big East,9.624975
2009,Conference USA,8.02403
2009,Mountain West,8.003304
2009,Western Athletic,6.260855
2009,Mid-American,5.882993
2009,Sun Belt,3.956684
2009,FBS Independents,2.667231
2010,SEC,17.23529
2010,Big 12,16.718619
2010,ACC,14.093368
2010,Big Ten,12.524601
2010,Pac-10,12.389407
2010,Conference USA,9.181144
2010,Big East,8.649575
2010,Mountain West,8.353142
2010,Western Athletic,6.996722
2010,Mid-American,5.48291
2010,Sun Belt,4.835515
2010,FBS Independents,3.539707
2011,Big 12,18.583268
2011,SEC,17.813158
2011,Pac-12,14.698492
2011,Big Ten,14.69588
2011,ACC,12.422417
2011,Conference USA,9.209665
2011,Big East,8.736304
2011,Mid-American,7.116555
2011,Mountain West,5.041043
2011,Sun Belt,4.50496
2011,Western Athletic,3.939454
2011,FBS Independents,3.238804
2012,SEC,20.71974
2012,Big 12,16.99283
2012,Pac-12,16.752604
2012,Big Ten,13.699068
2012,ACC,11.960801
2012,Big East,8.247892
2012,Mid-American,7.849796
2012,Conference USA,7.759963
2012,Sun Belt,6.60316
2012,Mountain West,5.195537
2012,FBS Independents,4.661833
2012,Western Athletic,3.556777
2013,SEC,21.794184
2013,Pac-12,21.690035
2013,ACC,17.321836
2013,Big Ten,13.254287
2013,Big 12,13.107571
2013,Conference USA,7.770851
2013,Mountain West,7.601145
2013,American Athletic,6.836167
2013,Mid-American,5.59411
2013,FBS Independents,5.366848
2013,Sun Belt,4.662965
2014,Big Ten,21.217514
2014,Pac-12,20.88528
2014,SEC,20.495689
2014,ACC,18.705669
2014,Big 12,9.735918
2014,Mountain West,9.503028
2014,Conference USA,8.359955
2014,American Athletic,6.633606
2014,Mid-American,5.318825
2014,FBS Independents,3.644104
2014,Sun Belt,3.500412
2015,SEC,24.043004
2015,Pac-12,19.464629
2015,Big Ten,19.154855
2015,ACC,13.157683
2015,Big 12,12.599977
2015,American Athletic,9.290097
2015,Mountain West,8.105141
2015,Mid-American,7.774126
2015,Conference USA,5.853737
2015,Sun Belt,5.568574
2015,FBS Independents,2.988176
2016,ACC,25.58116
2016,SEC,22.091928
2016,Big Ten,15.583469
2016,Pac-12,13.263337
2016,Big 12,10.349219
2016,American Athletic,8.580392
2016,Mountain West,8.283925
2016,Conference USA,7.65011
2016,Sun Belt,7.10936
2016,Mid-American,6.497972
2016,FBS Independents,3.009128
2017,SEC,23.400647
2017,Big Ten,19.740969
2017,ACC,18.470979
2017,Big 12,13.552882
2017,Pac-12,12.681389
2017,American Athletic,10.36911
2017,Mountain West,7.75023
2017,Conference USA,7.724057
2017,Mid-American,6.068877
2017,Sun Belt,5.731026
2017,FBS Independents,4.509834
2018,SEC,21.339325
2018,Big Ten,20.325915
2018,ACC,20.161831
2018,Pac-12,14.521439
2018,Big 12,14.431841
2018,American Athletic,7.360004
2018,Mountain West,7.092837
2018,Conference USA,6.900328
2018,Mid-American,6.805218
2018,FBS Independents,5.56536
2018,Sun Belt,5.495902
2019,SEC,21.024996
2019,Big Ten,18.182174
2019,Pac-12,17.459115
2019,ACC,16.208971
2019,Big 12,10.951811
2019,American Athletic,10.067788
2019,Mountain West,9.653802
2019,Mid-American,8.03589
2019,Conference USA,7.267891
2019,Sun Belt,6.569758
2019,FBS Independents,4.577803
2020,SEC,39.796719
2020,Big 12,19.363461
2020,ACC,16.447337
2020,Big Ten,11.562948
2020,Sun Belt,10.07866
2020,Pac-12,8.132799
2020,FBS Independents,6.698528
2020,American Athletic,6.614847
2020,Conference USA,6.225138
2020,Mid-American,5.911648
2020,Mountain West,5.350137
2021,SEC,24.708844
2021,Big Ten,19.445608
2021,Big 12,16.728409
2021,ACC,12.31365
2021,Mountain West,11.213902
2021,Pac-12,8.908642
2021,Mid-American,8.861519
2021,American Athletic,8.615993
2021,Conference USA,7.715423
2021,FBS Independents,5.820134
2021,Sun Belt,5.667877
2022,SEC,24.592214
2022,Big Ten,16.705223
2022,ACC,16.303118
2022,Big 12,15.160415
2022,Pac-12,13.355598
2022,Sun Belt,9.453621
2022,American Athletic,9.240114
2022,Mid-American,7.124969
2022,Mountain West,6.816715
2022,Conference USA,6.502837
2022,FBS Independents,5.745176
2023,Big Ten,22.01752
2023,Pac-12,18.58191
2023,SEC,16.81979
2023,ACC,16.682956
2023,Big 12,16.476306
2023,Sun Belt,10.945312
2023,Mountain West,10.307303
2023,American Athletic,7.585437
2023,Mid-American,6.086716
2023,Conference USA,4.316046
2023,FBS Independents,3.180703
2024,Big Ten,39.592935
2024,SEC,23.64429
2024,ACC,16.015562
2024,Big 12,13.275865
2024,Mid-American,9.333519
2024,Sun Belt,7.706524
2024,FBS Independents,7.23237
2024,American Athletic,6.927565
2024,Mountain West,5.454099
2024,Conference USA,3.582554
2024,Pac-12,1.234716
2025,Big Ten,30.40616
2025,ACC,26.53076
2025,SEC,22.074517
2025,Big 12,16.664403
2025,American Athletic,11.05503
2025,Sun Belt,8.334428
2025,Mountain West,6.603603
2025,Conference USA,5.961919
2025,Mid-American,4.834323
2025,FBS Independents,2.354562
2025,Pac-12,1.180296
2026,Big Ten,24.754907
2026,SEC,21.850644
2026,ACC,18.913909
2026,Big 12,16.360937
2026,American Athletic,11.999998
2026,Sun Belt,9.230931
2026,Mid-American,7.812224
2026,Pac-12,6.452689
2026,Conference USA,6.302149
2026,Mountain West,5.499857
2026,FBS Independents,2.520288
