season_year,conference,coe2_5yr,window_start_year,window_end_year,seasons_counted,external_games,formula_version
1986,SEC,94.303607,1985,1985,1,51,coe2_bonus_v1
1986,FBS Independents,74.978936,1985,1985,1,80,coe2_bonus_v1
1986,Big Ten,63.836355,1985,1985,1,32,coe2_bonus_v1
1986,Southwest,46.69715,1985,1985,1,27,coe2_bonus_v1
1986,Pac-10,46.540094,1985,1985,1,33,coe2_bonus_v1
1986,Big 8,45.897291,1985,1985,1,30,coe2_bonus_v1
1986,Western Athletic,36.781788,1985,1985,1,31,coe2_bonus_v1
1986,ACC,36.457481,1985,1985,1,29,coe2_bonus_v1
1986,PCAA,10.09142,1985,1985,1,16,coe2_bonus_v1
1986,Mid-American,8.103529,1985,1985,1,14,coe2_bonus_v1
1986,Missouri Valley,6.023923,1985,1985,1,7,coe2_bonus_v1
1987,FBS Independents,184.015492,1985,1986,2,171,coe2_bonus_v1
1987,SEC,175.545011,1985,1986,2,102,coe2_bonus_v1
1987,Big Ten,111.45821,1985,1986,2,68,coe2_bonus_v1
1987,Pac-10,103.732545,1985,1986,2,66,coe2_bonus_v1
1987,Southwest,80.218628,1985,1986,2,53,coe2_bonus_v1
1987,Big 8,75.498587,1985,1986,2,58,coe2_bonus_v1
1987,ACC,73.882495,1985,1986,2,58,coe2_bonus_v1
1987,Western Athletic,64.476652,1985,1986,2,62,coe2_bonus_v1
1987,PCAA,24.827024,1985,1986,2,32,coe2_bonus_v1
1987,Mid-American,23.178883,1985,1986,2,33,coe2_bonus_v1
1987,Missouri Valley,5.54201,1985,1986,1,7,coe2_bonus_v1
1988,FBS Independents,315.773703,1985,1987,3,266,coe2_bonus_v1
1988,SEC,248.20713,1985,1987,3,155,coe2_bonus_v1
1988,Big Ten,149.908738,1985,1987,3,101,coe2_bonus_v1
1988,Pac-10,140.784968,1985,1987,3,100,coe2_bonus_v1
1988,Big 8,113.858942,1985,1987,3,88,coe2_bonus_v1
1988,Southwest,112.550236,1985,1987,3,81,coe2_bonus_v1
1988,ACC,100.572359,1985,1987,3,86,coe2_bonus_v1
1988,Western Athletic,82.883712,1985,1987,3,93,coe2_bonus_v1
1988,Mid-American,36.684623,1985,1987,3,52,coe2_bonus_v1
1988,PCAA,35.327826,1985,1987,3,47,coe2_bonus_v1
1988,Missouri Valley,5.098649,1985,1987,1,7,coe2_bonus_v1
1989,FBS Independents,434.157144,1985,1988,4,354,coe2_bonus_v1
1989,SEC,282.570105,1985,1988,4,194,coe2_bonus_v1
1989,Pac-10,195.147417,1985,1988,4,131,coe2_bonus_v1
1989,Big Ten,173.124702,1985,1988,4,137,coe2_bonus_v1
1989,Big 8,151.744587,1985,1988,4,123,coe2_bonus_v1
1989,Southwest,132.139262,1985,1988,4,108,coe2_bonus_v1
1989,ACC,125.451361,1985,1988,4,110,coe2_bonus_v1
1989,Western Athletic,115.107794,1985,1988,4,123,coe2_bonus_v1
1989,Mid-American,47.885522,1985,1988,4,69,coe2_bonus_v1
1989,PCAA,32.5016,1985,1988,3,47,coe2_bonus_v1
1989,Big West,11.343327,1985,1988,1,21,coe2_bonus_v1
1989,Missouri Valley,4.690757,1985,1988,1,7,coe2_bonus_v1
1990,FBS Independents,547.269765,1985,1989,5,452,coe2_bonus_v1
1990,SEC,333.037496,1985,1989,5,235,coe2_bonus_v1
1990,Pac-10,227.187961,1985,1989,5,164,coe2_bonus_v1
1990,Big Ten,203.43974,1985,1989,5,170,coe2_bonus_v1
1990,Big 8,178.065853,1985,1989,5,154,coe2_bonus_v1
1990,Southwest,167.705075,1985,1989,5,136,coe2_bonus_v1
1990,ACC,159.955048,1985,1989,5,141,coe2_bonus_v1
1990,Western Athletic,143.150539,1985,1989,5,157,coe2_bonus_v1
1990,Mid-American,47.958969,1985,1989,5,92,coe2_bonus_v1
1990,PCAA,29.901472,1985,1989,3,47,coe2_bonus_v1
1990,Big West,22.523032,1985,1989,2,39,coe2_bonus_v1
1990,Missouri Valley,4.315496,1985,1989,1,7,coe2_bonus_v1
1991,FBS Independents,572.743465,1986,1990,5,469,coe2_bonus_v1
1991,SEC,302.516931,1986,1990,5,224,coe2_bonus_v1
1991,Pac-10,228.621626,1986,1990,5,167,coe2_bonus_v1
1991,Big Ten,189.463298,1986,1990,5,172,coe2_bonus_v1
1991,Big 8,184.047664,1986,1990,5,156,coe2_bonus_v1
1991,ACC,176.560431,1986,1990,5,140,coe2_bonus_v1
1991,Southwest,164.8344,1986,1990,5,135,coe2_bonus_v1
1991,Western Athletic,147.113868,1986,1990,5,157,coe2_bonus_v1
1991,Mid-American,57.377014,1986,1990,5,99,coe2_bonus_v1
1991,Big West,39.033342,1986,1990,3,58,coe2_bonus_v1
1991,PCAA,20.858285,1986,1990,2,31,coe2_bonus_v1
1992,FBS Independents,570.074997,1987,1991,5,486,coe2_bonus_v1
1992,SEC,297.67077,1987,1991,5,213,coe2_bonus_v1
1992,Pac-10,216.776017,1987,1991,5,165,coe2_bonus_v1
1992,Big 8,189.833511,1987,1991,5,159,coe2_bonus_v1
1992,Big Ten,187.619915,1987,1991,5,170,coe2_bonus_v1
1992,ACC,178.592967,1987,1991,5,140,coe2_bonus_v1
1992,Southwest,165.141306,1987,1991,5,138,coe2_bonus_v1
1992,Western Athletic,149.987605,1987,1991,5,158,coe2_bonus_v1
1992,Big East,76.313209,1987,1991,1,50,coe2_bonus_v1
1992,Mid-American,76.002517,1987,1991,5,106,coe2_bonus_v1
1992,Big West,52.713997,1987,1991,4,78,coe2_bonus_v1
1992,PCAA,8.945573,1987,1991,1,15,coe2_bonus_v1
1993,FBS Independents,506.954782,1988,1992,5,484,coe2_bonus_v1
1993,SEC,295.358054,1988,1992,5,200,coe2_bonus_v1
1993,Pac-10,224.550666,1988,1992,5,164,coe2_bonus_v1
1993,Big 8,189.393389,1988,1992,5,159,coe2_bonus_v1
1993,ACC,188.981037,1988,1992,5,138,coe2_bonus_v1
1993,Big Ten,179.16141,1988,1992,5,171,coe2_bonus_v1
1993,Western Athletic,173.537383,1988,1992,5,164,coe2_bonus_v1
1993,Southwest,171.212661,1988,1992,5,142,coe2_bonus_v1
1993,Big East,129.632301,1988,1992,2,96,coe2_bonus_v1
1993,Mid-American,87.881787,1988,1992,5,111,coe2_bonus_v1
1993,Big West,70.543478,1988,1992,5,95,coe2_bonus_v1
1994,FBS Independents,451.69274,1989,1993,5,465,coe2_bonus_v1
1994,SEC,308.766218,1989,1993,5,201,coe2_bonus_v1
1994,Pac-10,218.673694,1989,1993,5,164,coe2_bonus_v1
1994,Big Ten,211.192626,1989,1993,5,174,coe2_bonus_v1
1994,Big 8,198.042176,1989,1993,5,157,coe2_bonus_v1
1994,ACC,194.082452,1989,1993,5,144,coe2_bonus_v1
1994,Big East,178.412182,1989,1993,3,130,coe2_bonus_v1
1994,Southwest,167.846933,1989,1993,5,147,coe2_bonus_v1
1994,Western Athletic,163.269432,1989,1993,5,166,coe2_bonus_v1
1994,Big West,82.434884,1989,1993,5,110,coe2_bonus_v1
1994,Mid-American,81.727715,1989,1993,5,116,coe2_bonus_v1
1995,FBS Independents,374.184583,1990,1994,5,435,coe2_bonus_v1
1995,SEC,303.234718,1990,1994,5,197,coe2_bonus_v1
1995,Big Ten,233.862603,1990,1994,5,179,coe2_bonus_v1
1995,Big East,220.869973,1990,1994,4,166,coe2_bonus_v1
1995,Pac-10,217.772047,1990,1994,5,164,coe2_bonus_v1
1995,Big 8,211.364541,1990,1994,5,159,coe2_bonus_v1
1995,ACC,192.471069,1990,1994,5,140,coe2_bonus_v1
1995,Western Athletic,184.370508,1990,1994,5,167,coe2_bonus_v1
1995,Southwest,173.007682,1990,1994,5,155,coe2_bonus_v1
1995,Big West,88.62637,1990,1994,5,127,coe2_bonus_v1
1995,Mid-American,84.678092,1990,1994,5,113,coe2_bonus_v1
1996,FBS Independents,355.522251,1991,1995,5,410,coe2_bonus_v1
1996,SEC,311.340067,1991,1995,5,197,coe2_bonus_v1
1996,Big Ten,262.516311,1991,1995,5,185,coe2_bonus_v1
1996,Big East,241.703178,1991,1995,5,200,coe2_bonus_v1
1996,Big 8,222.637132,1991,1995,5,159,coe2_bonus_v1
1996,Pac-10,207.68267,1991,1995,5,157,coe2_bonus_v1
1996,Western Athletic,180.903276,1991,1995,5,168,coe2_bonus_v1
1996,Southwest,178.830627,1991,1995,5,164,coe2_bonus_v1
1996,ACC,175.033649,1991,1995,5,138,coe2_bonus_v1
1996,Mid-American,89.345591,1991,1995,5,115,coe2_bonus_v1
1996,Big West,87.098858,1991,1995,5,143,coe2_bonus_v1
1997,FBS Independents,337.536376,1992,1996,5,367,coe2_bonus_v1
1997,SEC,304.616833,1992,1996,5,194,coe2_bonus_v1
1997,Big Ten,287.822478,1992,1996,5,193,coe2_bonus_v1
1997,Big East,219.011081,1992,1996,5,185,coe2_bonus_v1
1997,Pac-10,214.674887,1992,1996,5,159,coe2_bonus_v1
1997,Western Athletic,200.249182,1992,1996,5,185,coe2_bonus_v1
1997,Big 8,176.855182,1992,1996,4,128,coe2_bonus_v1
1997,ACC,162.537282,1992,1996,5,136,coe2_bonus_v1
1997,Southwest,139.446637,1992,1996,4,135,coe2_bonus_v1
1997,Big West,85.365826,1992,1996,5,143,coe2_bonus_v1
1997,Mid-American,69.083596,1992,1996,5,115,coe2_bonus_v1
1997,Big 12,58.858453,1992,1996,1,41,coe2_bonus_v1
1997,Conference USA,45.719647,1992,1996,1,35,coe2_bonus_v1
1998,SEC,323.608877,1993,1997,5,197,coe2_bonus_v1
1998,FBS Independents,318.823837,1993,1997,5,339,coe2_bonus_v1
1998,Big Ten,307.032156,1993,1997,5,202,coe2_bonus_v1
1998,Pac-10,234.957491,1993,1997,5,162,coe2_bonus_v1
1998,Western Athletic,206.456456,1993,1997,5,201,coe2_bonus_v1
1998,Big East,192.880224,1993,1997,5,175,coe2_bonus_v1
1998,ACC,176.311407,1993,1997,5,139,coe2_bonus_v1
1998,Big 8,133.700631,1993,1997,3,98,coe2_bonus_v1
1998,Big 12,119.878156,1993,1997,2,84,coe2_bonus_v1
1998,Southwest,98.7499,1993,1997,3,103,coe2_bonus_v1
1998,Conference USA,86.049584,1993,1997,2,72,coe2_bonus_v1
1998,Big West,76.674687,1993,1997,5,153,coe2_bonus_v1
1998,Mid-American,68.749695,1993,1997,5,119,coe2_bonus_v1
1999,SEC,323.496738,1994,1998,5,200,coe2_bonus_v1
1999,Big Ten,312.190381,1994,1998,5,204,coe2_bonus_v1
1999,FBS Independents,287.936847,1994,1998,5,324,coe2_bonus_v1
1999,Pac-10,242.859945,1994,1998,5,168,coe2_bonus_v1
1999,Western Athletic,224.735515,1994,1998,5,225,coe2_bonus_v1
1999,Big 12,191.7016,1994,1998,3,128,coe2_bonus_v1
1999,ACC,185.670741,1994,1998,5,138,coe2_bonus_v1
1999,Big East,185.352534,1994,1998,5,173,coe2_bonus_v1
1999,Conference USA,122.799323,1994,1998,3,113,coe2_bonus_v1
1999,Big 8,86.904462,1994,1998,2,65,coe2_bonus_v1
1999,Mid-American,84.815223,1994,1998,5,128,coe2_bonus_v1
1999,Big West,81.04648,1994,1998,5,147,coe2_bonus_v1
1999,Southwest,71.620261,1994,1998,2,71,coe2_bonus_v1
2000,SEC,324.483983,1995,1999,5,204,coe2_bonus_v1
2000,Big Ten,323.85712,1995,1999,5,206,coe2_bonus_v1
2000,FBS Independents,267.696725,1995,1999,5,304,coe2_bonus_v1
2000,Big 12,244.739572,1995,1999,4,171,coe2_bonus_v1
2000,Pac-10,237.928815,1995,1999,5,171,coe2_bonus_v1
2000,Western Athletic,203.828781,1995,1999,5,223,coe2_bonus_v1
2000,ACC,191.255182,1995,1999,5,140,coe2_bonus_v1
2000,Big East,178.592027,1995,1999,5,171,coe2_bonus_v1
2000,Conference USA,175.51641,1995,1999,4,158,coe2_bonus_v1
2000,Mid-American,91.307996,1995,1999,5,140,coe2_bonus_v1
2000,Big West,89.649878,1995,1999,5,144,coe2_bonus_v1
2000,Mountain West,47.586021,1995,1999,1,31,coe2_bonus_v1
2000,Big 8,44.022563,1995,1999,1,32,coe2_bonus_v1
2000,Southwest,33.597941,1995,1999,1,35,coe2_bonus_v1
2001,SEC,323.337112,1996,2000,5,207,coe2_bonus_v1
2001,Big Ten,308.073193,1996,2000,5,208,coe2_bonus_v1
2001,Big 12,296.116528,1996,2000,5,214,coe2_bonus_v1
2001,Pac-10,263.120819,1996,2000,5,177,coe2_bonus_v1
2001,FBS Independents,218.293784,1996,2000,5,279,coe2_bonus_v1
2001,Conference USA,212.816312,1996,2000,5,195,coe2_bonus_v1
2001,Big East,207.744534,1996,2000,5,171,coe2_bonus_v1
2001,ACC,201.680826,1996,2000,5,144,coe2_bonus_v1
2001,Western Athletic,195.060558,1996,2000,5,224,coe2_bonus_v1
2001,Mid-American,96.078248,1996,2000,5,151,coe2_bonus_v1
2001,Big West,91.745094,1996,2000,5,138,coe2_bonus_v1
2001,Mountain West,86.144353,1996,2000,2,66,coe2_bonus_v1
2002,SEC,327.494015,1997,2001,5,209,coe2_bonus_v1
2002,Big 12,303.96829,1997,2001,5,211,coe2_bonus_v1
2002,Big Ten,288.873295,1997,2001,5,204,coe2_bonus_v1
2002,Pac-10,269.080202,1997,2001,5,177,coe2_bonus_v1
2002,Big East,223.020307,1997,2001,5,172,coe2_bonus_v1
2002,ACC,213.971167,1997,2001,5,148,coe2_bonus_v1
2002,Conference USA,199.113115,1997,2001,5,200,coe2_bonus_v1
2002,FBS Independents,181.398298,1997,2001,5,262,coe2_bonus_v1
2002,Western Athletic,178.69312,1997,2001,5,210,coe2_bonus_v1
2002,Mountain West,126.209511,1997,2001,3,101,coe2_bonus_v1
2002,Mid-American,119.99857,1997,2001,5,161,coe2_bonus_v1
2002,Big West,73.656107,1997,2001,4,118,coe2_bonus_v1
2002,Sun Belt,8.494149,1997,2001,1,29,coe2_bonus_v1
2003,SEC,326.071778,1998,2002,5,217,coe2_bonus_v1
2003,Big 12,325.257796,1998,2002,5,220,coe2_bonus_v1
2003,Big Ten,314.674863,1998,2002,5,211,coe2_bonus_v1
2003,Pac-10,267.860785,1998,2002,5,183,coe2_bonus_v1
2003,Big East,257.392481,1998,2002,5,177,coe2_bonus_v1
2003,ACC,237.201957,1998,2002,5,163,coe2_bonus_v1
2003,FBS Independents,198.765095,1998,2002,5,254,coe2_bonus_v1
2003,Conference USA,193.786518,1998,2002,5,204,coe2_bonus_v1
2003,Western Athletic,166.169977,1998,2002,5,200,coe2_bonus_v1
2003,Mountain West,160.848301,1998,2002,4,144,coe2_bonus_v1
2003,Mid-American,125.942108,1998,2002,5,175,coe2_bonus_v1
2003,Big West,59.413955,1998,2002,3,91,coe2_bonus_v1
2003,Sun Belt,35.408935,1998,2002,2,67,coe2_bonus_v1
2004,SEC,332.656351,1999,2003,5,225,coe2_bonus_v1
2004,Big 12,327.02584,1999,2003,5,226,coe2_bonus_v1
2004,Big Ten,318.769647,1999,2003,5,220,coe2_bonus_v1
2004,Pac-10,278.262781,1999,2003,5,190,coe2_bonus_v1
2004,Big East,275.062135,1999,2003,5,188,coe2_bonus_v1
2004,ACC,250.075503,1999,2003,5,172,coe2_bonus_v1
2004,FBS Independents,216.063201,1999,2003,5,242,coe2_bonus_v1
2004,Mountain West,201.637422,1999,2003,5,180,coe2_bonus_v1
2004,Conference USA,200.822187,1999,2003,5,207,coe2_bonus_v1
2004,Western Athletic,155.547759,1999,2003,5,183,coe2_bonus_v1
2004,Mid-American,132.169967,1999,2003,5,185,coe2_bonus_v1
2004,Sun Belt,41.468924,1999,2003,3,105,coe2_bonus_v1
2004,Big West,36.872165,1999,2003,2,61,coe2_bonus_v1
2005,Big 12,331.321795,2000,2004,5,222,coe2_bonus_v1
2005,SEC,318.081252,2000,2004,5,221,coe2_bonus_v1
2005,Big Ten,304.990772,2000,2004,5,219,coe2_bonus_v1
2005,Pac-10,283.161557,2000,2004,5,189,coe2_bonus_v1
2005,Big East,273.778856,2000,2004,5,188,coe2_bonus_v1
2005,ACC,251.381058,2000,2004,5,177,coe2_bonus_v1
2005,FBS Independents,210.665771,2000,2004,5,214,coe2_bonus_v1
2005,Mountain West,192.866642,2000,2004,5,180,coe2_bonus_v1
2005,Conference USA,183.674955,2000,2004,5,197,coe2_bonus_v1
2005,Western Athletic,159.395824,2000,2004,5,182,coe2_bonus_v1
2005,Mid-American,121.70382,2000,2004,5,192,coe2_bonus_v1
2005,Sun Belt,54.752307,2000,2004,4,138,coe2_bonus_v1
2005,Big West,14.964016,2000,2004,1,29,coe2_bonus_v1
2006,Big 12,325.773523,2001,2005,5,213,coe2_bonus_v1
2006,Big Ten,315.414436,2001,2005,5,216,coe2_bonus_v1
2006,SEC,305.967026,2001,2005,5,213,coe2_bonus_v1
2006,ACC,275.776728,2001,2005,5,188,coe2_bonus_v1
2006,Pac-10,266.883458,2001,2005,5,184,coe2_bonus_v1
2006,Big East,243.583466,2001,2005,5,184,coe2_bonus_v1
2006,FBS Independents,222.378004,2001,2005,5,206,coe2_bonus_v1
2006,Mountain West,187.49912,2001,2005,5,176,coe2_bonus_v1
2006,Conference USA,170.69381,2001,2005,5,195,coe2_bonus_v1
2006,Western Athletic,144.576446,2001,2005,5,180,coe2_bonus_v1
2006,Mid-American,122.346212,2001,2005,5,192,coe2_bonus_v1
2006,Sun Belt,54.070011,2001,2005,5,163,coe2_bonus_v1
2007,SEC,329.718516,2002,2006,5,223,coe2_bonus_v1
2007,Big Ten,325.261374,2002,2006,5,222,coe2_bonus_v1
2007,Big 12,319.742654,2002,2006,5,220,coe2_bonus_v1
2007,ACC,281.796653,2002,2006,5,204,coe2_bonus_v1
2007,Big East,266.565324,2002,2006,5,187,coe2_bonus_v1
2007,Pac-10,257.71705,2002,2006,5,183,coe2_bonus_v1
2007,FBS Independents,227.306888,2002,2006,5,198,coe2_bonus_v1
2007,Mountain West,183.898889,2002,2006,5,175,coe2_bonus_v1
2007,Conference USA,178.125887,2002,2006,5,201,coe2_bonus_v1
2007,Western Athletic,148.418097,2002,2006,5,180,coe2_bonus_v1
2007,Mid-American,125.404282,2002,2006,5,204,coe2_bonus_v1
2007,Sun Belt,62.565847,2002,2006,5,171,coe2_bonus_v1
2008,SEC,342.222939,2003,2007,5,219,coe2_bonus_v1
2008,Big 12,322.193537,2003,2007,5,216,coe2_bonus_v1
2008,Big Ten,319.023735,2003,2007,5,216,coe2_bonus_v1
2008,ACC,281.775758,2003,2007,5,209,coe2_bonus_v1
2008,Big East,264.421902,2003,2007,5,185,coe2_bonus_v1
2008,Pac-10,252.369297,2003,2007,5,176,coe2_bonus_v1
2008,FBS Independents,192.57876,2003,2007,5,172,coe2_bonus_v1
2008,Mountain West,191.308396,2003,2007,5,168,coe2_bonus_v1
2008,Conference USA,173.032373,2003,2007,5,206,coe2_bonus_v1
2008,Western Athletic,132.783344,2003,2007,5,168,coe2_bonus_v1
2008,Mid-American,125.936149,2003,2007,5,214,coe2_bonus_v1
2008,Sun Belt,60.832576,2003,2007,5,169,coe2_bonus_v1
2009,SEC,345.293022,2004,2008,5,213,coe2_bonus_v1
2009,Big 12,323.251722,2004,2008,5,211,coe2_bonus_v1
2009,Big Ten,299.601776,2004,2008,5,207,coe2_bonus_v1
2009,ACC,291.596495,2004,2008,5,214,coe2_bonus_v1
2009,Big East,267.361385,2004,2008,5,182,coe2_bonus_v1
2009,Pac-10,228.69582,2004,2008,5,166,coe2_bonus_v1
2009,Mountain West,201.329704,2004,2008,5,166,coe2_bonus_v1
2009,FBS Independents,183.008897,2004,2008,5,162,coe2_bonus_v1
2009,Conference USA,171.282314,2004,2008,5,209,coe2_bonus_v1
2009,Mid-American,135.015111,2004,2008,5,221,coe2_bonus_v1
2009,Western Athletic,131.123043,2004,2008,5,164,coe2_bonus_v1
2009,Sun Belt,69.958573,2004,2008,5,165,coe2_bonus_v1
2010,SEC,374.078506,2005,2009,5,223,coe2_bonus_v1
2010,Big 12,324.374251,2005,2009,5,219,coe2_bonus_v1
2010,Big Ten,301.585353,2005,2009,5,210,coe2_bonus_v1
2010,ACC,292.580499,2005,2009,5,221,coe2_bonus_v1
2010,Big East,282.560098,2005,2009,5,184,coe2_bonus_v1
2010,Pac-10,222.00368,2005,2009,5,164,coe2_bonus_v1
2010,Mountain West,211.779138,2005,2009,5,170,coe2_bonus_v1
2010,FBS Independents,191.721555,2005,2009,5,174,coe2_bonus_v1
2010,Conference USA,170.846626,2005,2009,5,219,coe2_bonus_v1
2010,Mid-American,147.570202,2005,2009,5,230,coe2_bonus_v1
2010,Western Athletic,138.178078,2005,2009,5,168,coe2_bonus_v1
2010,Sun Belt,73.650547,2005,2009,5,166,coe2_bonus_v1
2011,SEC,392.711999,2006,2010,5,235,coe2_bonus_v1
2011,Big 12,343.898459,2006,2010,5,233,coe2_bonus_v1
2011,Big Ten,302.075194,2006,2010,5,213,coe2_bonus_v1
2011,Big East,286.781668,2006,2010,5,191,coe2_bonus_v1
2011,ACC,285.764251,2006,2010,5,224,coe2_bonus_v1
2011,Mountain West,214.101562,2006,2010,5,177,coe2_bonus_v1
2011,Pac-10,213.191065,2006,2010,5,162,coe2_bonus_v1
2011,FBS Independents,202.64399,2006,2010,5,166,coe2_bonus_v1
2011,Conference USA,183.724656,2006,2010,5,232,coe2_bonus_v1
2011,Western Athletic,164.008431,2006,2010,5,173,coe2_bonus_v1
2011,Mid-American,143.258122,2006,2010,5,242,coe2_bonus_v1
2011,Sun Belt,76.681023,2006,2010,5,178,coe2_bonus_v1
2012,SEC,387.461745,2007,2011,5,231,coe2_bonus_v1
2012,Big 12,346.540876,2007,2011,5,220,coe2_bonus_v1
2012,Big Ten,309.714563,2007,2011,5,217,coe2_bonus_v1
2012,ACC,283.155983,2007,2011,5,220,coe2_bonus_v1
2012,Big East,263.990874,2007,2011,5,189,coe2_bonus_v1
2012,Mountain West,213.84314,2007,2011,5,179,coe2_bonus_v1
2012,FBS Independents,210.517433,2007,2011,5,169,coe2_bonus_v1
2012,Conference USA,192.826155,2007,2011,5,233,coe2_bonus_v1
2012,Pac-10,160.822665,2007,2011,4,130,coe2_bonus_v1
2012,Western Athletic,156.940713,2007,2011,5,179,coe2_bonus_v1
2012,Mid-American,150.059375,2007,2011,5,239,coe2_bonus_v1
2012,Sun Belt,87.853531,2007,2011,5,176,coe2_bonus_v1
2012,Pac-12,49.757675,2007,2011,1,34,coe2_bonus_v1
2013,SEC,387.958479,2008,2012,5,232,coe2_bonus_v1
2013,Big 12,310.938616,2008,2012,5,201,coe2_bonus_v1
2013,Big Ten,299.416344,2008,2012,5,218,coe2_bonus_v1
2013,ACC,258.764944,2008,2012,5,211,coe2_bonus_v1
2013,Big East,255.176893,2008,2012,5,184,coe2_bonus_v1
2013,FBS Independents,238.177942,2008,2012,5,179,coe2_bonus_v1
2013,Mountain West,192.151868,2008,2012,5,178,coe2_bonus_v1
2013,Conference USA,182.053895,2008,2012,5,232,coe2_bonus_v1
2013,Mid-American,173.40611,2008,2012,5,231,coe2_bonus_v1
2013,Western Athletic,170.979106,2008,2012,5,176,coe2_bonus_v1
2013,Pac-10,107.968674,2008,2012,3,95,coe2_bonus_v1
2013,Pac-12,105.180614,2008,2012,2,69,coe2_bonus_v1
2013,Sun Belt,104.907538,2008,2012,5,174,coe2_bonus_v1
2014,SEC,403.564571,2009,2013,5,238,coe2_bonus_v1
2014,Big Ten,313.369249,2009,2013,5,222,coe2_bonus_v1
2014,Big 12,279.213992,2009,2013,5,183,coe2_bonus_v1
2014,ACC,272.896672,2009,2013,5,219,coe2_bonus_v1
2014,FBS Independents,253.724519,2009,2013,5,209,coe2_bonus_v1
2014,Big East,188.839347,2009,2013,4,144,coe2_bonus_v1
2014,Conference USA,187.269914,2009,2013,5,240,coe2_bonus_v1
2014,Mountain West,177.118626,2009,2013,5,188,coe2_bonus_v1
2014,Pac-12,172.229493,2009,2013,3,105,coe2_bonus_v1
2014,Mid-American,159.372079,2009,2013,5,228,coe2_bonus_v1
2014,Western Athletic,134.757267,2009,2013,4,141,coe2_bonus_v1
2014,Sun Belt,125.162623,2009,2013,5,170,coe2_bonus_v1
2014,Pac-10,69.714361,2009,2013,2,61,coe2_bonus_v1
2014,American Athletic,44.575789,2009,2013,1,36,coe2_bonus_v1
2015,SEC,412.271191,2010,2014,5,243,coe2_bonus_v1
2015,Big Ten,341.131042,2010,2014,5,235,coe2_bonus_v1
2015,ACC,289.436845,2010,2014,5,228,coe2_bonus_v1
2015,FBS Independents,265.556384,2010,2014,5,219,coe2_bonus_v1
2015,Big 12,250.2471,2010,2014,5,165,coe2_bonus_v1
2015,Pac-12,234.195741,2010,2014,4,143,coe2_bonus_v1
2015,Conference USA,200.425131,2010,2014,5,239,coe2_bonus_v1
2015,Mountain West,187.939827,2010,2014,5,201,coe2_bonus_v1
2015,Mid-American,154.272922,2010,2014,5,223,coe2_bonus_v1
2015,Big East,127.602232,2010,2014,3,108,coe2_bonus_v1
2015,Sun Belt,116.239136,2010,2014,5,168,coe2_bonus_v1
2015,Western Athletic,95.095421,2010,2014,3,105,coe2_bonus_v1
2015,American Athletic,72.765899,2010,2014,2,77,coe2_bonus_v1
2015,Pac-10,31.4839,2010,2014,1,28,coe2_bonus_v1
2016,SEC,424.897096,2011,2015,5,249,coe2_bonus_v1
2016,Big Ten,372.793072,2011,2015,5,252,coe2_bonus_v1
2016,Pac-12,289.138186,2011,2015,5,182,coe2_bonus_v1
2016,ACC,286.955545,2011,2015,5,234,coe2_bonus_v1
2016,FBS Independents,256.55813,2011,2015,5,223,coe2_bonus_v1
2016,Big 12,220.826692,2011,2015,5,146,coe2_bonus_v1
2016,Conference USA,189.731415,2011,2015,5,235,coe2_bonus_v1
2016,Mountain West,180.297072,2011,2015,5,208,coe2_bonus_v1
2016,Mid-American,172.014795,2011,2015,5,226,coe2_bonus_v1
2016,American Athletic,130.082932,2011,2015,3,122,coe2_bonus_v1
2016,Sun Belt,122.880893,2011,2015,5,169,coe2_bonus_v1
2016,Big East,83.613758,2011,2015,2,71,coe2_bonus_v1
2016,Western Athletic,54.856987,2011,2015,2,69,coe2_bonus_v1
2017,SEC,421.949663,2012,2016,5,258,coe2_bonus_v1
2017,Big Ten,364.123163,2012,2016,5,248,coe2_bonus_v1
2017,ACC,331.943406,2012,2016,5,245,coe2_bonus_v1
2017,Pac-12,288.302075,2012,2016,5,182,coe2_bonus_v1
2017,FBS Independents,249.857415,2012,2016,5,222,coe2_bonus_v1
2017,Big 12,197.388416,2012,2016,5,142,coe2_bonus_v1
2017,Mountain West,189.97533,2012,2016,5,217,coe2_bonus_v1
2017,American Athletic,178.961982,2012,2016,4,165,coe2_bonus_v1
2017,Conference USA,175.646855,2012,2016,5,235,coe2_bonus_v1
2017,Mid-American,173.837537,2012,2016,5,222,coe2_bonus_v1
2017,Sun Belt,136.694753,2012,2016,5,174,coe2_bonus_v1
2017,Big East,40.387843,2012,2016,1,34,coe2_bonus_v1
2017,Western Athletic,29.290867,2012,2016,1,28,coe2_bonus_v1
2018,SEC,421.1723,2013,2017,5,262,coe2_bonus_v1
2018,Big Ten,384.309296,2013,2017,5,250,coe2_bonus_v1
2018,ACC,353.678016,2013,2017,5,256,coe2_bonus_v1
2018,Pac-12,280.011587,2013,2017,5,184,coe2_bonus_v1
2018,FBS Independents,253.765721,2013,2017,5,226,coe2_bonus_v1
2018,American Athletic,223.958292,2013,2017,5,207,coe2_bonus_v1
2018,Big 12,202.885924,2013,2017,5,144,coe2_bonus_v1
2018,Mountain West,202.098586,2013,2017,5,226,coe2_bonus_v1
2018,Conference USA,196.185247,2013,2017,5,243,coe2_bonus_v1
2018,Mid-American,156.543315,2013,2017,5,220,coe2_bonus_v1
2018,Sun Belt,129.390853,2013,2017,5,178,coe2_bonus_v1
2019,SEC,419.523835,2014,2018,5,263,coe2_bonus_v1
2019,Big Ten,380.881952,2014,2018,5,253,coe2_bonus_v1
2019,ACC,342.533278,2014,2018,5,256,coe2_bonus_v1
2019,FBS Independents,260.812828,2014,2018,5,214,coe2_bonus_v1
2019,Pac-12,255.961387,2014,2018,5,182,coe2_bonus_v1
2019,American Athletic,223.886825,2014,2018,5,214,coe2_bonus_v1
2019,Mountain West,216.185506,2014,2018,5,224,coe2_bonus_v1
2019,Big 12,208.324325,2014,2018,5,145,coe2_bonus_v1
2019,Conference USA,187.752013,2014,2018,5,235,coe2_bonus_v1
2019,Mid-American,155.163933,2014,2018,5,219,coe2_bonus_v1
2019,Sun Belt,133.446438,2014,2018,5,181,coe2_bonus_v1
2020,SEC,405.752678,2015,2019,5,262,coe2_bonus_v1
2020,Big Ten,373.697692,2015,2019,5,245,coe2_bonus_v1
2020,ACC,328.046524,2015,2019,5,256,coe2_bonus_v1
2020,American Athletic,266.504276,2015,2019,5,218,coe2_bonus_v1
2020,FBS Independents,256.925892,2015,2019,5,229,coe2_bonus_v1
2020,Pac-12,242.839091,2015,2019,5,179,coe2_bonus_v1
2020,Mountain West,226.991085,2015,2019,5,220,coe2_bonus_v1
2020,Big 12,204.110427,2015,2019,5,143,coe2_bonus_v1
2020,Conference USA,178.027796,2015,2019,5,242,coe2_bonus_v1
2020,Sun Belt,156.762219,2015,2019,5,184,coe2_bonus_v1
2020,Mid-American,152.323764,2015,2019,5,220,coe2_bonus_v1
2021,SEC,325.089462,2016,2020,5,218,coe2_bonus_v1
2021,FBS Independents,289.418742,2016,2020,5,237,coe2_bonus_v1
2021,Big Ten,281.556827,2016,2020,5,191,coe2_bonus_v1
2021,ACC,276.533441,2016,2020,5,229,coe2_bonus_v1
2021,American Athletic,226.53709,2016,2020,5,194,coe2_bonus_v1
2021,Mountain West,193.713394,2016,2020,5,183,coe2_bonus_v1
2021,Pac-12,177.675775,2016,2020,5,143,coe2_bonus_v1
2021,Big 12,176.093324,2016,2020,5,125,coe2_bonus_v1
2021,Sun Belt,174.554246,2016,2020,5,176,coe2_bonus_v1
2021,Conference USA,159.178615,2016,2020,5,231,coe2_bonus_v1
2021,Mid-American,114.756052,2016,2020,5,173,coe2_bonus_v1
2022,SEC,345.816771,2017,2021,5,220,coe2_bonus_v1
2022,FBS Independents,310.105589,2017,2021,5,263,coe2_bonus_v1
2022,Big Ten,297.319944,2017,2021,5,192,coe2_bonus_v1
2022,ACC,244.630458,2017,2021,5,221,coe2_bonus_v1
2022,American Athletic,222.843919,2017,2021,5,189,coe2_bonus_v1
2022,Mountain West,214.446533,2017,2021,5,182,coe2_bonus_v1
2022,Big 12,189.308623,2017,2021,5,125,coe2_bonus_v1
2022,Sun Belt,174.718393,2017,2021,5,171,coe2_bonus_v1
2022,Conference USA,163.681456,2017,2021,5,234,coe2_bonus_v1
2022,Pac-12,152.948558,2017,2021,5,141,coe2_bonus_v1
2022,Mid-American,116.715424,2017,2021,5,176,coe2_bonus_v1
2023,SEC,361.318279,2018,2022,5,222,coe2_bonus_v1
2023,FBS Independents,323.119102,2018,2022,5,281,coe2_bonus_v1
2023,Big Ten,284.69694,2018,2022,5,187,coe2_bonus_v1
2023,ACC,251.774445,2018,2022,5,220,coe2_bonus_v1
2023,American Athletic,220.300386,2018,2022,5,188,coe2_bonus_v1
2023,Mountain West,205.35084,2018,2022,5,181,coe2_bonus_v1
2023,Sun Belt,198.959624,2018,2022,5,178,coe2_bonus_v1
2023,Big 12,191.703491,2018,2022,5,125,coe2_bonus_v1
2023,Pac-12,160.906944,2018,2022,5,137,coe2_bonus_v1
2023,Conference USA,158.481607,2018,2022,5,221,coe2_bonus_v1
2023,Mid-American,119.837748,2018,2022,5,176,coe2_bonus_v1
2024,SEC,353.607871,2019,2023,5,220,coe2_bonus_v1
2024,FBS Independents,293.832963,2019,2023,5,271,coe2_bonus_v1
2024,Big Ten,293.286099,2019,2023,5,184,coe2_bonus_v1
2024,ACC,271.968377,2019,2023,5,223,coe2_bonus_v1
2024,Sun Belt,225.432466,2019,2023,5,197,coe2_bonus_v1
2024,American Athletic,211.582188,2019,2023,5,194,coe2_bonus_v1
2024,Big 12,205.772868,2019,2023,5,135,coe2_bonus_v1
2024,Mountain West,200.023517,2019,2023,5,182,coe2_bonus_v1
2024,Pac-12,188.824444,2019,2023,5,139,coe2_bonus_v1
2024,Conference USA,147.244803,2019,2023,5,200,coe2_bonus_v1
2024,Mid-American,126.830891,2019,2023,5,173,coe2_bonus_v1
2025,SEC,386.310999,2020,2024,5,233,coe2_bonus_v1
2025,Big Ten,318.023718,2020,2024,5,195,coe2_bonus_v1
2025,ACC,301.699232,2020,2024,5,238,coe2_bonus_v1
2025,FBS Independents,287.753969,2020,2024,5,250,coe2_bonus_v1
2025,Sun Belt,229.014836,2020,2024,5,210,coe2_bonus_v1
2025,Big 12,227.087409,2020,2024,5,147,coe2_bonus_v1
2025,American Athletic,196.433712,2020,2024,5,197,coe2_bonus_v1
2025,Mountain West,196.358714,2020,2024,5,190,coe2_bonus_v1
2025,Pac-12,162.625505,2020,2024,5,125,coe2_bonus_v1
2025,Mid-American,140.3363,2020,2024,5,173,coe2_bonus_v1
2025,Conference USA,136.897792,2020,2024,5,182,coe2_bonus_v1
2026,SEC,455.702171,2021,2025,5,287,coe2_bonus_v1
2026,Big Ten,388.997083,2021,2025,5,245,coe2_bonus_v1
2026,ACC,359.068524,2021,2025,5,277,coe2_bonus_v1
2026,Big 12,263.083704,2021,2025,5,174,coe2_bonus_v1
2026,FBS Independents,254.204589,2021,2025,5,230,coe2_bonus_v1
2026,American Athletic,245.476488,2021,2025,5,226,coe2_bonus_v1
2026,Sun Belt,226.158745,2021,2025,5,229,coe2_bonus_v1
2026,Mountain West,220.386935,2021,2025,5,225,coe2_bonus_v1
2026,Pac-12,163.204224,2021,2025,5,141,coe2_bonus_v1
2026,Mid-American,147.539568,2021,2025,5,215,coe2_bonus_v1
2026,Conference USA,141.23068,2021,2025,5,185,coe2_bonus_v1
2027,SEC,417.105997,2022,2026,5,261,coe2_bonus_v1
2027,Big Ten,371.542958,2022,2026,5,240,coe2_bonus_v1
2027,ACC,338.967823,2022,2026,5,260,coe2_bonus_v1
2027,Big 12,262.42334,2022,2026,5,176,coe2_bonus_v1
2027,American Athletic,230.671044,2022,2026,5,225,coe2_bonus_v1
2027,Sun Belt,218.839728,2022,2026,5,234,coe2_bonus_v1
2027,FBS Independents,197.62258,2022,2026,5,171,coe2_bonus_v1
2027,Mountain West,178.049559,2022,2026,5,204,coe2_bonus_v1
2027,Pac-12,156.261276,2022,2026,5,133,coe2_bonus_v1
2027,Mid-American,129.091852,2022,2026,5,202,coe2_bonus_v1
2027,Conference USA,120.957171,2022,2026,5,164,coe2_bonus_v1
