team,season_year,as_of,raw_hfa,adjusted_hfa,prior_hfa,fbs_baseline,fcs_prior_used,effective_n,lambda,games_used,weighted_actual_wins,weighted_expected_wins,oldest_game_used,newest_game_used,elo_hfa_points,elo_points_at_bound,raw_elo_hfa_points,raw_points_at_bound
Georgia Southern,2026,2026-10-05,1.298201,1.224767,1.127641,1.127641,False,39.679262,0.569456,59,24.92537,19.199935,2014-09-25,2026-09-26,92.797073,False,124.001037,False
Jacksonville State,2026,2026-10-05,1.381274,1.218909,1.127641,1.127641,False,16.863519,0.359843,19,14.241708,10.310557,2023-08-26,2026-09-26,114.307679,False,226.472788,False
Wyoming,2026,2026-10-05,1.25402,1.215535,1.127641,1.127641,False,68.513902,0.695474,235,38.213107,30.472481,1980-09-13,2026-09-26,81.732554,False,96.412526,False
Hawai'i,2026,2026-10-05,1.241933,1.211411,1.127641,1.127641,False,82.335759,0.732943,292,45.495874,36.633108,1980-10-04,2026-09-13,82.799748,False,94.747917,False
Kennesaw State,2026,2026-10-05,1.460036,1.21097,1.127641,1.127641,False,10.036936,0.250692,11,6.427204,4.402085,2024-09-07,2026-09-12,77.216496,False,172.1019,False
SMU,2026,2026-10-05,1.23788,1.205543,1.127641,1.127641,False,72.271021,0.706662,234,43.405178,35.064115,1980-09-13,2026-10-03,92.505264,False,107.480235,False
Navy,2026,2026-10-05,1.233494,1.199611,1.127641,1.127641,False,63.721897,0.679904,204,38.785118,31.4433,1980-09-20,2025-11-15,86.327117,False,101.457388,False
Arizona State,2026,2026-10-05,1.226977,1.199087,1.127641,1.127641,False,76.853481,0.719242,275,48.898119,39.852529,1980-09-13,2025-11-29,91.374743,False,104.700802,False
Missouri,2026,2026-10-05,1.225219,1.198648,1.127641,1.127641,False,80.16949,0.727692,269,53.293548,43.49715,1980-09-13,2026-10-03,100.776441,False,115.094414,False
Arkansas State,2026,2026-10-05,1.232549,1.1977,1.127641,1.127641,False,60.308772,0.667806,154,36.473923,29.59226,1980-09-20,2026-09-26,85.817675,False,101.404357,False
Kansas State,2026,2026-10-05,1.221537,1.195445,1.127641,1.127641,False,77.960787,0.722121,253,53.693958,43.956066,1980-09-27,2026-09-19,102.265839,False,116.866539,False
NC State,2026,2026-10-05,1.219522,1.194265,1.127641,1.127641,False,79.135164,0.725112,257,52.305556,42.890208,1980-09-27,2026-10-03,94.504897,False,107.453383,False
LSU,2026,2026-10-05,1.215209,1.192478,1.127641,1.127641,False,85.572929,0.740424,294,68.261795,56.172884,1980-09-06,2026-09-26,141.17728,False,160.722177,False
South Carolina,2026,2026-10-05,1.216072,1.192465,1.127641,1.127641,False,82.380637,0.73305,273,47.940868,39.422729,1980-10-04,2026-10-03,82.189615,False,92.421555,False
Oregon,2026,2026-10-05,1.204079,1.182746,1.127641,1.127641,False,77.491287,0.720908,255,65.176281,54.129552,1980-09-06,2026-09-05,150.047012,False,171.932079,False
Florida,2026,2026-10-05,1.202162,1.181503,1.127641,1.127641,False,78.215195,0.722775,277,59.528353,49.517741,1980-09-13,2026-09-26,119.421882,False,134.624382,False
Stanford,2026,2026-10-05,1.200392,1.180333,1.127641,1.127641,False,78.808836,0.724287,268,42.588003,35.478421,1980-09-13,2026-09-27,75.888559,False,84.320745,False
Utah State,2026,2026-10-05,1.203622,1.179346,1.127641,1.127641,False,63.89427,0.680492,191,35.710864,29.669499,1980-10-04,2026-09-26,74.777255,False,84.967766,False
Washington,2026,2026-10-05,1.197727,1.178974,1.127641,1.127641,False,82.121809,0.732434,279,58.595704,48.922435,1980-09-13,2026-09-27,107.386674,False,119.588089,False
Iowa,2026,2026-10-05,1.19496,1.177303,1.127641,1.127641,False,84.376326,0.737708,276,59.936045,50.157355,1980-09-27,2026-10-03,99.65771,False,110.419787,False
Ole Miss,2026,2026-10-05,1.195348,1.177287,1.127641,1.127641,False,82.463537,0.733247,269,55.030172,46.036951,1980-09-06,2026-09-19,96.844729,False,107.24365,False
BYU,2026,2026-10-05,1.194668,1.17505,1.127641,1.127641,False,72.494431,0.707301,260,54.071873,45.260985,1980-09-13,2026-09-12,107.331955,False,120.643876,False
Toledo,2026,2026-10-05,1.195269,1.174956,1.127641,1.127641,False,69.876899,0.69963,235,52.73942,44.123457,1980-09-27,2026-09-26,107.054485,False,120.997746,False
West Virginia,2026,2026-10-05,1.192199,1.173752,1.127641,1.127641,False,74.988135,0.714253,262,47.283483,39.660744,1980-09-06,2026-09-26,81.02234,False,89.903798,False
Iowa State,2026,2026-10-05,1.187585,1.170958,1.127641,1.127641,False,78.157703,0.722627,258,40.48208,34.087738,1980-09-13,2026-10-03,65.605235,False,71.976439,False
Minnesota,2026,2026-10-05,1.185902,1.170498,1.127641,1.127641,False,83.462518,0.735596,273,50.410928,42.508493,1980-09-13,2026-10-03,76.742431,False,83.84092,False
USC,2026,2026-10-05,1.18436,1.169989,1.127641,1.127641,False,88.406455,0.746635,284,67.22428,56.760017,1980-09-20,2026-10-03,107.479592,False,117.666021,False
Michigan,2026,2026-10-05,1.181337,1.168303,1.127641,1.127641,False,93.589257,0.75726,306,76.064911,64.388815,1980-09-13,2026-09-26,131.909671,False,143.905731,False
Texas,2026,2026-10-05,1.181993,1.167993,1.127641,1.127641,False,86.470383,0.742424,286,66.416197,56.190018,1980-09-01,2026-09-20,113.937786,False,124.543324,False
UAB,2026,2026-10-05,1.189432,1.167724,1.127641,1.127641,False,55.392239,0.64868,131,32.538283,27.356146,1996-09-14,2026-09-25,74.042831,False,83.792721,False
California,2026,2026-10-05,1.182736,1.166837,1.127641,1.127641,False,73.957666,0.711421,254,38.010965,32.138172,1980-09-27,2026-09-26,61.752762,False,67.611283,False
Memphis,2026,2026-10-05,1.180478,1.165421,1.127641,1.127641,False,75.269847,0.715018,246,47.704735,40.411363,1980-09-06,2026-09-05,78.218526,False,85.615401,False
Miami (FL),2026,2026-10-05,1.174874,1.161646,1.127641,1.127641,False,77.120466,0.719941,260,56.029929,47.690167,1980-09-27,2026-09-26,96.538645,False,105.088728,False
UTSA,2026,2026-10-05,1.182513,1.161457,1.127641,1.127641,False,48.177676,0.616259,76,31.611307,26.732304,2012-10-20,2026-09-26,83.235724,False,94.606231,False
Oklahoma State,2026,2026-10-05,1.171896,1.159411,1.127641,1.127641,False,76.341653,0.71789,250,48.463422,41.354726,1980-10-04,2026-09-12,81.757493,False,88.420568,False
Ohio,2026,2026-10-05,1.171578,1.157596,1.127641,1.127641,False,64.271459,0.68177,212,43.623447,37.23477,1980-09-20,2026-09-12,84.317329,False,92.249695,False
North Dakota State,2026,2026-10-05,1.577243,1.155644,1.127641,1.127641,False,1.992624,0.062284,2,1.992624,1.263359,2026-08-29,2026-10-03,83.673571,False,400.0,True
Appalachian State,2026,2026-10-05,1.172112,1.153335,1.127641,1.127641,False,41.050949,0.577768,63,31.774992,27.109186,1981-11-07,2026-09-19,102.22664,False,116.410281,False
Texas A&M,2026,2026-10-05,1.162404,1.153235,1.127641,1.127641,False,83.740984,0.736243,273,59.514009,51.199064,1980-09-20,2026-10-03,93.724003,False,99.743648,False
San Jose State,2026,2026-10-05,1.165366,1.153133,1.127641,1.127641,False,62.515903,0.675731,180,31.526525,27.052905,1980-10-11,2026-09-20,58.326805,False,62.958568,False
Arizona,2026,2026-10-05,1.162057,1.152309,1.127641,1.127641,False,75.91418,0.716752,269,40.292594,34.6735,1980-09-20,2026-09-20,61.708735,False,65.653225,False
Delaware,2026,2026-10-05,1.257735,1.151323,1.127641,1.127641,False,6.676389,0.182035,7,4.744235,3.772046,2025-09-13,2026-10-02,67.139934,False,118.49403,False
Texas Tech,2026,2026-10-05,1.160277,1.15083,1.127641,1.127641,False,73.636241,0.710526,251,46.628636,40.187505,1980-09-06,2026-09-26,75.042972,False,79.871055,False
Indiana,2026,2026-10-05,1.158233,1.149775,1.127641,1.127641,False,78.502953,0.72351,265,41.80091,36.090247,1980-09-13,2026-09-26,66.414157,False,70.145334,False
Louisiana Tech,2026,2026-10-05,1.160024,1.149162,1.127641,1.127641,False,59.440643,0.664582,163,36.558788,31.515536,1981-09-19,2026-10-03,69.102112,False,74.261884,False
Northwestern,2026,2026-10-05,1.15794,1.148988,1.127641,1.127641,False,71.538537,0.704546,254,37.813888,32.656173,1980-10-04,2026-10-03,61.781864,False,65.505995,False
UCF,2026,2026-10-05,1.15321,1.1454,1.127641,1.127641,False,68.211414,0.694537,153,46.369154,40.208771,1996-10-19,2026-09-26,79.878209,False,84.398,False
North Texas,2026,2026-10-05,1.153356,1.145042,1.127641,1.127641,False,62.789526,0.676688,154,33.328774,28.897206,1980-10-04,2026-09-12,55.765105,False,58.962611,False
Oklahoma,2026,2026-10-05,1.150127,1.144133,1.127641,1.127641,False,82.549403,0.73345,280,69.482884,60.413243,1980-09-13,2026-09-19,135.085842,False,141.911812,False
Marshall,2026,2026-10-05,1.151689,1.14394,1.127641,1.127641,False,63.102222,0.677774,149,43.416801,37.69836,1980-09-13,2026-09-12,78.32975,False,82.786642,False
Boise State,2026,2026-10-05,1.148887,1.142572,1.127641,1.127641,False,70.932271,0.702771,165,60.12676,52.334778,1996-08-31,2026-10-03,128.511869,False,135.455842,False
Notre Dame,2026,2026-10-05,1.146082,1.141384,1.127641,1.127641,False,87.757101,0.745238,295,69.152302,60.33798,1980-09-06,2026-09-19,106.816558,False,110.810984,False
Clemson,2026,2026-10-05,1.145034,1.140298,1.127641,1.127641,False,80.164242,0.727679,260,63.367923,55.341514,1980-09-13,2026-10-03,108.232497,False,112.366063,False
Cincinnati,2026,2026-10-05,1.145297,1.140234,1.127641,1.127641,False,74.622637,0.713255,223,49.966549,43.627598,1980-11-08,2026-09-26,74.576821,False,77.387657,False
Ohio State,2026,2026-10-05,1.144259,1.140199,1.127641,1.127641,False,92.795644,0.755692,310,84.207126,73.590941,1980-09-13,2026-09-26,179.277688,False,186.56579,False
Utah,2026,2026-10-05,1.145143,1.14004,1.127641,1.127641,False,72.894462,0.708439,243,52.864366,46.164002,1980-09-20,2026-09-19,85.381913,False,88.731891,False
Georgia,2026,2026-10-05,1.144268,1.139616,1.127641,1.127641,False,77.220636,0.720203,275,65.467878,57.213777,1980-09-13,2026-10-03,132.770547,False,138.130333,False
Kentucky,2026,2026-10-05,1.142351,1.138494,1.127641,1.127641,False,84.4069,0.737778,282,44.00552,38.521882,1980-09-06,2026-09-26,57.17868,False,58.769861,False
Syracuse,2026,2026-10-05,1.14266,1.138397,1.127641,1.127641,False,75.689504,0.71615,264,37.632259,32.933909,1980-09-20,2026-09-12,53.162273,False,54.78858,False
Oregon State,2026,2026-10-05,1.14223,1.137981,1.127641,1.127641,False,73.000838,0.70874,239,35.636118,31.198735,1980-10-11,2026-09-12,54.230544,False,55.885992,False
San Diego State,2026,2026-10-05,1.141889,1.137747,1.127641,1.127641,False,73.212098,0.709336,242,44.104602,38.624254,1980-09-27,2026-09-20,64.667549,False,66.655315,False
Colorado,2026,2026-10-05,1.141403,1.137479,1.127641,1.127641,False,75.214446,0.714868,266,37.013501,32.42808,1980-09-27,2026-10-03,54.102702,False,55.633424,False
Virginia,2026,2026-10-05,1.140269,1.136746,1.127641,1.127641,False,77.519884,0.720982,255,43.770762,38.386347,1980-09-13,2026-09-26,57.918055,False,59.422959,False
Temple,2026,2026-10-05,1.140568,1.136728,1.127641,1.127641,False,71.008025,0.702994,219,30.476238,26.720236,1980-09-13,2026-09-25,48.664288,False,50.00523,False
Louisiana,2026,2026-10-05,1.140253,1.136245,1.127641,1.127641,False,64.397157,0.682194,182,39.84716,34.945907,1980-09-06,2026-10-04,63.054025,False,64.960075,False
UCLA,2026,2026-10-05,1.138332,1.135479,1.127641,1.127641,False,82.417299,0.733137,271,49.340634,43.344671,1980-09-13,2026-09-20,62.107916,False,63.441454,False
Miami (OH),2026,2026-10-05,1.137628,1.134457,1.127641,1.127641,False,64.492569,0.682515,220,37.922338,33.334579,1980-09-13,2026-10-03,61.72266,False,63.202875,False
Fresno State,2026,2026-10-05,1.133641,1.131781,1.127641,1.127641,False,66.781362,0.690023,209,44.732557,39.459208,1980-09-20,2026-09-27,73.533023,False,74.615189,False
Tennessee,2026,2026-10-05,1.132259,1.131084,1.127641,1.127641,False,87.892258,0.74553,303,59.303889,52.376626,1980-09-06,2026-10-03,81.79303,False,82.558951,False
Nebraska,2026,2026-10-05,1.132177,1.131016,1.127641,1.127641,False,87.215588,0.744061,300,56.66946,50.053552,1980-09-13,2026-10-03,71.724636,False,72.379831,False
Alabama,2026,2026-10-05,1.132003,1.130866,1.127641,1.127641,False,85.053443,0.739252,292,74.164034,65.515757,1980-09-06,2026-09-26,145.312529,False,146.892499,False
Penn State,2026,2026-10-05,1.131341,1.130419,1.127641,1.127641,False,90.428523,0.75089,299,68.805005,60.817214,1980-09-27,2026-09-26,95.136253,False,95.872231,False
Baylor,2026,2026-10-05,1.131048,1.130065,1.127641,1.127641,False,74.006434,0.711556,242,39.903181,35.279828,1980-10-04,2026-09-26,55.829845,False,56.253442,False
Houston,2026,2026-10-05,1.130966,1.130009,1.127641,1.127641,False,74.191907,0.71207,245,44.155171,39.041993,1980-09-20,2026-10-03,61.872339,False,62.336545,False
Kansas,2026,2026-10-05,1.127891,1.127817,1.127641,1.127641,False,70.923582,0.702745,254,27.327391,24.228753,1980-09-13,2026-10-03,45.288741,False,45.314471,False
Wake Forest,2026,2026-10-05,1.123381,1.124602,1.127641,1.127641,False,74.692199,0.713446,233,36.095217,32.130885,1980-09-06,2026-10-03,47.057487,False,46.598748,False
Auburn,2026,2026-10-05,1.122873,1.124095,1.127641,1.127641,False,87.120551,0.743854,294,56.928825,50.699243,1980-09-20,2026-09-26,69.436623,False,68.73143,False
Central Michigan,2026,2026-10-05,1.121755,1.123652,1.127641,1.127641,False,63.105198,0.677784,216,36.161193,32.236263,1980-09-06,2026-10-03,54.133679,False,53.293058,False
Florida State,2026,2026-10-05,1.121409,1.123108,1.127641,1.127641,False,80.039533,0.727371,269,55.880026,49.830186,1980-09-13,2026-10-03,78.779536,False,77.640237,False
James Madison,2026,2026-10-05,1.11577,1.122911,1.127641,1.127641,False,19.871334,0.398452,23,17.411901,15.605281,2022-09-03,2026-10-03,131.971411,False,122.339474,False
Old Dominion,2026,2026-10-05,1.117369,1.121756,1.127641,1.127641,False,40.241054,0.572899,60,19.510598,17.461202,2014-09-13,2026-09-26,43.957943,False,42.384783,False
FAU,2026,2026-10-05,1.117696,1.121135,1.127641,1.127641,False,56.759214,0.654215,108,28.883518,25.842016,2005-09-08,2026-09-19,46.786981,False,45.46238,False
Washington State,2026,2026-10-05,1.117054,1.120209,1.127641,1.127641,False,70.666187,0.701985,239,39.36843,35.243078,1980-09-13,2026-09-26,55.523506,False,54.052636,False
Sam Houston,2026,2026-10-05,1.080495,1.117119,1.127641,1.127641,False,8.619212,0.223185,10,4.310148,3.989049,2023-09-29,2026-09-12,41.460378,False,28.515605,False
Middle Tennessee,2026,2026-10-05,1.110359,1.116376,1.127641,1.127641,False,56.158671,0.651805,125,31.012604,27.930259,1999-11-13,2026-09-19,46.368291,False,43.956319,False
Liberty,2026,2026-10-05,1.104491,1.115817,1.127641,1.127641,False,31.317862,0.510746,41,23.488916,21.266743,2018-09-01,2026-09-19,82.826153,False,74.119134,False
Nevada,2026,2026-10-05,1.109639,1.115226,1.127641,1.127641,False,66.670499,0.689667,173,34.884754,31.437919,1992-10-24,2026-09-27,49.335508,False,46.940946,False
Colorado State,2026,2026-10-05,1.109453,1.114951,1.127641,1.127641,False,69.231482,0.697677,229,34.657117,31.238031,1980-09-06,2026-10-03,45.531987,False,43.362565,False
Wisconsin,2026,2026-10-05,1.109777,1.114412,1.127641,1.127641,False,85.616014,0.74052,288,61.343332,55.275392,1980-09-13,2026-10-03,79.568369,False,76.138837,False
Mississippi State,2026,2026-10-05,1.10936,1.114322,1.127641,1.127641,False,80.542346,0.728611,257,42.384241,38.206017,1980-09-13,2026-10-03,50.465666,False,48.27191,False
Air Force,2026,2026-10-05,1.108008,1.11391,1.127641,1.127641,False,69.793453,0.699379,245,43.697213,39.437619,1980-09-20,2026-10-03,57.817875,False,54.753058,False
Pittsburgh,2026,2026-10-05,1.108364,1.113621,1.127641,1.127641,False,80.012395,0.727303,274,47.707869,43.04349,1980-09-13,2026-09-17,53.394115,False,50.877688,False
Michigan State,2026,2026-10-05,1.108236,1.11333,1.127641,1.127641,False,84.28911,0.737508,285,52.181121,47.08485,1980-09-27,2026-09-26,58.765402,False,56.065731,False
UConn,2026,2026-10-05,1.102208,1.110753,1.127641,1.127641,False,59.294948,0.664035,131,27.206939,24.684028,2000-10-28,2026-10-03,41.278194,False,38.112714,False
Coastal Carolina,2026,2026-10-05,1.091173,1.107775,1.127641,1.127641,False,35.899695,0.544763,49,20.536701,18.820761,2017-09-02,2026-10-03,50.740682,False,42.876783,False
Tulane,2026,2026-10-05,1.09761,1.106058,1.127641,1.127641,False,76.63985,0.718679,256,40.575672,36.967295,1980-09-06,2026-09-26,46.074974,False,42.398875,False
Vanderbilt,2026,2026-10-05,1.095356,1.10433,1.127641,1.127641,False,77.927805,0.722036,261,31.136604,28.426005,1980-09-20,2026-09-19,36.583526,False,33.483473,False
Duke,2026,2026-10-05,1.092701,1.102826,1.127641,1.127641,False,73.533605,0.710239,243,33.373564,30.542254,1980-09-06,2026-09-19,36.534936,False,32.960051,False
Rice,2026,2026-10-05,1.092107,1.102675,1.127641,1.127641,False,70.876029,0.702605,237,31.57537,28.912333,1980-09-27,2026-10-03,38.386594,False,34.468645,False
Georgia Tech,2026,2026-10-05,1.090419,1.101319,1.127641,1.127641,False,72.444577,0.707159,248,39.403506,36.136124,1980-09-20,2026-09-12,44.652522,False,39.813451,False
ULM,2026,2026-10-05,1.0834,1.099262,1.127641,1.127641,False,53.675916,0.641474,123,22.358744,20.637573,1980-11-22,2026-09-27,33.727777,False,28.391471,False
Arkansas,2026,2026-10-05,1.08659,1.097638,1.127641,1.127641,False,81.468111,0.730865,285,41.738307,38.412197,1980-09-20,2026-09-27,41.681929,False,36.968882,False
Louisville,2026,2026-10-05,1.082341,1.094999,1.127641,1.127641,False,77.366087,0.720582,241,49.382569,45.62571,1980-09-06,2026-09-26,51.419225,False,44.405403,False
Virginia Tech,2026,2026-10-05,1.082008,1.094815,1.127641,1.127641,False,76.896354,0.719354,252,47.482786,43.883951,1980-10-18,2026-10-02,48.774709,False,42.072203,False
Troy,2026,2026-10-05,1.071803,1.091259,1.127641,1.127641,False,56.101052,0.651572,112,36.370936,33.934341,2001-12-01,2026-09-05,49.834502,False,38.955558,False
Boston College,2026,2026-10-05,1.073256,1.088508,1.127641,1.127641,False,76.967583,0.719541,254,37.579521,35.014515,1980-09-20,2026-09-26,35.178147,False,29.128352,False
FIU,2026,2026-10-05,1.062077,1.086375,1.127641,1.127641,False,50.951092,0.629406,102,20.946123,19.721849,2005-10-15,2026-09-12,29.079827,False,20.966904,False
East Carolina,2026,2026-10-05,1.065858,1.084551,1.127641,1.127641,False,69.152207,0.697435,217,35.432881,33.243531,1980-09-13,2026-09-12,35.422397,False,27.588443,False
Western Michigan,2026,2026-10-05,1.060068,1.081989,1.127641,1.127641,False,62.475116,0.675588,219,37.56621,35.43755,1980-09-06,2026-09-26,40.326109,False,29.422122,False
Army,2026,2026-10-05,1.05839,1.081073,1.127641,1.127641,False,61.590051,0.672454,208,31.919462,30.158498,1980-09-20,2026-09-12,35.903553,False,25.835818,False
North Carolina,2026,2026-10-05,1.060432,1.079888,1.127641,1.127641,False,73.633194,0.710517,256,39.186961,36.953761,1980-09-27,2026-10-03,34.738352,False,26.257912,False
UNLV,2026,2026-10-05,1.055733,1.077452,1.127641,1.127641,False,69.322664,0.697954,218,29.475676,27.919634,1980-09-13,2026-10-03,28.215967,False,20.347995,False
South Florida,2026,2026-10-05,1.047881,1.074865,1.127641,1.127641,False,58.676229,0.661691,125,28.717714,27.405509,2001-09-29,2026-10-03,33.237418,False,21.263075,False
Ball State,2026,2026-10-05,1.047194,1.073616,1.127641,1.127641,False,61.339352,0.671554,205,28.539606,27.253418,1980-09-20,2026-10-03,27.606462,False,17.726357,False
Illinois,2026,2026-10-05,1.052893,1.0728,1.127641,1.127641,False,82.642255,0.73367,274,39.593523,37.604521,1980-09-06,2026-10-03,29.891003,False,21.727081,False
New Mexico,2026,2026-10-05,1.049396,1.072743,1.127641,1.127641,False,70.54016,0.701612,241,29.993083,28.581281,1980-09-06,2026-10-03,27.322413,False,18.604974,False
TCU,2026,2026-10-05,1.04766,1.070831,1.127641,1.127641,False,73.552748,0.710293,248,48.864959,46.642022,1980-09-13,2026-10-03,44.341476,False,29.567507,False
Western Kentucky,2026,2026-10-05,1.021764,1.061825,1.127641,1.127641,False,49.286465,0.621625,89,30.22312,29.579363,2008-10-11,2025-11-15,33.983754,False,11.831139,False
Sacramento State,2026,2026-10-05,0.0,1.057308,1.127641,1.127641,False,1.99564,0.062372,2,0.0,1.026494,2026-09-20,2026-09-27,24.324655,False,-400.0,True
Tulsa,2026,2026-10-05,1.017883,1.050774,1.127641,1.127641,False,70.111657,0.700335,215,33.269698,32.685179,1980-09-13,2026-10-02,21.118642,False,7.444291,False
Northern Illinois,2026,2026-10-05,1.008437,1.047664,1.127641,1.127641,False,61.163597,0.670921,197,34.667811,34.377772,1980-09-13,2025-11-28,23.784738,False,4.186701,False
Missouri State,2026,2026-10-05,0.588192,1.041783,1.127641,1.127641,False,5.678567,0.159159,6,1.87788,3.192632,2025-09-13,2026-09-19,17.942223,False,-178.276486,False
Purdue,2026,2026-10-05,1.010074,1.041693,1.127641,1.127641,False,81.545563,0.731052,275,33.860402,33.522698,1980-09-20,2026-09-26,15.782462,False,3.825952,False
Eastern Michigan,2026,2026-10-05,1.002144,1.041643,1.127641,1.127641,False,65.317153,0.685261,212,26.848075,26.790634,1980-10-18,2026-09-04,14.579259,False,0.754231,False
New Mexico State,2026,2026-10-05,0.996125,1.039504,1.127641,1.127641,False,60.953119,0.67016,187,21.007379,21.089099,1980-09-13,2026-10-02,12.571807,False,-1.24318,False
Maryland,2026,2026-10-05,1.003809,1.039084,1.127641,1.127641,False,75.313446,0.715136,249,33.768054,33.639929,1980-09-13,2026-09-26,15.415019,False,1.505484,False
Texas State,2026,2026-10-05,0.974346,1.034122,1.127641,1.127641,False,46.934709,0.610059,74,19.653454,20.170914,2012-09-08,2026-09-19,12.84267,False,-9.716934,False
Kent State,2026,2026-10-05,0.985089,1.033416,1.127641,1.127641,False,58.491589,0.660985,206,21.741728,22.070829,1980-10-04,2026-10-03,11.141355,False,-5.014655,False
Rutgers,2026,2026-10-05,0.996526,1.032678,1.127641,1.127641,False,78.801986,0.72427,246,30.530551,30.636997,1980-09-20,2026-10-04,12.121169,False,-1.294738,False
UTEP,2026,2026-10-05,0.989651,1.03261,1.127641,1.127641,False,66.364809,0.688683,228,24.023554,24.274764,1980-09-20,2026-09-27,10.808154,False,-3.454393,False
South Alabama,2026,2026-10-05,0.969776,1.03169,1.127641,1.127641,False,46.492383,0.607804,74,22.248579,22.94197,2012-09-01,2026-10-03,13.526744,False,-12.879885,False
Buffalo,2026,2026-10-05,0.96793,1.021959,1.127641,1.127641,False,58.680736,0.661708,133,25.978801,26.839532,1999-09-11,2026-10-03,8.543429,False,-12.528036,False
Akron,2026,2026-10-05,0.952484,1.01049,1.127641,1.127641,False,60.588789,0.668833,172,20.867053,21.908029,1987-09-12,2026-09-26,3.582711,False,-16.431087,False
Southern Miss,2026,2026-10-05,0.934367,0.993776,1.127641,1.127641,False,67.598287,0.692618,211,31.823137,34.058504,1980-09-20,2026-09-19,-2.749556,False,-29.01928,False
Bowling Green,2026,2026-10-05,0.915827,0.983775,1.127641,1.127641,False,63.519515,0.679211,213,29.147982,31.826942,1980-09-13,2026-09-26,-7.196607,False,-37.402568,False
Georgia State,2026,2026-10-05,0.846212,0.960289,1.127641,1.127641,False,44.010606,0.594653,67,16.369021,19.343869,2013-10-12,2026-10-03,-14.804266,False,-58.247952,False
Charlotte,2026,2026-10-05,0.798473,0.945252,1.127641,1.127641,False,37.278191,0.55409,54,10.029782,12.561204,2015-09-26,2026-10-03,-16.524948,False,-63.328632,False
Massachusetts,2026,2026-10-05,0.510356,0.776434,1.127641,1.127641,False,39.598167,0.568954,65,5.794858,11.354539,2012-09-08,2026-10-03,-66.367711,False,-164.320007,False
