season_year,team_name,rating
2000,Oklahoma,3.276039
2000,Washington,3.03167
2000,Miami (FL),2.537257
2000,Oregon State,2.512152
2000,Florida,2.435296
2000,Wisconsin,2.357333
2000,Oregon,2.348657
2000,Michigan,2.302885
2000,Nebraska,2.183279
2000,Purdue,2.170043
2000,Kansas State,2.158616
2000,Florida State,2.114105
2000,Notre Dame,1.938925
2000,Virginia Tech,1.898634
2000,Northwestern,1.896328
2000,Ohio State,1.837713
2000,Mississippi State,1.832758
2000,South Carolina,1.799031
2000,Auburn,1.679499
2000,UCLA,1.64595
2000,LSU,1.637086
2000,Iowa State,1.447883
2000,Michigan State,1.383131
2000,Tennessee,1.371897
2000,Texas A&M,1.36584
2000,West Virginia,1.356097
2000,Georgia,1.336141
2000,Clemson,1.28372
2000,NC State,1.274794
2000,Colorado State,1.267911
2000,Georgia Tech,1.237845
2000,Ole Miss,1.230469
2000,USC,1.220052
2000,Minnesota,1.212012
2000,Penn State,1.19719
2000,TCU,1.189641
2000,Stanford,1.18515
2000,East Carolina,1.182258
2000,Arizona State,1.154232
2000,Arkansas,1.154084
2000,Southern Miss,1.148611
2000,UNLV,1.144185
2000,Texas,1.1214
2000,Iowa,1.117577
2000,Marshall,1.116567
2000,Air Force,1.097893
2000,Pittsburgh,1.087759
2000,Arizona,1.073012
2000,Boston College,1.055922
2000,Western Michigan,1.033239
2000,Louisville,0.987635
2000,Cincinnati,0.966691
2000,Syracuse,0.939363
2000,UTEP,0.928714
2000,California,0.91371
2000,Washington State,0.904466
2000,Illinois,0.892234
2000,Indiana,0.881291
2000,Fresno State,0.880278
2000,Alabama,0.874597
2000,North Carolina,0.858311
2000,BYU,0.84977
2000,San Jose State,0.841942
2000,Boise State,0.840965
2000,Virginia,0.839013
2000,Toledo,0.814584
2000,UAB,0.787404
2000,Texas Tech,0.782355
2000,Colorado,0.70621
2000,Ohio,0.695398
2000,Maryland,0.653746
2000,Kansas,0.615641
2000,New Mexico,0.602372
2000,Tulane,0.591435
2000,Utah,0.572342
2000,San Diego State,0.549128
2000,Tulsa,0.536795
2000,Miami (OH),0.520272
2000,Akron,0.515075
2000,Idaho,0.507724
2000,Memphis,0.505731
2000,Kentucky,0.500887
2000,Northern Illinois,0.493123
2000,Vanderbilt,0.480415
2000,Rice,0.479031
2000,Ball State,0.472137
2000,Temple,0.465036
2000,SMU,0.441378
2000,Central Michigan,0.427219
2000,Houston,0.419186
2000,Oklahoma State,0.416237
2000,Missouri,0.411916
2000,Hawai'i,0.402462
2000,Nevada,0.390105
2000,UCF,0.383719
2000,Rutgers,0.376053
2000,Baylor,0.370119
2000,New Mexico State,0.359132
2000,Utah State,0.345442
2000,Eastern Michigan,0.340513
2000,Wake Forest,0.324118
2000,Wyoming,0.315921
2000,Middle Tennessee,0.313662
2000,Duke,0.310026
2000,Bowling Green,0.301596
2000,Army,0.296227
2000,Arkansas State,0.285392
2000,Navy,0.282675
2000,Louisiana Tech,0.280247
2000,Kent State,0.268583
2000,North Texas,0.247336
2000,Buffalo,0.233479
2000,UConn,0.210961
2000,ULM,0.136573
2000,Louisiana,0.128589
2000,South Florida,0.095544
2001,Tennessee,3.391481
2001,Florida,2.903519
2001,Miami (FL),2.863723
2001,LSU,2.73623
2001,Texas,2.33732
2001,Oklahoma,2.328045
2001,Oregon,2.317036
2001,North Carolina,2.230173
2001,Florida State,2.180333
2001,Georgia Tech,2.118592
2001,Maryland,2.116679
2001,Colorado,2.0818
2001,South Carolina,2.013176
2001,Syracuse,1.984563
2001,Illinois,1.954819
2001,Georgia,1.937277
2001,Nebraska,1.906047
2001,Michigan,1.858785
2001,Michigan State,1.795056
2001,Stanford,1.788452
2001,Auburn,1.783201
2001,Washington State,1.677304
2001,Washington,1.644186
2001,Fresno State,1.611909
2001,Boston College,1.567948
2001,Alabama,1.528216
2001,Arkansas,1.515111
2001,Clemson,1.485626
2001,NC State,1.444282
2001,Iowa,1.442009
2001,Ohio State,1.408643
2001,UCLA,1.358512
2001,Louisville,1.316275
2001,Penn State,1.288933
2001,Purdue,1.275002
2001,Texas A&M,1.236713
2001,Wisconsin,1.222728
2001,Pittsburgh,1.21495
2001,Indiana,1.214242
2001,BYU,1.2103
2001,Virginia,1.209914
2001,Ole Miss,1.200161
2001,Virginia Tech,1.155106
2001,Wake Forest,1.090752
2001,Utah,1.083671
2001,Kansas State,1.055334
2001,Texas Tech,1.032066
2001,Notre Dame,1.021197
2001,Hawai'i,0.984483
2001,USC,0.966651
2001,Iowa State,0.941398
2001,Boise State,0.893391
2001,Colorado State,0.889437
2001,Marshall,0.880965
2001,Toledo,0.878013
2001,Oklahoma State,0.842972
2001,Northwestern,0.839252
2001,Louisiana Tech,0.819626
2001,Minnesota,0.802976
2001,Rice,0.763116
2001,Mississippi State,0.757237
2001,TCU,0.743312
2001,Oregon State,0.741684
2001,Bowling Green,0.739798
2001,East Carolina,0.65218
2001,Miami (OH),0.64121
2001,Southern Miss,0.624583
2001,Kentucky,0.60701
2001,Missouri,0.591732
2001,Arizona,0.584301
2001,Arizona State,0.562782
2001,Cincinnati,0.550462
2001,Kansas,0.545682
2001,Air Force,0.54161
2001,Middle Tennessee,0.515476
2001,UAB,0.498571
2001,SMU,0.497962
2001,New Mexico,0.495489
2001,West Virginia,0.492892
2001,Temple,0.484554
2001,Vanderbilt,0.481174
2001,Nevada,0.477079
2001,South Florida,0.47701
2001,Memphis,0.469028
2001,UCF,0.452547
2001,UNLV,0.450836
2001,Troy,0.44114
2001,North Texas,0.437265
2001,Kent State,0.433526
2001,California,0.428101
2001,Northern Illinois,0.425068
2001,San Jose State,0.424549
2001,Ball State,0.420696
2001,Duke,0.412349
2001,Baylor,0.410535
2001,Western Michigan,0.39105
2001,Tulane,0.381255
2001,New Mexico State,0.365271
2001,Utah State,0.362416
2001,San Diego State,0.359226
2001,Rutgers,0.343648
2001,Akron,0.329524
2001,Army,0.283532
2001,Houston,0.258815
2001,ULM,0.255319
2001,Wyoming,0.239089
2001,Tulsa,0.23075
2001,Central Michigan,0.219558
2001,Ohio,0.21935
2001,UTEP,0.218232
2001,Buffalo,0.218114
2001,Navy,0.216877
2001,Idaho,0.21233
2001,Arkansas State,0.200561
2001,UConn,0.196257
2001,Louisiana,0.183172
2001,Eastern Michigan,0.166542
2002,Ohio State,3.144836
2002,USC,2.784395
2002,Oklahoma,2.63451
2002,Georgia,2.543739
2002,NC State,2.209123
2002,Florida State,2.188319
2002,Michigan,2.132843
2002,Miami (FL),2.105588
2002,Virginia,2.083492
2002,Notre Dame,2.052814
2002,Texas,2.02698
2002,Maryland,1.958942
2002,Iowa,1.923498
2002,Texas Tech,1.891345
2002,Wisconsin,1.876061
2002,Colorado,1.811073
2002,Washington State,1.784654
2002,Kansas State,1.726506
2002,Virginia Tech,1.690173
2002,Colorado State,1.684962
2002,UCLA,1.611115
2002,Penn State,1.59479
2002,TCU,1.535591
2002,Auburn,1.527806
2002,Florida,1.481848
2002,Alabama,1.472558
2002,Pittsburgh,1.451186
2002,West Virginia,1.437205
2002,Boise State,1.434185
2002,Fresno State,1.430569
2002,Georgia Tech,1.401087
2002,Arkansas,1.367194
2002,Oklahoma State,1.358412
2002,Wake Forest,1.346512
2002,Iowa State,1.246377
2002,Clemson,1.230695
2002,Washington,1.219498
2002,Minnesota,1.200489
2002,Boston College,1.193882
2002,Oregon State,1.178387
2002,Purdue,1.166894
2002,Arizona State,1.160553
2002,California,1.143696
2002,Texas A&M,1.112825
2002,LSU,1.093449
2002,Cincinnati,1.075626
2002,Louisville,1.054377
2002,Hawai'i,1.047164
2002,Tulane,1.042624
2002,Oregon,1.032068
2002,Ole Miss,1.031978
2002,Air Force,1.011944
2002,Tennessee,1.00931
2002,Illinois,0.962708
2002,Marshall,0.89242
2002,Nebraska,0.880288
2002,North Texas,0.871809
2002,Kentucky,0.850507
2002,Southern Miss,0.841769
2002,South Florida,0.816116
2002,New Mexico,0.806449
2002,East Carolina,0.733858
2002,UNLV,0.727471
2002,North Carolina,0.720857
2002,Missouri,0.701647
2002,Toledo,0.689068
2002,Miami (OH),0.678498
2002,San Diego State,0.677771
2002,Northern Illinois,0.674404
2002,San Jose State,0.673837
2002,South Carolina,0.669783
2002,Arizona,0.658622
2002,BYU,0.651369
2002,Syracuse,0.616354
2002,Indiana,0.608129
2002,Utah,0.599164
2002,New Mexico State,0.589174
2002,Louisiana Tech,0.589166
2002,Houston,0.589048
2002,Michigan State,0.585458
2002,Nevada,0.584554
2002,Northwestern,0.548059
2002,Stanford,0.54006
2002,Duke,0.523541
2002,UAB,0.52299
2002,UConn,0.50128
2002,Temple,0.486232
2002,Bowling Green,0.456842
2002,UCF,0.436041
2002,Baylor,0.432254
2002,Memphis,0.402697
2002,SMU,0.399691
2002,Rice,0.398637
2002,Utah State,0.390713
2002,Akron,0.386697
2002,Wyoming,0.374537
2002,Louisiana,0.373719
2002,Navy,0.372962
2002,Vanderbilt,0.371544
2002,Middle Tennessee,0.365544
2002,Arkansas State,0.359175
2002,ULM,0.354387
2002,Idaho,0.354338
2002,Rutgers,0.342941
2002,Army,0.339922
2002,Ball State,0.334667
2002,Mississippi State,0.325215
2002,Ohio,0.291364
2002,Kansas,0.290423
2002,Western Michigan,0.280741
2002,UTEP,0.27763
2002,Tulsa,0.273053
2002,Central Michigan,0.271938
2002,Kent State,0.204676
2002,Eastern Michigan,0.192274
2002,Buffalo,0.177418
2002,Troy,0.149755
2003,LSU,2.819283
2003,USC,2.781895
2003,Miami (FL),2.481548
2003,Ohio State,2.478617
2003,Georgia,2.355904
2003,Florida State,2.347053
2003,Washington State,2.119627
2003,Oklahoma,2.050761
2003,Clemson,2.038328
2003,Iowa,2.015082
2003,Maryland,1.961959
2003,Michigan,1.92478
2003,Utah,1.863775
2003,California,1.849966
2003,Tennessee,1.756137
2003,Ole Miss,1.754126
2003,Kansas State,1.748621
2003,Oregon,1.71193
2003,Florida,1.669923
2003,Georgia Tech,1.639275
2003,Purdue,1.620575
2003,NC State,1.598185
2003,Nebraska,1.57955
2003,Texas,1.57748
2003,Virginia,1.553836
2003,Oregon State,1.537755
2003,Auburn,1.523513
2003,Minnesota,1.502866
2003,Boise State,1.474071
2003,Arkansas,1.446899
2003,Miami (OH),1.41913
2003,Washington,1.33273
2003,Boston College,1.326586
2003,Michigan State,1.321415
2003,Wisconsin,1.317569
2003,Texas Tech,1.294232
2003,Colorado State,1.267921
2003,Fresno State,1.248908
2003,UCLA,1.225816
2003,Oklahoma State,1.222525
2003,Wake Forest,1.211546
2003,Notre Dame,1.192466
2003,West Virginia,1.177552
2003,Virginia Tech,1.156637
2003,New Mexico,1.144007
2003,Bowling Green,1.136098
2003,Pittsburgh,1.114195
2003,Colorado,1.033168
2003,Missouri,1.030281
2003,UNLV,1.028339
2003,Southern Miss,1.021154
2003,Memphis,1.000556
2003,Hawai'i,0.99614
2003,BYU,0.97733
2003,TCU,0.965489
2003,Northwestern,0.949407
2003,Syracuse,0.858773
2003,South Carolina,0.856372
2003,Air Force,0.84139
2003,Stanford,0.8301
2003,Arizona State,0.827271
2003,Kansas,0.817063
2003,Texas A&M,0.811984
2003,Northern Illinois,0.775481
2003,Alabama,0.771776
2003,Duke,0.761907
2003,Louisville,0.738725
2003,Nevada,0.72986
2003,Tulsa,0.716729
2003,Louisiana Tech,0.700499
2003,Arizona,0.670036
2003,San Diego State,0.652962
2003,UConn,0.643847
2003,North Texas,0.640128
2003,Houston,0.639253
2003,Toledo,0.633611
2003,Wyoming,0.630243
2003,Marshall,0.617201
2003,North Carolina,0.597208
2003,UAB,0.584601
2003,Navy,0.571842
2003,Rutgers,0.565914
2003,Mississippi State,0.542616
2003,South Florida,0.51063
2003,Rice,0.504094
2003,Penn State,0.491741
2003,Cincinnati,0.465128
2003,Troy,0.464123
2003,Baylor,0.461996
2003,Kentucky,0.414744
2003,Tulane,0.414092
2003,Vanderbilt,0.394498
2003,Middle Tennessee,0.377723
2003,Iowa State,0.364024
2003,Illinois,0.363466
2003,Indiana,0.363043
2003,Ball State,0.352708
2003,Utah State,0.32957
2003,Louisiana,0.316515
2003,Western Michigan,0.313319
2003,Temple,0.310125
2003,Idaho,0.294549
2003,East Carolina,0.278504
2003,Kent State,0.278113
2003,New Mexico State,0.276146
2003,San Jose State,0.271165
2003,Arkansas State,0.267433
2003,Akron,0.266223
2003,ULM,0.252091
2003,SMU,0.236174
2003,Eastern Michigan,0.23112
2003,UTEP,0.22963
2003,UCF,0.21193
2003,Buffalo,0.207823
2003,Army,0.197704
2003,Central Michigan,0.185832
2003,Ohio,0.182115
2004,USC,3.454725
2004,Auburn,2.764827
2004,Oklahoma,2.651315
2004,Texas,2.563192
2004,Arizona State,2.272278
2004,Miami (FL),2.225311
2004,Iowa,2.122677
2004,Tennessee,2.10658
2004,Utah,2.103552
2004,Louisville,1.989049
2004,Virginia Tech,1.933655
2004,Florida State,1.911802
2004,California,1.904093
2004,Texas Tech,1.854853
2004,Georgia,1.838052
2004,Texas A&M,1.804869
2004,Boise State,1.768432
2004,Ohio State,1.721538
2004,Michigan,1.699851
2004,Oregon State,1.654459
2004,Colorado,1.577834
2004,Wisconsin,1.517132
2004,Notre Dame,1.515224
2004,Virginia,1.49119
2004,LSU,1.446848
2004,Boston College,1.4356
2004,Georgia Tech,1.411794
2004,Oklahoma State,1.387677
2004,Fresno State,1.357574
2004,Purdue,1.355755
2004,Hawai'i,1.338748
2004,North Carolina,1.312899
2004,New Mexico,1.220685
2004,Clemson,1.219271
2004,Pittsburgh,1.179481
2004,Northwestern,1.165193
2004,UTEP,1.160531
2004,Syracuse,1.158421
2004,Navy,1.137774
2004,Florida,1.135573
2004,Southern Miss,1.132017
2004,UAB,1.113464
2004,Cincinnati,1.106431
2004,Minnesota,1.065975
2004,West Virginia,1.008689
2004,Iowa State,1.005476
2004,BYU,0.997503
2004,Wyoming,0.975355
2004,UCLA,0.950266
2004,UConn,0.949718
2004,Louisiana Tech,0.947681
2004,Memphis,0.943456
2004,NC State,0.943227
2004,Maryland,0.931597
2004,Washington State,0.915557
2004,Michigan State,0.897185
2004,TCU,0.866757
2004,Missouri,0.857507
2004,Nebraska,0.841355
2004,South Carolina,0.822954
2004,Alabama,0.822458
2004,Oregon,0.819881
2004,Arizona,0.806714
2004,Stanford,0.781438
2004,Arkansas,0.780699
2004,Kansas,0.778229
2004,Tulane,0.774638
2004,Bowling Green,0.769583
2004,Baylor,0.741631
2004,Toledo,0.707313
2004,Air Force,0.693003
2004,Wake Forest,0.684981
2004,Troy,0.66471
2004,Northern Illinois,0.66323
2004,North Texas,0.65918
2004,Rice,0.64017
2004,Ole Miss,0.634087
2004,Colorado State,0.630784
2004,Kansas State,0.620486
2004,South Florida,0.618632
2004,Mississippi State,0.61692
2004,Penn State,0.611269
2004,Houston,0.600167
2004,Tulsa,0.58131
2004,Indiana,0.576984
2004,Army,0.519072
2004,UNLV,0.515672
2004,Duke,0.513891
2004,Rutgers,0.513185
2004,Miami (OH),0.51169
2004,San Diego State,0.511116
2004,SMU,0.496145
2004,Kentucky,0.481705
2004,Nevada,0.477268
2004,New Mexico State,0.46722
2004,FAU,0.45692
2004,Marshall,0.456848
2004,East Carolina,0.45615
2004,Temple,0.43197
2004,Middle Tennessee,0.422395
2004,Washington,0.42131
2004,Illinois,0.405079
2004,ULM,0.404726
2004,Utah State,0.401241
2004,Arkansas State,0.397174
2004,Vanderbilt,0.367627
2004,Akron,0.358867
2004,Idaho,0.342792
2004,San Jose State,0.326577
2004,Ohio,0.251336
2004,Kent State,0.2508
2004,Louisiana,0.247574
2004,Eastern Michigan,0.235028
2004,Ball State,0.224947
2004,Central Michigan,0.213844
2004,Buffalo,0.184216
2004,Western Michigan,0.158379
2004,UCF,0.156251
2005,Texas,3.266828
2005,Virginia Tech,2.759034
2005,Penn State,2.60269
2005,LSU,2.376873
2005,Miami (FL),2.338457
2005,Ohio State,2.142032
2005,Boston College,2.104421
2005,Florida State,2.087394
2005,Clemson,2.082518
2005,TCU,2.081535
2005,USC,2.040564
2005,Oklahoma,2.003398
2005,Wisconsin,1.936983
2005,Georgia Tech,1.892979
2005,Florida,1.885803
2005,UCLA,1.876012
2005,Alabama,1.870199
2005,Georgia,1.86853
2005,West Virginia,1.781758
2005,Nebraska,1.768033
2005,Virginia,1.671372
2005,NC State,1.651508
2005,Texas Tech,1.588255
2005,Colorado,1.564985
2005,Michigan,1.554605
2005,Missouri,1.535469
2005,North Carolina,1.533142
2005,Auburn,1.47554
2005,Notre Dame,1.443758
2005,Utah,1.426311
2005,Kansas,1.418516
2005,Minnesota,1.366322
2005,Northwestern,1.35839
2005,Oregon,1.296734
2005,Maryland,1.282871
2005,Tulsa,1.273106
2005,South Carolina,1.266762
2005,Iowa State,1.237495
2005,Iowa,1.221865
2005,Wake Forest,1.134836
2005,Arizona State,1.112697
2005,Louisville,1.1122
2005,Colorado State,1.089527
2005,Tennessee,1.049469
2005,New Mexico,1.020697
2005,California,0.994597
2005,Navy,0.960796
2005,San Diego State,0.942511
2005,Memphis,0.939863
2005,Nevada,0.935725
2005,UCF,0.927963
2005,Kansas State,0.924742
2005,SMU,0.903462
2005,BYU,0.902966
2005,Texas A&M,0.876034
2005,UTEP,0.869288
2005,South Florida,0.864793
2005,Stanford,0.859145
2005,Baylor,0.852714
2005,Toledo,0.836452
2005,Southern Miss,0.810514
2005,Boise State,0.793037
2005,Michigan State,0.783818
2005,Purdue,0.780811
2005,Vanderbilt,0.753345
2005,Houston,0.748082
2005,Fresno State,0.729961
2005,Central Michigan,0.716311
2005,Oklahoma State,0.680516
2005,Air Force,0.674447
2005,Arizona,0.660231
2005,Rutgers,0.651711
2005,Northern Illinois,0.648938
2005,East Carolina,0.647751
2005,Oregon State,0.64123
2005,Akron,0.632988
2005,Wyoming,0.574322
2005,Louisiana Tech,0.566785
2005,Ball State,0.552683
2005,UAB,0.544395
2005,Pittsburgh,0.535557
2005,Hawai'i,0.531056
2005,Indiana,0.530076
2005,Miami (OH),0.529079
2005,Arkansas,0.517058
2005,Army,0.508741
2005,Marshall,0.506579
2005,Washington State,0.498026
2005,Bowling Green,0.489665
2005,UConn,0.477877
2005,Western Michigan,0.477588
2005,Ole Miss,0.469154
2005,Illinois,0.46478
2005,Kentucky,0.448297
2005,Duke,0.437567
2005,Middle Tennessee,0.436625
2005,UNLV,0.431125
2005,Ohio,0.425331
2005,Louisiana,0.424322
2005,Mississippi State,0.423571
2005,Washington,0.423382
2005,Cincinnati,0.405772
2005,Arkansas State,0.403041
2005,ULM,0.385911
2005,Eastern Michigan,0.37526
2005,Rice,0.365237
2005,Temple,0.351476
2005,Tulane,0.331341
2005,Utah State,0.330204
2005,Syracuse,0.309517
2005,North Texas,0.301639
2005,FIU,0.290238
2005,FAU,0.287498
2005,Troy,0.278422
2005,Idaho,0.226512
2005,New Mexico State,0.225188
2005,San Jose State,0.213168
2005,Buffalo,0.15787
2005,Kent State,0.140847
2006,Florida,3.555511
2006,USC,3.082598
2006,Auburn,2.521888
2006,LSU,2.386731
2006,California,2.36781
2006,Louisville,2.316853
2006,Oregon State,2.304067
2006,UCLA,1.999581
2006,Georgia,1.919574
2006,Tennessee,1.917118
2006,Boise State,1.896292
2006,Ohio State,1.888865
2006,West Virginia,1.852051
2006,Boston College,1.831377
2006,Arkansas,1.824891
2006,Michigan,1.766007
2006,Wake Forest,1.734205
2006,Oklahoma,1.723134
2006,Notre Dame,1.659657
2006,Florida State,1.639027
2006,Rutgers,1.620769
2006,Wisconsin,1.602548
2006,Kentucky,1.567019
2006,Oregon,1.544616
2006,Virginia Tech,1.540946
2006,South Carolina,1.518911
2006,Arizona,1.5175
2006,Texas,1.516397
2006,BYU,1.511651
2006,Washington State,1.4917
2006,Maryland,1.453052
2006,Georgia Tech,1.415324
2006,Clemson,1.377145
2006,Penn State,1.361501
2006,Arizona State,1.32383
2006,Washington,1.323492
2006,Nebraska,1.271987
2006,Hawai'i,1.243388
2006,South Florida,1.216991
2006,Texas A&M,1.199372
2006,Cincinnati,1.196354
2006,Houston,1.178584
2006,Southern Miss,1.127995
2006,Miami (FL),1.086503
2006,Texas Tech,1.079728
2006,Missouri,1.046029
2006,Oklahoma State,1.039773
2006,Central Michigan,1.005867
2006,TCU,0.99916
2006,Kansas State,0.937234
2006,Alabama,0.917434
2006,East Carolina,0.907966
2006,Utah,0.901662
2006,Rice,0.895601
2006,Tulsa,0.890757
2006,Troy,0.825622
2006,Navy,0.809362
2006,NC State,0.794057
2006,San Jose State,0.771456
2006,Purdue,0.76129
2006,Pittsburgh,0.743458
2006,Vanderbilt,0.741016
2006,Virginia,0.730845
2006,Western Michigan,0.719513
2006,Ohio,0.710575
2006,Minnesota,0.702453
2006,Kansas,0.69852
2006,Nevada,0.683007
2006,Iowa,0.681938
2006,Stanford,0.667243
2006,Middle Tennessee,0.628659
2006,SMU,0.612095
2006,Tulane,0.605854
2006,Indiana,0.605802
2006,Wyoming,0.601052
2006,Ole Miss,0.597702
2006,Mississippi State,0.590341
2006,New Mexico,0.580041
2006,Northern Illinois,0.578445
2006,Baylor,0.570264
2006,Syracuse,0.558628
2006,Louisiana,0.551238
2006,UConn,0.548337
2006,UAB,0.528409
2006,Arkansas State,0.527606
2006,UTEP,0.51425
2006,Michigan State,0.511429
2006,Air Force,0.507772
2006,Fresno State,0.507124
2006,Marshall,0.501824
2006,Akron,0.498149
2006,Colorado,0.490767
2006,Iowa State,0.487857
2006,North Carolina,0.477672
2006,UCF,0.460644
2006,Northwestern,0.453384
2006,Kent State,0.450743
2006,Toledo,0.449956
2006,Ball State,0.418168
2006,FAU,0.402846
2006,Bowling Green,0.402226
2006,Idaho,0.379112
2006,North Texas,0.366754
2006,San Diego State,0.362838
2006,Buffalo,0.362307
2006,ULM,0.360841
2006,Colorado State,0.352587
2006,Army,0.352282
2006,Louisiana Tech,0.344545
2006,Utah State,0.33327
2006,Illinois,0.330553
2006,Temple,0.317281
2006,Duke,0.312376
2006,Memphis,0.291792
2006,Miami (OH),0.277232
2006,UNLV,0.268506
2006,New Mexico State,0.267821
2006,Eastern Michigan,0.232856
2006,FIU,0.211385
2007,USC,2.646696
2007,LSU,2.588137
2007,Oregon,2.458419
2007,West Virginia,2.227657
2007,Arizona State,2.227051
2007,Oregon State,2.185464
2007,Missouri,2.1419
2007,Tennessee,2.083771
2007,Oklahoma,2.073044
2007,UCLA,2.007392
2007,BYU,1.985356
2007,Texas,1.978979
2007,Georgia,1.955631
2007,California,1.83397
2007,Boston College,1.827136
2007,Kansas,1.809567
2007,Virginia Tech,1.754998
2007,Michigan,1.711902
2007,Kentucky,1.664303
2007,Auburn,1.652072
2007,Florida,1.620292
2007,Ohio State,1.572904
2007,South Florida,1.572309
2007,Cincinnati,1.555103
2007,Utah,1.495461
2007,Mississippi State,1.491093
2007,Texas Tech,1.441646
2007,Wake Forest,1.438974
2007,Alabama,1.421969
2007,Penn State,1.376038
2007,Virginia,1.359859
2007,Clemson,1.358832
2007,Arkansas,1.358015
2007,Arizona,1.346661
2007,Florida State,1.337809
2007,Illinois,1.315077
2007,Stanford,1.267697
2007,Wisconsin,1.212044
2007,Colorado,1.196718
2007,Texas A&M,1.181784
2007,South Carolina,1.176541
2007,UConn,1.15521
2007,Oklahoma State,1.137815
2007,Washington State,1.116101
2007,UCF,1.108982
2007,Michigan State,1.108403
2007,Air Force,1.107669
2007,Tulsa,1.107524
2007,Maryland,1.062562
2007,Rutgers,1.061474
2007,Washington,1.060474
2007,TCU,1.050795
2007,New Mexico,1.009338
2007,East Carolina,0.97801
2007,Louisville,0.959572
2007,Purdue,0.925558
2007,Pittsburgh,0.917172
2007,Georgia Tech,0.904754
2007,Nebraska,0.900602
2007,Notre Dame,0.865435
2007,Hawai'i,0.852739
2007,Navy,0.841887
2007,Kansas State,0.832934
2007,Fresno State,0.815282
2007,NC State,0.798091
2007,Miami (FL),0.79042
2007,Iowa,0.767225
2007,FAU,0.748741
2007,Wyoming,0.735387
2007,Indiana,0.721154
2007,Boise State,0.712057
2007,Iowa State,0.699747
2007,Troy,0.691166
2007,Vanderbilt,0.680778
2007,Central Michigan,0.651798
2007,Southern Miss,0.636021
2007,ULM,0.622729
2007,Northwestern,0.611145
2007,Houston,0.605873
2007,North Carolina,0.587406
2007,Ball State,0.563154
2007,Miami (OH),0.553524
2007,Bowling Green,0.545678
2007,San Diego State,0.533136
2007,UTEP,0.503931
2007,Syracuse,0.503481
2007,UNLV,0.493949
2007,Memphis,0.484514
2007,Middle Tennessee,0.48357
2007,Ole Miss,0.481508
2007,Marshall,0.456623
2007,Colorado State,0.446342
2007,Western Michigan,0.438354
2007,Ohio,0.430981
2007,Baylor,0.423767
2007,Arkansas State,0.421654
2007,Buffalo,0.416676
2007,Toledo,0.391238
2007,Nevada,0.388689
2007,Duke,0.388152
2007,Akron,0.381802
2007,Rice,0.376957
2007,Temple,0.362675
2007,Tulane,0.360112
2007,Louisiana Tech,0.343968
2007,Eastern Michigan,0.342884
2007,San Jose State,0.337109
2007,Louisiana,0.333528
2007,Army,0.333197
2007,Kent State,0.327804
2007,Minnesota,0.32596
2007,UAB,0.27598
2007,North Texas,0.273649
2007,FIU,0.271646
2007,Utah State,0.263382
2007,New Mexico State,0.257969
2007,SMU,0.233613
2007,Northern Illinois,0.212065
2007,Idaho,0.186478
2008,Florida,3.619844
2008,Virginia Tech,2.591258
2008,Wake Forest,2.206487
2008,Alabama,2.197638
2008,Boston College,2.189997
2008,USC,2.146562
2008,Florida State,2.034083
2008,Utah,2.026432
2008,Georgia,2.0126
2008,Vanderbilt,2.002063
2008,Oklahoma,1.997264
2008,Texas,1.988838
2008,Georgia Tech,1.975717
2008,Ole Miss,1.949935
2008,North Carolina,1.943469
2008,Maryland,1.886162
2008,Oregon State,1.870685
2008,West Virginia,1.779735
2008,Pittsburgh,1.701526
2008,Cincinnati,1.697484
2008,California,1.675315
2008,Miami (FL),1.633519
2008,NC State,1.617787
2008,Rutgers,1.584192
2008,LSU,1.530196
2008,Clemson,1.514525
2008,Oregon,1.487779
2008,East Carolina,1.477958
2008,South Carolina,1.432648
2008,Virginia,1.431972
2008,Penn State,1.351206
2008,Texas Tech,1.34761
2008,TCU,1.343432
2008,Nebraska,1.330138
2008,Missouri,1.271537
2008,UConn,1.267108
2008,Kentucky,1.265107
2008,Boise State,1.225533
2008,Iowa,1.224199
2008,South Florida,1.185572
2008,Michigan State,1.182843
2008,Navy,1.173886
2008,Ohio State,1.116668
2008,Arizona,1.104301
2008,Rice,1.072769
2008,Duke,1.060618
2008,Tulsa,1.05321
2008,Tennessee,1.040033
2008,Notre Dame,1.03601
2008,Oklahoma State,1.021255
2008,Kansas,0.996484
2008,Houston,0.995083
2008,Northwestern,0.953603
2008,Ball State,0.909014
2008,BYU,0.903885
2008,Arkansas,0.893859
2008,Southern Miss,0.866826
2008,Stanford,0.860536
2008,Colorado State,0.860378
2008,Mississippi State,0.823361
2008,Air Force,0.813266
2008,Buffalo,0.793567
2008,Auburn,0.773783
2008,Fresno State,0.767787
2008,Hawai'i,0.75584
2008,Wisconsin,0.753979
2008,Colorado,0.738883
2008,Louisiana Tech,0.719821
2008,Nevada,0.693409
2008,Louisville,0.67519
2008,FAU,0.669459
2008,Western Michigan,0.664614
2008,UCLA,0.657393
2008,Bowling Green,0.653705
2008,Minnesota,0.652888
2008,Central Michigan,0.647736
2008,Middle Tennessee,0.640011
2008,Troy,0.634609
2008,Arizona State,0.603605
2008,Marshall,0.586543
2008,Memphis,0.568436
2008,Illinois,0.561432
2008,UTEP,0.551549
2008,Syracuse,0.55058
2008,New Mexico,0.537384
2008,Texas A&M,0.523203
2008,UNLV,0.519522
2008,Arkansas State,0.499486
2008,Louisiana,0.482317
2008,Michigan,0.478828
2008,Baylor,0.471572
2008,Northern Illinois,0.468096
2008,San Jose State,0.455834
2008,Purdue,0.448101
2008,Akron,0.443899
2008,Wyoming,0.44197
2008,UCF,0.438003
2008,FIU,0.431389
2008,Kansas State,0.430625
2008,Temple,0.42878
2008,Utah State,0.416276
2008,UAB,0.404094
2008,Army,0.383601
2008,Kent State,0.372099
2008,Indiana,0.369123
2008,Eastern Michigan,0.362618
2008,Washington State,0.352932
2008,ULM,0.349087
2008,New Mexico State,0.347541
2008,Washington,0.346575
2008,Tulane,0.332053
2008,Toledo,0.321297
2008,San Diego State,0.315506
2008,Ohio,0.30807
2008,Miami (OH),0.286207
2008,Iowa State,0.259665
2008,Western Kentucky,0.233586
2008,SMU,0.229835
2008,Idaho,0.222718
2008,North Texas,0.220288
2009,Alabama,3.710008
2009,Florida,2.7129
2009,Ohio State,2.349687
2009,Texas,2.278993
2009,Iowa,2.194236
2009,Oregon,2.154684
2009,Georgia Tech,2.109398
2009,Virginia Tech,2.022251
2009,USC,1.96694
2009,Cincinnati,1.850533
2009,Boise State,1.797297
2009,Clemson,1.745859
2009,Pittsburgh,1.741477
2009,Georgia,1.719159
2009,Nebraska,1.696823
2009,Stanford,1.664983
2009,Miami (FL),1.664227
2009,BYU,1.655722
2009,LSU,1.649998
2009,TCU,1.641778
2009,Penn State,1.607654
2009,Arizona,1.604515
2009,Florida State,1.559822
2009,Ole Miss,1.559431
2009,Wisconsin,1.558137
2009,Auburn,1.540711
2009,Arkansas,1.524468
2009,Oklahoma,1.521566
2009,North Carolina,1.459804
2009,Oklahoma State,1.444748
2009,West Virginia,1.43114
2009,Oregon State,1.412745
2009,California,1.38279
2009,Texas Tech,1.356578
2009,UConn,1.328564
2009,Utah,1.321613
2009,South Carolina,1.296377
2009,Navy,1.273699
2009,Tennessee,1.265452
2009,Washington,1.239737
2009,UCLA,1.238199
2009,Houston,1.198904
2009,Boston College,1.170469
2009,Northwestern,1.142545
2009,Kentucky,1.106939
2009,Notre Dame,1.07598
2009,Iowa State,1.072372
2009,Rutgers,1.065386
2009,South Florida,1.039367
2009,East Carolina,1.038339
2009,Missouri,1.016103
2009,Central Michigan,1.007499
2009,Minnesota,0.999761
2009,Air Force,0.986345
2009,Texas A&M,0.978045
2009,Mississippi State,0.97226
2009,SMU,0.919991
2009,Purdue,0.888451
2009,Wake Forest,0.82326
2009,UCF,0.822958
2009,NC State,0.821207
2009,Middle Tennessee,0.818321
2009,Michigan State,0.813219
2009,Nevada,0.812808
2009,Marshall,0.803649
2009,Idaho,0.79522
2009,Wyoming,0.766622
2009,Troy,0.763964
2009,Fresno State,0.73184
2009,Kansas State,0.717379
2009,Temple,0.708765
2009,Kansas,0.689644
2009,Southern Miss,0.675112
2009,Virginia,0.669335
2009,Arizona State,0.659159
2009,Ohio,0.648063
2009,Syracuse,0.645526
2009,Colorado,0.64428
2009,Baylor,0.630925
2009,Hawai'i,0.618919
2009,Bowling Green,0.599222
2009,Duke,0.587313
2009,UTEP,0.580634
2009,Michigan,0.557129
2009,UAB,0.542805
2009,Maryland,0.542168
2009,Louisville,0.522982
2009,Illinois,0.509898
2009,Washington State,0.508725
2009,Northern Illinois,0.499061
2009,UNLV,0.489404
2009,Toledo,0.458858
2009,Utah State,0.442962
2009,Louisiana,0.435466
2009,Colorado State,0.4351
2009,Indiana,0.432542
2009,Louisiana Tech,0.419914
2009,Vanderbilt,0.413918
2009,FAU,0.403864
2009,Tulsa,0.403821
2009,FIU,0.39581
2009,ULM,0.393592
2009,San Diego State,0.388515
2009,Rice,0.375903
2009,Buffalo,0.375479
2009,Tulane,0.348933
2009,Kent State,0.344408
2009,New Mexico State,0.333972
2009,New Mexico,0.318205
2009,Army,0.317552
2009,Memphis,0.31298
2009,San Jose State,0.307921
2009,Arkansas State,0.307541
2009,Western Michigan,0.303397
2009,Miami (OH),0.299165
2009,North Texas,0.261138
2009,Akron,0.240512
2009,Ball State,0.222317
2009,Western Kentucky,0.176988
2009,Eastern Michigan,0.176248
2010,Auburn,3.402619
2010,Oklahoma,2.59329
2010,Stanford,2.277432
2010,LSU,2.256753
2010,Ohio State,2.085475
2010,Oregon,2.06834
2010,Oklahoma State,2.033774
2010,TCU,2.003819
2010,Florida State,1.994255
2010,Alabama,1.916248
2010,Virginia Tech,1.907482
2010,Missouri,1.865082
2010,Arkansas,1.842417
2010,Texas A&M,1.770719
2010,NC State,1.764557
2010,Nebraska,1.761158
2010,Boise State,1.713228
2010,Washington,1.652333
2010,Notre Dame,1.629489
2010,Michigan State,1.60753
2010,South Carolina,1.593139
2010,Iowa,1.576748
2010,Wisconsin,1.563336
2010,Nevada,1.473138
2010,Maryland,1.468826
2010,Mississippi State,1.390961
2010,West Virginia,1.381126
2010,Texas Tech,1.37896
2010,North Carolina,1.372075
2010,Utah,1.360594
2010,Pittsburgh,1.319029
2010,Miami (FL),1.309595
2010,Florida,1.295931
2010,Tulsa,1.276385
2010,UConn,1.225128
2010,South Florida,1.223495
2010,UCF,1.223385
2010,USC,1.222643
2010,Arizona,1.207063
2010,Air Force,1.160563
2010,Navy,1.127077
2010,Syracuse,1.127036
2010,East Carolina,1.103869
2010,BYU,1.094453
2010,Michigan,1.090086
2010,Clemson,1.089796
2010,San Diego State,1.088864
2010,Illinois,1.085219
2010,Oregon State,1.074845
2010,Louisville,1.038973
2010,Hawai'i,1.027627
2010,SMU,1.021494
2010,Kansas State,1.002186
2010,Texas,0.982343
2010,Baylor,0.970961
2010,Boston College,0.923514
2010,Penn State,0.913376
2010,Colorado,0.904105
2010,Arizona State,0.872335
2010,Iowa State,0.871747
2010,Northwestern,0.856548
2010,Northern Illinois,0.849515
2010,Kentucky,0.836749
2010,Southern Miss,0.833075
2010,Miami (OH),0.826022
2010,Georgia,0.82247
2010,FIU,0.813516
2010,Troy,0.790914
2010,Army,0.783141
2010,Georgia Tech,0.778252
2010,UCLA,0.763152
2010,Fresno State,0.762541
2010,Tennessee,0.761544
2010,California,0.748021
2010,Minnesota,0.743289
2010,Ole Miss,0.681994
2010,Cincinnati,0.676966
2010,Rutgers,0.657823
2010,Temple,0.601155
2010,Rice,0.597312
2010,UTEP,0.596491
2010,Marshall,0.59571
2010,Kansas,0.584293
2010,Toledo,0.581399
2010,UAB,0.580032
2010,Ohio,0.565958
2010,Houston,0.563951
2010,ULM,0.555525
2010,Middle Tennessee,0.54201
2010,Purdue,0.532256
2010,Duke,0.520842
2010,Arkansas State,0.517374
2010,Washington State,0.503242
2010,FAU,0.499703
2010,Utah State,0.498165
2010,Virginia,0.492021
2010,Idaho,0.478491
2010,Wake Forest,0.472153
2010,Indiana,0.470737
2010,Tulane,0.463586
2010,Louisiana Tech,0.458147
2010,Colorado State,0.44937
2010,UNLV,0.434973
2010,Vanderbilt,0.434466
2010,Wyoming,0.409007
2010,Louisiana,0.402367
2010,North Texas,0.377935
2010,New Mexico,0.3515
2010,Western Kentucky,0.336172
2010,Western Michigan,0.329971
2010,Memphis,0.325855
2010,Kent State,0.319984
2010,New Mexico State,0.308374
2010,Bowling Green,0.296106
2010,San Jose State,0.27701
2010,Central Michigan,0.265492
2010,Eastern Michigan,0.241082
2010,Buffalo,0.212897
2010,Ball State,0.211912
2010,Akron,0.181417
2011,Oklahoma State,3.276636
2011,Alabama,3.076528
2011,LSU,2.923084
2011,Oklahoma,2.529493
2011,Baylor,2.279317
2011,Oregon,2.267822
2011,Arkansas,2.231951
2011,Kansas State,2.16379
2011,Michigan,2.03455
2011,Michigan State,1.959165
2011,South Carolina,1.949628
2011,USC,1.873126
2011,Stanford,1.858098
2011,Texas,1.836896
2011,West Virginia,1.780842
2011,Wisconsin,1.774824
2011,Missouri,1.756156
2011,Clemson,1.696686
2011,Houston,1.673091
2011,Texas A&M,1.660079
2011,Virginia Tech,1.554676
2011,Nebraska,1.514777
2011,Boise State,1.513496
2011,Georgia,1.484787
2011,Rutgers,1.454091
2011,Auburn,1.453223
2011,Iowa State,1.449598
2011,Southern Miss,1.383831
2011,Florida State,1.380411
2011,Utah,1.327997
2011,Cincinnati,1.313743
2011,Notre Dame,1.292071
2011,Penn State,1.277882
2011,Arizona State,1.25978
2011,NC State,1.2407
2011,Louisville,1.153
2011,Illinois,1.150063
2011,TCU,1.144527
2011,Iowa,1.137428
2011,North Carolina,1.129523
2011,Georgia Tech,1.124252
2011,Washington,1.111424
2011,Marshall,1.11074
2011,Florida,1.109821
2011,UCLA,1.109564
2011,California,1.083103
2011,Northern Illinois,1.079782
2011,BYU,1.062826
2011,Ohio State,1.046165
2011,Tulsa,1.037577
2011,Mississippi State,0.999057
2011,Texas Tech,0.998168
2011,Virginia,0.978834
2011,Purdue,0.941035
2011,SMU,0.926009
2011,Ohio,0.912632
2011,Miami (FL),0.891661
2011,Wake Forest,0.891156
2011,Northwestern,0.864361
2011,Pittsburgh,0.834887
2011,Arizona,0.818962
2011,Vanderbilt,0.797918
2011,Toledo,0.796731
2011,Syracuse,0.794305
2011,Louisiana,0.769325
2011,Arkansas State,0.756897
2011,Tennessee,0.752419
2011,UConn,0.71457
2011,Minnesota,0.702447
2011,Colorado,0.69564
2011,South Florida,0.690866
2011,Oregon State,0.689164
2011,FIU,0.685012
2011,Louisiana Tech,0.680731
2011,Temple,0.6725
2011,Kansas,0.633134
2011,Nevada,0.631309
2011,Boston College,0.620661
2011,Western Kentucky,0.619746
2011,Washington State,0.603812
2011,Kentucky,0.602888
2011,Western Michigan,0.600609
2011,Utah State,0.587128
2011,San Diego State,0.583761
2011,Ball State,0.577225
2011,Rice,0.564424
2011,East Carolina,0.558648
2011,Navy,0.544779
2011,UCF,0.530117
2011,UAB,0.523429
2011,Wyoming,0.513868
2011,San Jose State,0.490541
2011,Duke,0.489027
2011,Hawai'i,0.483011
2011,North Texas,0.451692
2011,Air Force,0.438734
2011,Kent State,0.435835
2011,Ole Miss,0.431853
2011,Maryland,0.42483
2011,New Mexico State,0.421251
2011,UTEP,0.410292
2011,Bowling Green,0.408478
2011,Fresno State,0.390426
2011,Eastern Michigan,0.386662
2011,Central Michigan,0.383081
2011,Miami (OH),0.376046
2011,Troy,0.366158
2011,Army,0.339129
2011,Buffalo,0.314881
2011,ULM,0.313751
2011,UNLV,0.303303
2011,FAU,0.294924
2011,Indiana,0.293183
2011,Colorado State,0.283333
2011,Tulane,0.265321
2011,New Mexico,0.26002
2011,Idaho,0.255058
2011,Middle Tennessee,0.247455
2011,Memphis,0.226186
2011,Akron,0.172094
2012,Alabama,3.261091
2012,Stanford,2.834769
2012,Notre Dame,2.649717
2012,Oregon,2.642523
2012,Kansas State,2.465612
2012,Texas A&M,2.354059
2012,Oklahoma,2.302954
2012,Georgia,2.264112
2012,Florida,2.255074
2012,Texas,2.17462
2012,Baylor,2.068199
2012,South Carolina,2.06116
2012,Clemson,1.868609
2012,Nebraska,1.863929
2012,LSU,1.847369
2012,Ohio State,1.846807
2012,Louisville,1.817482
2012,Florida State,1.752528
2012,UCLA,1.743354
2012,Oregon State,1.683068
2012,Oklahoma State,1.66981
2012,TCU,1.578773
2012,Northwestern,1.577879
2012,Michigan State,1.545362
2012,Syracuse,1.494687
2012,Tulsa,1.489503
2012,Arizona,1.466897
2012,West Virginia,1.464589
2012,Washington,1.422375
2012,Texas Tech,1.422011
2012,Iowa State,1.397278
2012,Michigan,1.386534
2012,USC,1.351069
2012,Cincinnati,1.274947
2012,Boise State,1.248001
2012,Vanderbilt,1.247203
2012,Wisconsin,1.241306
2012,Georgia Tech,1.238159
2012,Arkansas State,1.21678
2012,Virginia Tech,1.169472
2012,Penn State,1.156425
2012,Arizona State,1.141115
2012,Rutgers,1.120266
2012,UCF,1.109012
2012,Ole Miss,1.096945
2012,Northern Illinois,1.044753
2012,Miami (FL),1.026874
2012,San Jose State,1.00705
2012,Kent State,0.997509
2012,BYU,0.982647
2012,Utah State,0.96532
2012,North Carolina,0.955262
2012,SMU,0.952772
2012,Mississippi State,0.947097
2012,Louisiana,0.932757
2012,Missouri,0.925878
2012,Ball State,0.925833
2012,NC State,0.898629
2012,ULM,0.857094
2012,Pittsburgh,0.83911
2012,Ohio,0.830866
2012,Toledo,0.823546
2012,Duke,0.807925
2012,Middle Tennessee,0.805867
2012,Minnesota,0.803938
2012,Iowa,0.782692
2012,UConn,0.770349
2012,Arkansas,0.749019
2012,San Diego State,0.737753
2012,Western Kentucky,0.735405
2012,Fresno State,0.733823
2012,California,0.730008
2012,Navy,0.721844
2012,Rice,0.714568
2012,Purdue,0.695453
2012,Central Michigan,0.692128
2012,Utah,0.691736
2012,Virginia,0.690507
2012,Louisiana Tech,0.675258
2012,Tennessee,0.660583
2012,East Carolina,0.634203
2012,Wake Forest,0.625804
2012,Bowling Green,0.600122
2012,Washington State,0.595333
2012,Auburn,0.550727
2012,Houston,0.53908
2012,Nevada,0.522533
2012,Maryland,0.519883
2012,Kentucky,0.499423
2012,Troy,0.498298
2012,North Texas,0.489069
2012,Marshall,0.481252
2012,South Florida,0.474784
2012,Indiana,0.46055
2012,Temple,0.456268
2012,Colorado,0.450358
2012,Kansas,0.448983
2012,FAU,0.44715
2012,Memphis,0.432613
2012,Air Force,0.427606
2012,Western Michigan,0.416381
2012,Tulane,0.414361
2012,Boston College,0.407149
2012,Miami (OH),0.401633
2012,UTEP,0.384923
2012,Buffalo,0.37336
2012,FIU,0.362976
2012,Wyoming,0.351323
2012,Colorado State,0.344354
2012,UAB,0.344111
2012,Illinois,0.338191
2012,Eastern Michigan,0.319275
2012,Army,0.307626
2012,New Mexico,0.299802
2012,Texas State,0.294421
2012,UNLV,0.278922
2012,Southern Miss,0.263565
2012,South Alabama,0.257764
2012,Hawai'i,0.25142
2012,UTSA,0.235516
2012,Massachusetts,0.233533
2012,Idaho,0.220619
2012,Akron,0.190857
2012,New Mexico State,0.158593
2013,Florida State,3.258611
2013,Stanford,3.22989
2013,Auburn,2.785069
2013,Michigan State,2.61735
2013,Arizona State,2.613698
2013,Missouri,2.488963
2013,Oklahoma,2.459911
2013,Oregon,2.458999
2013,UCLA,2.395656
2013,USC,2.355918
2013,South Carolina,2.329001
2013,Notre Dame,2.16861
2013,Alabama,2.011984
2013,LSU,1.8716
2013,Baylor,1.854109
2013,Oklahoma State,1.850835
2013,Clemson,1.845231
2013,Washington,1.794019
2013,Texas A&M,1.748235
2013,Georgia,1.670736
2013,UCF,1.668458
2013,Ole Miss,1.66114
2013,Texas,1.615837
2013,Texas Tech,1.606506
2013,Arizona,1.588155
2013,Ohio State,1.536023
2013,Virginia Tech,1.451586
2013,Duke,1.422085
2013,Nebraska,1.415186
2013,Kansas State,1.403434
2013,Washington State,1.402944
2013,Pittsburgh,1.393744
2013,Oregon State,1.382762
2013,Utah,1.364163
2013,BYU,1.2905
2013,Miami (FL),1.278052
2013,Vanderbilt,1.262692
2013,Mississippi State,1.255273
2013,Louisville,1.236474
2013,Wisconsin,1.203556
2013,Georgia Tech,1.190612
2013,Michigan,1.188962
2013,Syracuse,1.147837
2013,Iowa,1.145227
2013,Minnesota,1.08119
2013,North Carolina,1.071588
2013,Fresno State,1.046795
2013,Navy,1.027585
2013,Utah State,1.016545
2013,Tennessee,0.999539
2013,Penn State,0.955441
2013,Boston College,0.942267
2013,Rice,0.934906
2013,Colorado State,0.928554
2013,Marshall,0.924228
2013,East Carolina,0.883973
2013,North Texas,0.883875
2013,Maryland,0.845479
2013,Louisiana,0.844414
2013,Northern Illinois,0.832907
2013,Arkansas State,0.807848
2013,San Diego State,0.796361
2013,Houston,0.793318
2013,Boise State,0.780752
2013,Florida,0.772635
2013,Bowling Green,0.723396
2013,San Jose State,0.720347
2013,West Virginia,0.696042
2013,Tulane,0.686465
2013,Indiana,0.68374
2013,Western Kentucky,0.679642
2013,UTSA,0.662188
2013,Cincinnati,0.658792
2013,South Alabama,0.637728
2013,Northwestern,0.632577
2013,Colorado,0.625091
2013,Toledo,0.616872
2013,Middle Tennessee,0.616223
2013,UNLV,0.588985
2013,ULM,0.587675
2013,Ball State,0.578215
2013,Iowa State,0.575648
2013,TCU,0.573784
2013,Ohio,0.570225
2013,Rutgers,0.561354
2013,Arkansas,0.548333
2013,Virginia,0.547698
2013,Wake Forest,0.538229
2013,FAU,0.527529
2013,Troy,0.518572
2013,Buffalo,0.492337
2013,Nevada,0.485167
2013,California,0.478742
2013,Kansas,0.471465
2013,Illinois,0.457004
2013,Tulsa,0.452709
2013,SMU,0.433451
2013,Texas State,0.408825
2013,South Florida,0.406711
2013,Kentucky,0.388984
2013,NC State,0.388819
2013,Memphis,0.387049
2013,UConn,0.379573
2013,Akron,0.371953
2013,Wyoming,0.354884
2013,Purdue,0.338032
2013,Central Michigan,0.324837
2013,Idaho,0.322417
2013,New Mexico,0.321933
2013,Kent State,0.316362
2013,Temple,0.310987
2013,Hawai'i,0.307967
2013,New Mexico State,0.29385
2013,UTEP,0.270193
2013,Army,0.263886
2013,Air Force,0.252856
2013,UAB,0.245549
2013,Louisiana Tech,0.236022
2013,Western Michigan,0.225863
2013,Southern Miss,0.225091
2013,FIU,0.221901
2013,Massachusetts,0.208142
2013,Eastern Michigan,0.183924
2013,Georgia State,0.178261
2013,Miami (OH),0.149077
2014,Ohio State,5.364117
2014,Oregon,4.04479
2014,Florida State,2.595427
2014,Alabama,2.551525
2014,UCLA,2.407024
2014,Arizona,2.350581
2014,Georgia Tech,2.24978
2014,Arizona State,2.13329
2014,USC,2.107341
2014,Wisconsin,2.075631
2014,Boise State,2.040072
2014,Utah,1.999525
2014,Georgia,1.965293
2014,Michigan State,1.955671
2014,Missouri,1.94373
2014,Virginia Tech,1.918161
2014,TCU,1.892849
2014,Ole Miss,1.891562
2014,Clemson,1.688418
2014,Notre Dame,1.676989
2014,Auburn,1.650019
2014,Stanford,1.629266
2014,Mississippi State,1.494976
2014,LSU,1.45591
2014,Texas A&M,1.439317
2014,Rutgers,1.425248
2014,Nebraska,1.388815
2014,Baylor,1.357767
2014,Louisville,1.35716
2014,South Carolina,1.342691
2014,Arkansas,1.337996
2014,Penn State,1.321066
2014,Boston College,1.255054
2014,Minnesota,1.248504
2014,North Carolina,1.205776
2014,Florida,1.2051
2014,Miami (FL),1.19167
2014,Louisiana Tech,1.187231
2014,Duke,1.185711
2014,Marshall,1.184751
2014,Tennessee,1.171084
2014,Kansas State,1.165325
2014,Air Force,1.138947
2014,Oklahoma,1.125947
2014,Maryland,1.110302
2014,Illinois,1.09519
2014,Washington,1.091977
2014,Colorado State,1.068042
2014,Utah State,1.06164
2014,Northwestern,1.053804
2014,NC State,1.048995
2014,Pittsburgh,1.022864
2014,Oklahoma State,1.01455
2014,West Virginia,1.005163
2014,Memphis,0.98009
2014,Cincinnati,0.972262
2014,Iowa,0.959841
2014,Western Kentucky,0.954033
2014,Michigan,0.933587
2014,Virginia,0.907633
2014,BYU,0.892268
2014,East Carolina,0.890236
2014,Oregon State,0.87297
2014,California,0.862552
2014,Texas,0.848401
2014,Washington State,0.836933
2014,Houston,0.835841
2014,UCF,0.831484
2014,Northern Illinois,0.818838
2014,Rice,0.797573
2014,Navy,0.790903
2014,Indiana,0.76052
2014,Nevada,0.738139
2014,Fresno State,0.686514
2014,Toledo,0.67231
2014,Louisiana,0.670508
2014,Wyoming,0.628466
2014,Kentucky,0.623294
2014,UTEP,0.615046
2014,San Diego State,0.606703
2014,Wake Forest,0.605356
2014,Bowling Green,0.601135
2014,Old Dominion,0.592135
2014,Middle Tennessee,0.573658
2014,Colorado,0.54903
2014,Purdue,0.525217
2014,Western Michigan,0.501892
2014,UAB,0.501856
2014,Temple,0.498244
2014,UTSA,0.477354
2014,Iowa State,0.476226
2014,Syracuse,0.473664
2014,New Mexico,0.470316
2014,Texas Tech,0.463722
2014,Central Michigan,0.462638
2014,FAU,0.462367
2014,Arkansas State,0.460109
2014,Vanderbilt,0.423192
2014,Georgia Southern,0.406151
2014,Tulane,0.400198
2014,Kansas,0.385969
2014,Hawai'i,0.382507
2014,South Alabama,0.381405
2014,FIU,0.378941
2014,Akron,0.373641
2014,Appalachian State,0.349389
2014,San Jose State,0.346153
2014,South Florida,0.345037
2014,Ball State,0.341818
2014,UNLV,0.335531
2014,Kent State,0.329026
2014,Southern Miss,0.326093
2014,UConn,0.310006
2014,Texas State,0.309605
2014,North Texas,0.308918
2014,ULM,0.302702
2014,Ohio,0.297895
2014,SMU,0.288293
2014,Army,0.283944
2014,Tulsa,0.281914
2014,Massachusetts,0.27111
2014,Miami (OH),0.230778
2014,Buffalo,0.21387
2014,Eastern Michigan,0.203873
2014,Troy,0.202169
2014,Georgia State,0.161602
2014,New Mexico State,0.143811
2014,Idaho,0.112961
2015,Alabama,5.421728
2015,Clemson,3.097269
2015,Stanford,3.063052
2015,Ole Miss,2.726025
2015,Michigan State,2.661927
2015,Utah,2.231768
2015,Oklahoma,2.218065
2015,Ohio State,2.091053
2015,TCU,2.048058
2015,Oregon,2.041547
2015,Michigan,2.027031
2015,LSU,1.994918
2015,Arkansas,1.966043
2015,Iowa,1.930918
2015,Northwestern,1.919193
2015,USC,1.909775
2015,Florida,1.844876
2015,Washington State,1.819857
2015,Wisconsin,1.797445
2015,Tennessee,1.734696
2015,California,1.701393
2015,Houston,1.67104
2015,UCLA,1.622298
2015,Nebraska,1.590683
2015,Notre Dame,1.584933
2015,Oklahoma State,1.542503
2015,Baylor,1.528362
2015,Mississippi State,1.491468
2015,Washington,1.465651
2015,Texas A&M,1.456652
2015,Georgia,1.456503
2015,Auburn,1.426688
2015,Toledo,1.344195
2015,West Virginia,1.33053
2015,Florida State,1.288173
2015,Navy,1.254566
2015,Memphis,1.253997
2015,Arizona State,1.243647
2015,BYU,1.221058
2015,Arizona,1.218603
2015,North Carolina,1.185806
2015,San Diego State,1.141079
2015,Louisville,1.129841
2015,Texas Tech,1.121335
2015,Miami (FL),1.11008
2015,Western Kentucky,1.094529
2015,Texas,1.073094
2015,Boise State,1.049545
2015,Temple,1.040482
2015,Bowling Green,1.017931
2015,Penn State,0.990334
2015,Minnesota,0.98995
2015,Pittsburgh,0.974007
2015,Appalachian State,0.935682
2015,Western Michigan,0.921585
2015,Georgia Southern,0.921575
2015,Air Force,0.844631
2015,Kansas State,0.83943
2015,South Florida,0.791795
2015,Northern Illinois,0.783792
2015,Duke,0.769942
2015,Virginia Tech,0.762335
2015,New Mexico,0.754108
2015,Missouri,0.746047
2015,Illinois,0.745305
2015,Indiana,0.743057
2015,Nevada,0.742693
2015,Cincinnati,0.73237
2015,Utah State,0.729389
2015,Arkansas State,0.709605
2015,Marshall,0.700141
2015,Louisiana Tech,0.693397
2015,San Jose State,0.659292
2015,Ohio,0.657053
2015,Akron,0.649542
2015,South Carolina,0.636547
2015,Central Michigan,0.636256
2015,Colorado State,0.634656
2015,UConn,0.631238
2015,NC State,0.617378
2015,Colorado,0.61236
2015,Southern Miss,0.607712
2015,Vanderbilt,0.602578
2015,Tulsa,0.578127
2015,Purdue,0.575183
2015,Middle Tennessee,0.573431
2015,Georgia State,0.566274
2015,Maryland,0.563697
2015,Iowa State,0.560726
2015,Kentucky,0.538236
2015,Oregon State,0.534677
2015,Rutgers,0.529081
2015,Georgia Tech,0.524939
2015,Virginia,0.510151
2015,East Carolina,0.490137
2015,South Alabama,0.475669
2015,Syracuse,0.468467
2015,UNLV,0.39146
2015,Hawai'i,0.390393
2015,Fresno State,0.388991
2015,Wyoming,0.378904
2015,Boston College,0.368606
2015,Buffalo,0.361098
2015,New Mexico State,0.355135
2015,Wake Forest,0.350688
2015,ULM,0.338579
2015,SMU,0.338387
2015,Kansas,0.337874
2015,Idaho,0.333393
2015,Troy,0.332843
2015,UTEP,0.314608
2015,Ball State,0.314238
2015,Massachusetts,0.312907
2015,Louisiana,0.305929
2015,Texas State,0.293891
2015,UTSA,0.289585
2015,FAU,0.28808
2015,Rice,0.283658
2015,Old Dominion,0.279279
2015,FIU,0.274706
2015,Miami (OH),0.265059
2015,Kent State,0.264281
2015,Tulane,0.262902
2015,Eastern Michigan,0.24619
2015,North Texas,0.245939
2015,UCF,0.245055
2015,Charlotte,0.208671
2015,Army,0.182185
2016,Clemson,5.565293
2016,Alabama,3.933091
2016,Florida State,2.405509
2016,Ohio State,2.2338
2016,Virginia Tech,2.135952
2016,Pittsburgh,2.119233
2016,Tennessee,2.054319
2016,Florida,1.958066
2016,USC,1.954532
2016,Oklahoma,1.947366
2016,Georgia Tech,1.936996
2016,Washington,1.899369
2016,Wisconsin,1.886262
2016,Miami (FL),1.880964
2016,Stanford,1.818947
2016,Penn State,1.806567
2016,LSU,1.752734
2016,Oklahoma State,1.748507
2016,Louisville,1.717339
2016,North Carolina,1.684985
2016,Michigan,1.589892
2016,Auburn,1.567402
2016,NC State,1.565346
2016,Georgia,1.540892
2016,Northwestern,1.464387
2016,Texas A&M,1.451156
2016,Colorado,1.446173
2016,Kentucky,1.338828
2016,Kansas State,1.295121
2016,West Virginia,1.293337
2016,Vanderbilt,1.283591
2016,South Florida,1.278326
2016,Arkansas,1.267437
2016,Nebraska,1.242073
2016,Minnesota,1.226817
2016,Utah,1.198447
2016,Iowa,1.195383
2016,Washington State,1.17388
2016,Western Michigan,1.1721
2016,Boise State,1.164954
2016,Western Kentucky,1.155016
2016,Wake Forest,1.132649
2016,South Carolina,1.131119
2016,San Diego State,1.122662
2016,Troy,1.111447
2016,Houston,1.105929
2016,Boston College,1.097331
2016,Appalachian State,1.078148
2016,Baylor,1.061169
2016,Mississippi State,1.046615
2016,Air Force,1.031114
2016,BYU,0.996165
2016,Ole Miss,0.991541
2016,Louisiana Tech,0.98516
2016,Navy,0.983424
2016,Wyoming,0.967607
2016,Temple,0.952832
2016,Syracuse,0.947158
2016,New Mexico,0.900138
2016,Tulsa,0.876321
2016,Notre Dame,0.872893
2016,Idaho,0.847141
2016,Army,0.845399
2016,Duke,0.835656
2016,Southern Miss,0.832909
2016,California,0.828595
2016,Old Dominion,0.827859
2016,Arkansas State,0.82178
2016,Memphis,0.782972
2016,Missouri,0.775136
2016,TCU,0.76223
2016,Colorado State,0.744164
2016,Texas,0.734598
2016,Hawai'i,0.707788
2016,Toledo,0.706008
2016,Central Michigan,0.688561
2016,Texas Tech,0.688459
2016,Middle Tennessee,0.682166
2016,Indiana,0.665769
2016,Ohio,0.640018
2016,Arizona State,0.637201
2016,Eastern Michigan,0.636514
2016,UCLA,0.634545
2016,Oregon,0.631853
2016,South Alabama,0.616216
2016,UTSA,0.59125
2016,Louisiana,0.58958
2016,Maryland,0.586919
2016,Georgia Southern,0.569511
2016,Virginia,0.556749
2016,Oregon State,0.553909
2016,North Texas,0.553105
2016,SMU,0.550693
2016,Miami (OH),0.546763
2016,East Carolina,0.501911
2016,UCF,0.487861
2016,Arizona,0.485885
2016,Michigan State,0.4771
2016,New Mexico State,0.472889
2016,Iowa State,0.452356
2016,Northern Illinois,0.440897
2016,UNLV,0.430665
2016,Rutgers,0.425997
2016,Illinois,0.41937
2016,ULM,0.389112
2016,Akron,0.38479
2016,Cincinnati,0.381115
2016,Utah State,0.375365
2016,UTEP,0.375111
2016,Kent State,0.374885
2016,Charlotte,0.370494
2016,Kansas,0.366077
2016,Purdue,0.363134
2016,Tulane,0.351449
2016,FIU,0.348046
2016,Marshall,0.345366
2016,Nevada,0.329245
2016,UConn,0.32756
2016,Bowling Green,0.325448
2016,Georgia State,0.324474
2016,San Jose State,0.324354
2016,Buffalo,0.314945
2016,Rice,0.307862
2016,Massachusetts,0.294671
2016,Texas State,0.28906
2016,FAU,0.275765
2016,Ball State,0.267042
2016,Fresno State,0.18587
2017,Alabama,4.970304
2017,Georgia,3.961942
2017,Clemson,2.853065
2017,Ohio State,2.763302
2017,Oklahoma,2.681334
2017,Auburn,2.665419
2017,Wisconsin,2.511213
2017,Notre Dame,2.474906
2017,UCF,2.21984
2017,Penn State,2.123945
2017,TCU,2.051217
2017,Michigan State,2.024027
2017,USC,1.887045
2017,Iowa,1.886162
2017,Miami (FL),1.858102
2017,Northwestern,1.84776
2017,Oklahoma State,1.732257
2017,Stanford,1.680139
2017,Iowa State,1.654629
2017,NC State,1.643315
2017,Mississippi State,1.630414
2017,LSU,1.601104
2017,Wake Forest,1.575818
2017,South Carolina,1.574141
2017,Washington State,1.442172
2017,Boise State,1.439705
2017,Washington,1.389438
2017,Kansas State,1.338464
2017,Texas,1.332975
2017,Purdue,1.310357
2017,Florida State,1.30218
2017,Boston College,1.287228
2017,Virginia Tech,1.273026
2017,Fresno State,1.272405
2017,Louisville,1.258387
2017,Army,1.231026
2017,Michigan,1.224766
2017,Duke,1.205904
2017,FAU,1.155369
2017,Memphis,1.154779
2017,Navy,1.122503
2017,Arizona State,1.096723
2017,Texas A&M,1.092456
2017,Kentucky,1.085233
2017,Troy,1.07945
2017,West Virginia,1.070762
2017,San Diego State,1.022645
2017,Utah,1.016903
2017,South Florida,1.000419
2017,UCLA,0.96847
2017,Ole Miss,0.962615
2017,Houston,0.959784
2017,Syracuse,0.953781
2017,Texas Tech,0.950631
2017,Georgia Tech,0.941968
2017,Virginia,0.937073
2017,Oregon,0.905093
2017,Missouri,0.902016
2017,Pittsburgh,0.889659
2017,Arizona,0.848169
2017,North Texas,0.843319
2017,Toledo,0.842659
2017,Temple,0.836935
2017,Vanderbilt,0.828827
2017,Appalachian State,0.819526
2017,Maryland,0.79434
2017,Florida,0.776354
2017,Nebraska,0.76978
2017,Marshall,0.734622
2017,Ohio,0.733433
2017,SMU,0.719171
2017,Minnesota,0.70174
2017,California,0.695478
2017,Wyoming,0.691964
2017,Middle Tennessee,0.679058
2017,Tennessee,0.675807
2017,Indiana,0.674712
2017,Arkansas,0.674015
2017,Rutgers,0.673222
2017,Tulane,0.664489
2017,Louisiana Tech,0.647106
2017,FIU,0.628354
2017,Akron,0.619807
2017,Northern Illinois,0.619508
2017,Central Michigan,0.604027
2017,Southern Miss,0.598755
2017,UAB,0.566627
2017,Colorado State,0.550086
2017,New Mexico State,0.54973
2017,Georgia State,0.532791
2017,UNLV,0.529389
2017,Buffalo,0.525072
2017,Utah State,0.491509
2017,North Carolina,0.491474
2017,Air Force,0.478037
2017,Colorado,0.474772
2017,Western Michigan,0.442117
2017,Miami (OH),0.44119
2017,South Alabama,0.438292
2017,Cincinnati,0.438208
2017,Illinois,0.435642
2017,Arkansas State,0.435102
2017,ULM,0.434798
2017,Eastern Michigan,0.433673
2017,BYU,0.429269
2017,East Carolina,0.421499
2017,Tulsa,0.41673
2017,UConn,0.414753
2017,Western Kentucky,0.409178
2017,Baylor,0.395571
2017,Nevada,0.385179
2017,Massachusetts,0.374633
2017,Old Dominion,0.371503
2017,UTSA,0.361355
2017,Louisiana,0.345843
2017,Kansas,0.345041
2017,Idaho,0.341033
2017,New Mexico,0.323627
2017,Bowling Green,0.312228
2017,San Jose State,0.306799
2017,Georgia Southern,0.300654
2017,Kent State,0.27708
2017,Oregon State,0.276987
2017,Coastal Carolina,0.2739
2017,Hawai'i,0.258887
2017,Charlotte,0.253871
2017,Rice,0.245224
2017,UTEP,0.229717
2017,Ball State,0.218083
2017,Texas State,0.179908
2018,Clemson,5.378308
2018,Alabama,3.709456
2018,Ohio State,2.954403
2018,Notre Dame,2.739321
2018,Oklahoma,2.534782
2018,Texas,2.424553
2018,Northwestern,2.231322
2018,Georgia,2.110109
2018,Michigan,1.97279
2018,Washington,1.937958
2018,Kentucky,1.897509
2018,Florida,1.896887
2018,Washington State,1.855674
2018,LSU,1.812707
2018,Texas A&M,1.806949
2018,Stanford,1.75911
2018,Iowa,1.743001
2018,Syracuse,1.690285
2018,Penn State,1.661144
2018,Duke,1.639052
2018,Pittsburgh,1.631874
2018,Auburn,1.602795
2018,Utah,1.577611
2018,Purdue,1.561272
2018,Oklahoma State,1.544747
2018,Minnesota,1.535978
2018,West Virginia,1.527011
2018,Oregon,1.508824
2018,TCU,1.456096
2018,Wisconsin,1.443175
2018,Iowa State,1.413955
2018,Michigan State,1.33737
2018,Fresno State,1.327687
2018,Missouri,1.318175
2018,Mississippi State,1.304554
2018,Virginia,1.280132
2018,UCF,1.22008
2018,Baylor,1.185009
2018,Arizona State,1.182887
2018,NC State,1.168201
2018,Wake Forest,1.164148
2018,Cincinnati,1.158597
2018,South Carolina,1.12189
2018,Maryland,1.103103
2018,Georgia Tech,1.087553
2018,California,1.082844
2018,Miami (FL),1.072744
2018,Boise State,1.056292
2018,Virginia Tech,1.053008
2018,Boston College,1.047976
2018,UAB,1.013285
2018,Northern Illinois,0.959038
2018,Appalachian State,0.948839
2018,Army,0.943636
2018,Troy,0.93992
2018,Florida State,0.936994
2018,Tennessee,0.936241
2018,USC,0.927797
2018,Texas Tech,0.918621
2018,BYU,0.910923
2018,Indiana,0.9034
2018,Georgia Southern,0.890004
2018,Temple,0.887008
2018,Nebraska,0.870156
2018,Vanderbilt,0.848746
2018,Ohio,0.847907
2018,Buffalo,0.815971
2018,Kansas State,0.80893
2018,Utah State,0.795797
2018,Arizona,0.775343
2018,UCLA,0.762634
2018,Marshall,0.757099
2018,San Diego State,0.749759
2018,Middle Tennessee,0.74524
2018,Colorado,0.694259
2018,Nevada,0.691331
2018,Eastern Michigan,0.685228
2018,Tulane,0.681286
2018,FIU,0.665491
2018,Miami (OH),0.654285
2018,Western Michigan,0.652156
2018,Houston,0.628509
2018,Kansas,0.618136
2018,Illinois,0.606508
2018,Ole Miss,0.602207
2018,Louisiana Tech,0.596918
2018,South Florida,0.594012
2018,Akron,0.580757
2018,Hawai'i,0.564235
2018,Memphis,0.552127
2018,Arkansas State,0.540147
2018,Louisiana,0.539464
2018,Toledo,0.530191
2018,North Texas,0.524926
2018,Louisville,0.507031
2018,North Carolina,0.504525
2018,ULM,0.466769
2018,SMU,0.466005
2018,Coastal Carolina,0.460635
2018,Oregon State,0.456498
2018,FAU,0.427429
2018,Southern Miss,0.417906
2018,Liberty,0.405441
2018,Rutgers,0.402294
2018,Old Dominion,0.392096
2018,Wyoming,0.383113
2018,UNLV,0.373838
2018,Charlotte,0.372936
2018,Arkansas,0.3711
2018,Navy,0.358649
2018,Ball State,0.351418
2018,East Carolina,0.337543
2018,Massachusetts,0.334446
2018,Air Force,0.323417
2018,Western Kentucky,0.303185
2018,Bowling Green,0.30014
2018,Colorado State,0.29506
2018,San Jose State,0.275349
2018,Tulsa,0.272844
2018,South Alabama,0.271961
2018,UTSA,0.267633
2018,New Mexico,0.256959
2018,Rice,0.248112
2018,Georgia State,0.238154
2018,New Mexico State,0.231593
2018,Kent State,0.221268
2018,Central Michigan,0.206859
2018,UConn,0.203345
2018,Texas State,0.200009
2018,UTEP,0.168071
2019,LSU,5.098874
2019,Clemson,3.51734
2019,Ohio State,2.747761
2019,Oregon,2.724506
2019,Georgia,2.546012
2019,Oklahoma,2.087648
2019,Penn State,2.083045
2019,Utah,2.047983
2019,Notre Dame,2.030815
2019,Wisconsin,1.986091
2019,Florida,1.964945
2019,Iowa,1.926624
2019,Minnesota,1.828357
2019,Washington,1.823149
2019,USC,1.811466
2019,Auburn,1.787658
2019,Alabama,1.775907
2019,Arizona State,1.744832
2019,Texas,1.703493
2019,Michigan,1.641614
2019,Boise State,1.554831
2019,Cincinnati,1.539372
2019,Memphis,1.536766
2019,Baylor,1.484128
2019,California,1.424449
2019,Appalachian State,1.389662
2019,Louisville,1.388575
2019,Hawai'i,1.343199
2019,Air Force,1.32594
2019,Virginia,1.32332
2019,Navy,1.302658
2019,Texas A&M,1.261443
2019,Tennessee,1.251759
2019,Michigan State,1.220551
2019,BYU,1.217324
2019,Kentucky,1.211658
2019,Pittsburgh,1.185801
2019,UCF,1.163034
2019,Kansas State,1.160871
2019,Louisiana,1.157993
2019,Colorado,1.1515
2019,North Carolina,1.126553
2019,FAU,1.124851
2019,Oklahoma State,1.108632
2019,San Diego State,1.08921
2019,Wake Forest,1.087212
2019,Miami (FL),1.072845
2019,Oregon State,1.050701
2019,UCLA,1.042166
2019,Virginia Tech,1.022595
2019,Iowa State,1.006862
2019,Illinois,1.000603
2019,South Carolina,0.996851
2019,SMU,0.98008
2019,Florida State,0.973938
2019,Mississippi State,0.964777
2019,Stanford,0.959442
2019,Miami (OH),0.934527
2019,Boston College,0.92747
2019,Washington State,0.924418
2019,Kent State,0.892753
2019,Marshall,0.886237
2019,Utah State,0.880644
2019,Western Kentucky,0.870779
2019,Buffalo,0.857554
2019,Temple,0.85093
2019,Indiana,0.839598
2019,Ohio,0.807519
2019,Louisiana Tech,0.803166
2019,Georgia Southern,0.791002
2019,Western Michigan,0.783975
2019,Wyoming,0.783338
2019,Arizona,0.754504
2019,TCU,0.734847
2019,Syracuse,0.733341
2019,Nebraska,0.731408
2019,Arkansas State,0.729439
2019,Toledo,0.727001
2019,Duke,0.725156
2019,Central Michigan,0.707925
2019,Missouri,0.675798
2019,Nevada,0.671079
2019,Georgia State,0.66265
2019,West Virginia,0.662172
2019,Tulane,0.662063
2019,Liberty,0.644231
2019,Purdue,0.637495
2019,Eastern Michigan,0.636374
2019,Georgia Tech,0.62695
2019,Tulsa,0.625307
2019,Ball State,0.590385
2019,Northwestern,0.562
2019,Northern Illinois,0.548715
2019,Vanderbilt,0.54626
2019,Charlotte,0.544935
2019,UAB,0.542785
2019,Ole Miss,0.5331
2019,Texas Tech,0.52548
2019,Fresno State,0.515507
2019,South Florida,0.509224
2019,NC State,0.497875
2019,Maryland,0.495433
2019,FIU,0.483617
2019,Rutgers,0.481595
2019,Kansas,0.477679
2019,Southern Miss,0.463411
2019,ULM,0.447931
2019,Middle Tennessee,0.426113
2019,UNLV,0.425607
2019,Houston,0.422062
2019,Arkansas,0.409955
2019,San Jose State,0.408824
2019,Troy,0.389891
2019,Colorado State,0.382725
2019,Bowling Green,0.361134
2019,Coastal Carolina,0.357959
2019,Texas State,0.335017
2019,Army,0.311954
2019,Rice,0.309038
2019,South Alabama,0.308214
2019,New Mexico,0.272898
2019,North Texas,0.258615
2019,UTSA,0.247978
2019,East Carolina,0.245454
2019,UConn,0.230839
2019,New Mexico State,0.208365
2019,Akron,0.188029
2019,Old Dominion,0.185174
2019,Massachusetts,0.165114
2019,UTEP,0.121192
2020,Alabama,8.940483
2020,Texas A&M,4.116908
2020,Oklahoma,3.880615
2020,Florida,3.64387
2020,Georgia,3.550433
2020,Iowa State,3.155798
2020,Ohio State,3.153074
2020,Auburn,2.984099
2020,Notre Dame,2.79212
2020,Oklahoma State,2.780062
2020,Clemson,2.513491
2020,LSU,2.405348
2020,Kentucky,2.367141
2020,Missouri,2.203257
2020,Ole Miss,2.115694
2020,Louisiana,2.113653
2020,Texas,2.079489
2020,Mississippi State,2.066827
2020,Coastal Carolina,1.964912
2020,Arkansas,1.892653
2020,North Carolina,1.865177
2020,Northwestern,1.835142
2020,Miami (FL),1.803505
2020,TCU,1.798464
2020,Kansas State,1.708467
2020,NC State,1.639201
2020,Tennessee,1.573268
2020,Liberty,1.536807
2020,West Virginia,1.513388
2020,South Carolina,1.313903
2020,Virginia Tech,1.274048
2020,BYU,1.241584
2020,Appalachian State,1.168206
2020,Cincinnati,1.147617
2020,Boston College,1.091987
2020,Pittsburgh,1.069241
2020,Virginia,1.065219
2020,Texas Tech,1.010131
2020,Georgia Southern,0.989537
2020,Georgia State,0.944408
2020,Baylor,0.897632
2020,Washington,0.877697
2020,Indiana,0.867647
2020,Oregon,0.852087
2020,Tulsa,0.843833
2020,Memphis,0.836458
2020,USC,0.814581
2020,Utah,0.807633
2020,Wake Forest,0.803391
2020,Arkansas State,0.799398
2020,Ball State,0.797618
2020,Arizona State,0.790238
2020,Louisville,0.787255
2020,Army,0.780524
2020,Wisconsin,0.756954
2020,Marshall,0.755637
2020,Tulane,0.7516
2020,Buffalo,0.746558
2020,Florida State,0.722618
2020,Nevada,0.712886
2020,California,0.712051
2020,UAB,0.708656
2020,Georgia Tech,0.699742
2020,Miami (OH),0.689319
2020,UTSA,0.685811
2020,SMU,0.685175
2020,UCF,0.682399
2020,Michigan State,0.676412
2020,Iowa,0.674397
2020,San Jose State,0.669065
2020,Colorado,0.659645
2020,Troy,0.655365
2020,Stanford,0.652741
2020,Vanderbilt,0.622835
2020,South Alabama,0.617978
2020,Ohio,0.610058
2020,Kent State,0.572444
2020,Boise State,0.569187
2020,Washington State,0.563499
2020,Syracuse,0.561059
2020,FAU,0.556324
2020,Duke,0.551404
2020,Penn State,0.540032
2020,Texas State,0.539554
2020,Kansas,0.539415
2020,Hawai'i,0.532121
2020,UCLA,0.522612
2020,Michigan,0.521333
2020,Louisiana Tech,0.510762
2020,Western Kentucky,0.506184
2020,Oregon State,0.484877
2020,Air Force,0.48476
2020,Rutgers,0.465038
2020,Nebraska,0.456815
2020,Maryland,0.454301
2020,Western Michigan,0.448733
2020,Toledo,0.438097
2020,Minnesota,0.436037
2020,Central Michigan,0.427766
2020,Navy,0.422449
2020,Houston,0.417794
2020,Purdue,0.415084
2020,FIU,0.414723
2020,Rice,0.403903
2020,Colorado State,0.401532
2020,Middle Tennessee,0.395883
2020,Arizona,0.395136
2020,San Diego State,0.388091
2020,Wyoming,0.378984
2020,East Carolina,0.365082
2020,Fresno State,0.363998
2020,Eastern Michigan,0.356054
2020,North Texas,0.350708
2020,Massachusetts,0.347494
2020,Charlotte,0.344406
2020,Utah State,0.329934
2020,Southern Miss,0.323667
2020,Illinois,0.31068
2020,Bowling Green,0.30272
2020,ULM,0.285649
2020,New Mexico,0.274791
2020,UTEP,0.268474
2020,Northern Illinois,0.263467
2020,Akron,0.258814
2020,Temple,0.248448
2020,UNLV,0.244789
2020,South Florida,0.213991
2021,Georgia,5.19648
2021,Alabama,3.868277
2021,Baylor,2.924354
2021,Oklahoma State,2.911597
2021,Michigan,2.519576
2021,Ohio State,2.247528
2021,Oklahoma,2.120546
2021,Michigan State,2.02362
2021,Arkansas,1.845479
2021,Ole Miss,1.803634
2021,Cincinnati,1.756287
2021,Purdue,1.750823
2021,Iowa,1.746048
2021,Kentucky,1.736354
2021,Wisconsin,1.725023
2021,Minnesota,1.712912
2021,Notre Dame,1.710212
2021,San Diego State,1.63188
2021,Clemson,1.626853
2021,Texas A&M,1.602513
2021,Kansas State,1.571736
2021,Iowa State,1.555769
2021,Texas Tech,1.478643
2021,Pittsburgh,1.463656
2021,Utah State,1.41453
2021,Oregon,1.413794
2021,Auburn,1.364583
2021,Wake Forest,1.353658
2021,Houston,1.348817
2021,Utah,1.331417
2021,Mississippi State,1.329735
2021,Penn State,1.32129
2021,Army,1.256109
2021,Tennessee,1.238709
2021,Texas,1.234103
2021,Air Force,1.229873
2021,Fresno State,1.221251
2021,UTSA,1.206725
2021,West Virginia,1.202301
2021,LSU,1.199134
2021,Boise State,1.184909
2021,Maryland,1.169154
2021,BYU,1.1686
2021,South Carolina,1.162283
2021,TCU,1.148309
2021,Western Michigan,1.143969
2021,Louisiana,1.138602
2021,Central Michigan,1.109652
2021,Northern Illinois,1.067097
2021,UAB,1.027176
2021,Wyoming,1.023985
2021,Missouri,1.019088
2021,NC State,1.006785
2021,Miami (FL),0.978532
2021,UCF,0.959292
2021,Illinois,0.92115
2021,North Carolina,0.882845
2021,Oregon State,0.881969
2021,Western Kentucky,0.880502
2021,Liberty,0.880154
2021,Coastal Carolina,0.878023
2021,UCLA,0.875868
2021,Florida,0.868687
2021,Nevada,0.86725
2021,Georgia State,0.841938
2021,Appalachian State,0.840292
2021,Miami (OH),0.837774
2021,SMU,0.801244
2021,Kent State,0.801025
2021,Ball State,0.795022
2021,Tulsa,0.774204
2021,Eastern Michigan,0.771996
2021,Louisville,0.767884
2021,Arizona State,0.765016
2021,Washington State,0.756714
2021,Virginia,0.741033
2021,Navy,0.73897
2021,Rutgers,0.723501
2021,Virginia Tech,0.707023
2021,Hawai'i,0.701799
2021,Toledo,0.701412
2021,Florida State,0.69755
2021,Memphis,0.670677
2021,East Carolina,0.611969
2021,Syracuse,0.601031
2021,Stanford,0.596485
2021,Boston College,0.594322
2021,Middle Tennessee,0.588783
2021,Kansas,0.58105
2021,San Jose State,0.572596
2021,North Texas,0.571815
2021,Marshall,0.564748
2021,Indiana,0.546017
2021,Bowling Green,0.543306
2021,Nebraska,0.535611
2021,Georgia Tech,0.534115
2021,California,0.533452
2021,UTEP,0.524636
2021,USC,0.524499
2021,Northwestern,0.503354
2021,Colorado State,0.482005
2021,Vanderbilt,0.473889
2021,Colorado,0.470881
2021,Rice,0.451214
2021,New Mexico,0.449543
2021,Washington,0.448985
2021,Ohio,0.442643
2021,UNLV,0.43428
2021,Old Dominion,0.428484
2021,ULM,0.422992
2021,Duke,0.358364
2021,Texas State,0.355756
2021,Charlotte,0.35257
2021,Troy,0.349167
2021,Buffalo,0.345313
2021,FAU,0.344867
2021,Temple,0.341253
2021,South Alabama,0.338299
2021,New Mexico State,0.333509
2021,Tulane,0.328902
2021,Louisiana Tech,0.316604
2021,Arizona,0.309562
2021,Akron,0.30231
2021,Southern Miss,0.290607
2021,South Florida,0.284379
2021,Georgia Southern,0.278061
2021,UConn,0.250365
2021,Arkansas State,0.224746
2021,Massachusetts,0.221184
2021,FIU,0.166691
2022,Georgia,5.228469
2022,TCU,3.488171
2022,Tennessee,2.496823
2022,Alabama,2.315802
2022,Michigan,2.25752
2022,Kansas State,2.210052
2022,Ohio State,2.172328
2022,LSU,2.146097
2022,Clemson,1.968382
2022,Tulane,1.958113
2022,Penn State,1.89199
2022,Florida State,1.861231
2022,Notre Dame,1.839556
2022,Washington,1.783523
2022,USC,1.717243
2022,Oregon,1.689574
2022,Texas Tech,1.650452
2022,Mississippi State,1.636328
2022,Texas,1.629748
2022,South Carolina,1.611047
2022,Oregon State,1.566936
2022,Utah,1.559169
2022,Louisville,1.499518
2022,NC State,1.492377
2022,Arkansas,1.46257
2022,Wake Forest,1.455299
2022,Troy,1.396525
2022,Maryland,1.358751
2022,Pittsburgh,1.336282
2022,Iowa,1.31815
2022,Kentucky,1.315269
2022,Ole Miss,1.309688
2022,UCLA,1.257787
2022,Florida,1.251351
2022,North Carolina,1.24036
2022,Minnesota,1.21216
2022,Oklahoma State,1.211763
2022,Wisconsin,1.19406
2022,Syracuse,1.185897
2022,Purdue,1.183135
2022,UCF,1.158685
2022,Missouri,1.141045
2022,Duke,1.13708
2022,Kansas,1.116186
2022,Oklahoma,1.109367
2022,BYU,1.084372
2022,Illinois,1.082225
2022,Baylor,1.066874
2022,East Carolina,1.037975
2022,Houston,1.035654
2022,UTSA,1.026525
2022,Marshall,1.021712
2022,Boise State,1.016132
2022,Fresno State,1.002112
2022,Toledo,0.957437
2022,Georgia Tech,0.938989
2022,Coastal Carolina,0.928202
2022,Air Force,0.914548
2022,Texas A&M,0.914126
2022,Ohio,0.907119
2022,Auburn,0.904245
2022,Cincinnati,0.899793
2022,Liberty,0.893801
2022,West Virginia,0.880287
2022,Western Kentucky,0.875232
2022,Vanderbilt,0.859353
2022,Southern Miss,0.856957
2022,Washington State,0.856844
2022,SMU,0.841217
2022,Michigan State,0.816418
2022,Iowa State,0.797512
2022,Buffalo,0.792556
2022,South Alabama,0.772244
2022,Boston College,0.724805
2022,Memphis,0.724504
2022,Bowling Green,0.709277
2022,UAB,0.700204
2022,UConn,0.69008
2022,Eastern Michigan,0.68844
2022,Indiana,0.68632
2022,Arizona,0.67777
2022,Middle Tennessee,0.674583
2022,Kent State,0.666127
2022,James Madison,0.66106
2022,Stanford,0.658501
2022,North Texas,0.641251
2022,Louisiana,0.639171
2022,Utah State,0.624589
2022,Miami (FL),0.623548
2022,Appalachian State,0.616892
2022,Navy,0.609767
2022,Nebraska,0.604306
2022,Wyoming,0.601212
2022,New Mexico State,0.59173
2022,Arizona State,0.587593
2022,San Diego State,0.578152
2022,Georgia Southern,0.576034
2022,UTEP,0.53878
2022,California,0.533871
2022,Rice,0.533806
2022,Rutgers,0.529916
2022,Georgia State,0.518631
2022,Miami (OH),0.482729
2022,Western Michigan,0.481381
2022,San Jose State,0.480379
2022,Ball State,0.475634
2022,Colorado,0.466787
2022,Tulsa,0.455803
2022,Army,0.447585
2022,FAU,0.442993
2022,Virginia Tech,0.440185
2022,ULM,0.435037
2022,UNLV,0.41867
2022,Old Dominion,0.410097
2022,Virginia,0.399165
2022,Northwestern,0.397945
2022,Central Michigan,0.382361
2022,Charlotte,0.374261
2022,Louisiana Tech,0.364875
2022,Texas State,0.335783
2022,FIU,0.330328
2022,Northern Illinois,0.324825
2022,Colorado State,0.309546
2022,Hawai'i,0.302328
2022,Nevada,0.293022
2022,Arkansas State,0.285276
2022,New Mexico,0.276025
2022,South Florida,0.268298
2022,Akron,0.257082
2022,Temple,0.250306
2022,Massachusetts,0.198051
2023,Michigan,5.428777
2023,Washington,4.208269
2023,Texas,2.500962
2023,Georgia,2.381556
2023,Alabama,2.299693
2023,Oregon,2.207549
2023,Florida State,2.112092
2023,Ohio State,2.054098
2023,Missouri,1.935238
2023,Arizona,1.889329
2023,USC,1.849305
2023,Penn State,1.833415
2023,Iowa,1.82399
2023,Louisville,1.810964
2023,Ole Miss,1.806818
2023,Notre Dame,1.743326
2023,Oklahoma State,1.734517
2023,Oklahoma,1.648245
2023,Kansas State,1.639665
2023,LSU,1.607092
2023,Northwestern,1.546152
2023,Duke,1.494058
2023,Tennessee,1.48783
2023,UCLA,1.485997
2023,Kansas,1.477197
2023,Clemson,1.457872
2023,Utah,1.406419
2023,Oregon State,1.387546
2023,NC State,1.354706
2023,Rutgers,1.340065
2023,West Virginia,1.333386
2023,Wyoming,1.320806
2023,James Madison,1.30381
2023,North Carolina,1.273214
2023,Boise State,1.253597
2023,Maryland,1.248584
2023,Wisconsin,1.244097
2023,Minnesota,1.231936
2023,Air Force,1.225843
2023,Virginia Tech,1.207395
2023,Texas Tech,1.205699
2023,Georgia Tech,1.186704
2023,Troy,1.179409
2023,Fresno State,1.139333
2023,Iowa State,1.124896
2023,Coastal Carolina,1.120034
2023,UNLV,1.116411
2023,Appalachian State,1.105203
2023,Memphis,1.075798
2023,Liberty,1.057764
2023,Miami (FL),1.044712
2023,Boston College,1.027087
2023,California,0.998764
2023,Nebraska,0.982442
2023,Purdue,0.978323
2023,Tulane,0.973002
2023,Toledo,0.94604
2023,San Jose State,0.93858
2023,Illinois,0.924644
2023,Kentucky,0.924193
2023,UCF,0.916257
2023,Washington State,0.909575
2023,UTSA,0.877335
2023,SMU,0.846031
2023,Miami (OH),0.826227
2023,Georgia State,0.824006
2023,South Alabama,0.816245
2023,Ohio,0.814955
2023,Texas A&M,0.798712
2023,Michigan State,0.772778
2023,Arizona State,0.759238
2023,Colorado,0.745452
2023,Syracuse,0.743101
2023,Marshall,0.742523
2023,Auburn,0.740501
2023,Texas State,0.734543
2023,Stanford,0.734467
2023,New Mexico State,0.725949
2023,Old Dominion,0.72006
2023,Virginia,0.712026
2023,Pittsburgh,0.705272
2023,Northern Illinois,0.703762
2023,Florida,0.695547
2023,Army,0.68973
2023,Houston,0.687251
2023,Mississippi State,0.682211
2023,Bowling Green,0.668489
2023,Western Kentucky,0.660475
2023,TCU,0.654623
2023,Georgia Southern,0.650132
2023,South Carolina,0.648306
2023,Hawai'i,0.644246
2023,South Florida,0.640821
2023,Jacksonville State,0.613246
2023,BYU,0.611238
2023,Indiana,0.608218
2023,Utah State,0.602874
2023,San Diego State,0.595847
2023,Colorado State,0.558378
2023,Arkansas State,0.555627
2023,Wake Forest,0.553753
2023,Louisiana,0.538661
2023,New Mexico,0.512972
2023,Rice,0.506056
2023,Baylor,0.483172
2023,Cincinnati,0.459198
2023,Central Michigan,0.446611
2023,Arkansas,0.420136
2023,Tulsa,0.417265
2023,Nevada,0.398417
2023,Massachusetts,0.393406
2023,Vanderbilt,0.391956
2023,Ball State,0.374456
2023,UAB,0.365707
2023,FAU,0.357325
2023,Navy,0.35622
2023,Western Michigan,0.356056
2023,Eastern Michigan,0.355333
2023,UConn,0.354242
2023,Southern Miss,0.344255
2023,East Carolina,0.32857
2023,North Texas,0.323247
2023,ULM,0.310805
2023,Middle Tennessee,0.305592
2023,Buffalo,0.273746
2023,Charlotte,0.272296
2023,UTEP,0.266492
2023,Temple,0.245763
2023,FIU,0.243616
2023,Sam Houston,0.226568
2023,Louisiana Tech,0.216344
2023,Akron,0.163585
2023,Kent State,0.157457
2024,Ohio State,9.635789
2024,Notre Dame,6.314876
2024,Oregon,4.581242
2024,Texas,3.790269
2024,Penn State,3.732553
2024,Michigan,3.212272
2024,Georgia,2.765861
2024,Indiana,2.302761
2024,Illinois,2.072044
2024,Tennessee,1.853604
2024,USC,1.714919
2024,Alabama,1.69694
2024,Northern Illinois,1.592966
2024,Louisville,1.580076
2024,LSU,1.563867
2024,Minnesota,1.546179
2024,Ole Miss,1.544522
2024,SMU,1.49525
2024,Iowa State,1.477924
2024,Washington,1.469161
2024,Missouri,1.46627
2024,Arizona State,1.447504
2024,South Carolina,1.444584
2024,Iowa,1.439508
2024,Clemson,1.41581
2024,Texas A&M,1.34585
2024,Syracuse,1.336104
2024,Nebraska,1.262334
2024,Florida,1.237252
2024,BYU,1.21885
2024,Vanderbilt,1.212211
2024,Miami (FL),1.184072
2024,Rutgers,1.172473
2024,Boise State,1.167936
2024,Miami (OH),1.153767
2024,Kansas State,1.125987
2024,Ohio,1.107341
2024,UCLA,1.07014
2024,Arkansas,1.025272
2024,Michigan State,1.013683
2024,Navy,1.00768
2024,Georgia Tech,1.004115
2024,Virginia Tech,0.966499
2024,Toledo,0.9583
2024,Marshall,0.93921
2024,TCU,0.936025
2024,Texas Tech,0.934637
2024,Boston College,0.922217
2024,Duke,0.917658
2024,Northwestern,0.899417
2024,Buffalo,0.894366
2024,Wisconsin,0.888537
2024,Oklahoma,0.888534
2024,Baylor,0.85572
2024,Maryland,0.836257
2024,UNLV,0.834628
2024,Colorado,0.833683
2024,Army,0.833671
2024,Pittsburgh,0.811695
2024,Kansas,0.800149
2024,NC State,0.76469
2024,Memphis,0.75291
2024,Kentucky,0.746314
2024,Purdue,0.743667
2024,Western Michigan,0.741921
2024,Bowling Green,0.738397
2024,Stanford,0.737764
2024,Washington State,0.723749
2024,Cincinnati,0.706259
2024,Virginia,0.701315
2024,Tulane,0.698567
2024,Georgia Southern,0.697965
2024,James Madison,0.696439
2024,Arkansas State,0.687447
2024,Sam Houston,0.679641
2024,North Carolina,0.677459
2024,UConn,0.676571
2024,Louisiana,0.659827
2024,West Virginia,0.648163
2024,Auburn,0.634992
2024,South Alabama,0.632932
2024,Akron,0.630131
2024,East Carolina,0.623144
2024,Texas State,0.606851
2024,Houston,0.601729
2024,Old Dominion,0.597764
2024,Western Kentucky,0.569051
2024,California,0.560665
2024,Jacksonville State,0.56055
2024,UTSA,0.546272
2024,Oregon State,0.510967
2024,Colorado State,0.509407
2024,Wake Forest,0.498665
2024,UCF,0.481435
2024,Fresno State,0.480792
2024,San Jose State,0.462823
2024,Ball State,0.462279
2024,Appalachian State,0.458565
2024,Coastal Carolina,0.456322
2024,Utah,0.452316
2024,South Florida,0.442901
2024,Florida State,0.441506
2024,Mississippi State,0.427946
2024,Liberty,0.417478
2024,Georgia State,0.412967
2024,Rice,0.410212
2024,Central Michigan,0.395992
2024,ULM,0.389939
2024,Arizona,0.377856
2024,Oklahoma State,0.377629
2024,Eastern Michigan,0.377587
2024,North Texas,0.368156
2024,Charlotte,0.36731
2024,Wyoming,0.330447
2024,Air Force,0.321361
2024,Troy,0.319602
2024,New Mexico,0.311936
2024,Nevada,0.299615
2024,Louisiana Tech,0.298686
2024,Kent State,0.280472
2024,Hawai'i,0.274736
2024,FIU,0.262809
2024,Utah State,0.255373
2024,Massachusetts,0.240923
2024,Temple,0.237096
2024,UAB,0.23459
2024,UTEP,0.226694
2024,Tulsa,0.217573
2024,San Diego State,0.205045
2024,Kennesaw State,0.197001
2024,Middle Tennessee,0.187907
2024,FAU,0.187482
2024,New Mexico State,0.182736
2024,Southern Miss,0.150695
2025,Indiana,8.41407
2025,Miami (FL),5.956403
2025,Ole Miss,3.824004
2025,Oregon,3.791932
2025,Alabama,2.878229
2025,Georgia,2.549342
2025,Ohio State,2.458851
2025,SMU,2.230703
2025,BYU,2.027547
2025,Louisville,1.971132
2025,Duke,1.900352
2025,Virginia,1.874444
2025,Texas Tech,1.868988
2025,Tulane,1.716749
2025,Texas A&M,1.702045
2025,Oklahoma,1.688979
2025,NC State,1.66682
2025,Illinois,1.666529
2025,Texas,1.663851
2025,TCU,1.632765
2025,Notre Dame,1.589797
2025,Iowa,1.570201
2025,Wake Forest,1.525013
2025,USC,1.454414
2025,Georgia Tech,1.369272
2025,Utah,1.359278
2025,Arizona State,1.327914
2025,Michigan,1.305973
2025,Pittsburgh,1.298092
2025,North Texas,1.28665
2025,James Madison,1.278352
2025,Washington,1.261615
2025,Houston,1.2613
2025,California,1.214499
2025,Penn State,1.205807
2025,Florida State,1.169764
2025,Old Dominion,1.158388
2025,Arizona,1.126917
2025,Iowa State,1.120768
2025,Vanderbilt,1.119447
2025,East Carolina,1.093052
2025,Wisconsin,1.079407
2025,Navy,1.07829
2025,Minnesota,1.076497
2025,South Florida,1.07064
2025,Clemson,1.04497
2025,LSU,0.987587
2025,Northwestern,0.983151
2025,Florida,0.96451
2025,Hawai'i,0.951986
2025,Kennesaw State,0.921554
2025,UTSA,0.909806
2025,Tennessee,0.897417
2025,Stanford,0.873451
2025,Nebraska,0.848702
2025,Western Michigan,0.843996
2025,Army,0.8358
2025,Virginia Tech,0.834764
2025,UCLA,0.809714
2025,Missouri,0.804564
2025,Jacksonville State,0.779376
2025,Washington State,0.774899
2025,Baylor,0.773175
2025,UConn,0.764765
2025,Cincinnati,0.76122
2025,Fresno State,0.758257
2025,San Diego State,0.754361
2025,Mississippi State,0.752123
2025,Boise State,0.750086
2025,Memphis,0.73123
2025,UNLV,0.721535
2025,Kansas State,0.721191
2025,West Virginia,0.717223
2025,New Mexico,0.702605
2025,Western Kentucky,0.686125
2025,Ohio,0.680654
2025,Michigan State,0.67662
2025,Rutgers,0.657903
2025,Kentucky,0.655796
2025,Syracuse,0.655604
2025,Arkansas State,0.646655
2025,Texas State,0.645319
2025,South Carolina,0.628473
2025,Georgia Southern,0.626853
2025,Delaware,0.621362
2025,Maryland,0.616492
2025,Southern Miss,0.6078
2025,Troy,0.603987
2025,Colorado,0.580325
2025,Louisiana Tech,0.574462
2025,FIU,0.55834
2025,UCF,0.546841
2025,Auburn,0.54398
2025,Toledo,0.542145
2025,North Carolina,0.54176
2025,Kansas,0.539739
2025,Purdue,0.528282
2025,Marshall,0.506806
2025,Louisiana,0.505707
2025,Missouri State,0.490622
2025,Rice,0.481226
2025,Temple,0.473324
2025,Utah State,0.467884
2025,Miami (OH),0.463988
2025,Coastal Carolina,0.461509
2025,Arkansas,0.414168
2025,Oregon State,0.405397
2025,Boston College,0.403718
2025,Central Michigan,0.392435
2025,San Jose State,0.389699
2025,Appalachian State,0.380523
2025,Tulsa,0.380092
2025,FAU,0.368025
2025,UAB,0.366538
2025,South Alabama,0.334025
2025,ULM,0.321953
2025,Sam Houston,0.314449
2025,Liberty,0.307394
2025,Oklahoma State,0.299212
2025,Air Force,0.2939
2025,Colorado State,0.289931
2025,Eastern Michigan,0.284542
2025,Ball State,0.281129
2025,Wyoming,0.273599
2025,Kent State,0.272124
2025,Bowling Green,0.266434
2025,Charlotte,0.263608
2025,Middle Tennessee,0.258537
2025,Georgia State,0.25655
2025,New Mexico State,0.251537
2025,Nevada,0.249759
2025,Buffalo,0.247739
2025,Akron,0.233476
2025,UTEP,0.198162
2025,Northern Illinois,0.186666
2025,Massachusetts,0.138997
2026,Indiana,3.98561
2026,Miami (FL),3.14125
2026,Ole Miss,2.634379
2026,Alabama,2.229203
2026,Duke,2.072899
2026,USC,2.061496
2026,Oregon,2.037129
2026,Texas,2.010731
2026,Notre Dame,1.688069
2026,North Dakota State,1.685574
2026,Georgia,1.646389
2026,Michigan,1.629221
2026,Ohio State,1.537597
2026,Louisville,1.52147
2026,SMU,1.484553
2026,BYU,1.482577
2026,Texas A&M,1.444821
2026,Texas Tech,1.429661
2026,Pittsburgh,1.398915
2026,Penn State,1.376689
2026,Oklahoma,1.365959
2026,LSU,1.357502
2026,UCLA,1.353987
2026,Virginia,1.347235
2026,Wake Forest,1.331144
2026,Mississippi State,1.285077
2026,Iowa,1.282672
2026,North Texas,1.267232
2026,Tulane,1.241771
2026,Illinois,1.220509
2026,Clemson,1.208584
2026,Vanderbilt,1.198142
2026,Florida,1.184119
2026,TCU,1.165449
2026,James Madison,1.154857
2026,Utah,1.154824
2026,Washington,1.143402
2026,Stanford,1.12685
2026,South Florida,1.12062
2026,Memphis,1.118889
2026,East Carolina,1.091502
2026,Tennessee,1.086004
2026,NC State,1.082787
2026,Michigan State,1.077713
2026,Kansas State,1.074351
2026,Texas State,1.07351
2026,West Virginia,1.067636
2026,Fresno State,1.060562
2026,Arizona State,1.059394
2026,Virginia Tech,1.056404
2026,FAU,1.035463
2026,Florida State,1.031883
2026,Auburn,1.029461
2026,California,1.026048
2026,Houston,1.025944
2026,UTSA,1.014138
2026,Kentucky,1.006441
2026,Nebraska,1.005756
2026,Wisconsin,0.986878
2026,Missouri,0.97898
2026,Boise State,0.964934
2026,Arizona,0.957983
2026,Northwestern,0.957524
2026,Oklahoma State,0.956
2026,Marshall,0.955743
2026,Iowa State,0.953681
2026,Georgia Tech,0.950743
2026,Cincinnati,0.948653
2026,UNLV,0.941501
2026,Minnesota,0.936651
2026,Navy,0.926079
2026,Ohio,0.903596
2026,Jacksonville State,0.902869
2026,Hawai'i,0.883609
2026,Western Michigan,0.882915
2026,Appalachian State,0.881639
2026,Old Dominion,0.879207
2026,North Carolina,0.869971
2026,Tulsa,0.842712
2026,Baylor,0.841822
2026,Western Kentucky,0.834179
2026,UConn,0.832219
2026,Colorado,0.82975
2026,New Mexico,0.826251
2026,Army,0.821374
2026,Maryland,0.820845
2026,San Jose State,0.814844
2026,Louisiana,0.784832
2026,Delaware,0.778711
2026,Kennesaw State,0.777483
2026,South Carolina,0.772078
2026,UCF,0.769557
2026,FIU,0.766818
2026,Troy,0.751346
2026,Toledo,0.748012
2026,San Diego State,0.739428
2026,Washington State,0.737669
2026,South Alabama,0.736409
2026,UAB,0.706976
2026,Boston College,0.704754
2026,Eastern Michigan,0.702644
2026,Syracuse,0.699668
2026,Arkansas State,0.691741
2026,Rutgers,0.68085
2026,Georgia Southern,0.678697
2026,Nevada,0.670481
2026,Georgia State,0.664684
2026,Southern Miss,0.663433
2026,Louisiana Tech,0.661906
2026,Central Michigan,0.661704
2026,Purdue,0.660378
2026,Middle Tennessee,0.648295
2026,Liberty,0.647293
2026,Colorado State,0.644597
2026,Kansas,0.643653
2026,Rice,0.639021
2026,Missouri State,0.637006
2026,Miami (OH),0.625296
2026,Utah State,0.625154
2026,Temple,0.621553
2026,Arkansas,0.621358
2026,Coastal Carolina,0.608076
2026,Oregon State,0.606836
2026,Air Force,0.593472
2026,Charlotte,0.588131
2026,Massachusetts,0.572074
2026,ULM,0.560478
2026,Kent State,0.552116
2026,Ball State,0.551437
2026,UTEP,0.54666
2026,Sam Houston,0.544729
2026,Bowling Green,0.538598
2026,Buffalo,0.53757
2026,Akron,0.536261
2026,New Mexico State,0.531584
2026,Wyoming,0.520057
2026,Northern Illinois,0.517826
2026,Sacramento State,0.448339
