season,name,id_a,id_b,verdict
2014,L.A. Ramsby,549298,3140660,needs a human
2014,Matt Galland,547345,3154543,one person
2014,Paco Solano,547347,3140839,one person
2015,Alex Van Dyke,3134313,3938451,needs a human
2015,Brayden Sanchez,536348,3124637,one person
2015,Jamari Staples,552922,3895428,one person
2015,James Summers,530434,3938121,one person
2015,Steven Sims Jr.,3917960,3928971,one person
2016,Ajalen Holley,531563,4053912,likely one person
2016,David Hood,505616,3138737,needs a human
2016,De'Asian Richardson,545583,4056274,one person
2016,Delvon Randall,3923411,4052841,one person
2016,Evan Pantels,3124883,4052123,one person
2016,Joe Williams,3912576,4066045,one person
2016,LaKeith Walls,530675,4052221,one person
2016,Mason Morgan,550696,4059369,needs a human
2016,Mike Hughes Jr.,3125323,3933305,needs a human
2017,Andrew Van Ginkel,3133487,4279030,one person
2017,Antonious Sims,3917156,4270285,needs a human
2017,Brenden Young,4242180,4276275,one person
2017,Dalton Herrington,3124985,4276260,needs a human
2017,Davontavean Martin,4245144,4281048,one person
2017,Frankie Davis,550925,4273921,needs a human
2017,Ian Swenson,4239137,4269944,one person
2017,Jamire Calvin,4245147,4277735,one person
2017,Khalil Rashaad-Brown,3125298,4288084,one person
2017,Kirk Johnson Jr.,4040680,4270445,one person
2017,Steven Williams,4243485,4273883,one person
2017,Willie Hobdy,3140364,4262869,one person
2018,Abraham Maiava,4038159,4391714,one person
2018,Antonio Moultrie,4363438,4384396,one person
2018,Dylan Conner,4039095,4393274,one person
2018,Eric Ward,4261100,4401041,one person
2018,Gleson Sprewell,4360178,4385473,one person
2018,John Washington,3917052,4391706,one person
2018,Karl Brooks,4373423,4390189,one person
2018,Kingsley Enagbare,4362840,4385457,one person
2018,La'Kendrick Van Zandt,4241806,4385499,one person
2018,Leon O'Neal Jr.,4372521,4384428,one person
2018,Markeveon Coleman,4040523,4385613,one person
2018,Matt Otwinowski,4040834,4385925,one person
2018,Michael Johnson,4241065,4389979,one person
2018,Misiona Aiolupotea-Pei,4373462,4390348,one person
2018,Noah Jefferson,3912560,4395488,one person
2018,Oluwaseun Oluwatimi,4036230,4390057,one person
2018,Paul Carothers,4039461,4395489,one person
2018,Quan Robinson Jr.,3125857,4394570,one person
2018,Richard Jibunor,4371978,4398797,one person
2018,Rico Frye,4373431,4391535,likely one person
2018,Rosendo Louis Jr.,4362853,4385494,one person
2018,Tyriq Hardimon,4240423,4384404,one person
2019,Alexander Vainikolo,4374069,4580591,one person
2019,Alijah Gammage,4372650,4590015,one person
2019,Andre White Jr.,4430715,4579221,one person
2019,Anthony Collier,4426957,4584464,one person
2019,Caliph Brice,4571580,4580507,one person
2019,Chris Turner,3917603,4587422,one person
2019,Cristian Williams,3917015,4577075,one person
2019,Lonnie Phelps,4430314,4584456,one person
2019,Mark Birmingham,4036048,4584580,one person
2019,Marlon Williams,4257599,4568980,one person
2019,Nnamdi Oguayo,3883825,4587029,one person
2019,Robert Scott,4052059,4575616,one person
2019,Trey Turner III,3864407,4584620,one person
2019,Troy Kruchten,4250183,4584613,one person
2019,Tyrice Richie,4428345,4580574,one person
2019,Xander Gagnon,4036039,4590013,one person
2020,Justin McGriff,4361185,4686919,one person
2021,Matthew Dapore,4887281,4890172,one person
2022,Chandler Rogers,4570554,4887223,one person
2023,Brett Johnson,174194,4570135,TWO PEOPLE
2024,Aaron Young,553074,4574732,needs a human
2024,Jalen Catalon,4429385,4567148,one person
2024,Joshua Eaton,4431604,4692520,one person
