config,family,k_mode,K,gamma,dead_zone,tau,games,brier,log_loss,accuracy
MOV_production,Current MOV Elo,production,35,,,,11426,0.18505,0.545626,0.7118
hyb_exp_g0.0_dz0.00|normalized,Hybrid exp,normalized,35.0,0.0,0.0,,11426,0.18505,0.545626,0.7118
hyb_exp_g0.0_dz0.00|fixed,Hybrid exp,fixed,35,0.0,0.0,,11426,0.18505,0.545626,0.7118
hyb_exp_g0.0_dz0.02|normalized,Hybrid exp,normalized,35.0,0.0,0.02,,11426,0.18505,0.545626,0.7118
hyb_exp_g0.0_dz0.02|fixed,Hybrid exp,fixed,35,0.0,0.02,,11426,0.18505,0.545626,0.7118
hyb_exp_g0.0_dz0.04|normalized,Hybrid exp,normalized,35.0,0.0,0.04,,11426,0.18505,0.545626,0.7118
hyb_exp_g0.0_dz0.04|fixed,Hybrid exp,fixed,35,0.0,0.04,,11426,0.18505,0.545626,0.7118
hyb_exp_g0.25_dz0.00|normalized,Hybrid exp,normalized,34.263,0.25,0.0,,11426,0.184734,0.544846,0.7125
hyb_exp_g0.25_dz0.00|fixed,Hybrid exp,fixed,35,0.25,0.0,,11426,0.184748,0.544855,0.7125
hyb_exp_g0.25_dz0.02|normalized,Hybrid exp,normalized,34.351,0.25,0.02,,11426,0.184766,0.544924,0.71232
hyb_exp_g0.25_dz0.02|fixed,Hybrid exp,fixed,35,0.25,0.02,,11426,0.184778,0.544931,0.7125
hyb_exp_g0.25_dz0.04|normalized,Hybrid exp,normalized,34.437,0.25,0.04,,11426,0.184798,0.545001,0.71206
hyb_exp_g0.25_dz0.04|fixed,Hybrid exp,fixed,35,0.25,0.04,,11426,0.184808,0.545006,0.71189
hyb_exp_g0.5_dz0.00|normalized,Hybrid exp,normalized,33.51,0.5,0.0,,11426,0.184452,0.544152,0.71381
hyb_exp_g0.5_dz0.00|fixed,Hybrid exp,fixed,35,0.5,0.0,,11426,0.184488,0.544201,0.71337
hyb_exp_g0.5_dz0.02|normalized,Hybrid exp,normalized,33.688,0.5,0.02,,11426,0.184509,0.544288,0.71355
hyb_exp_g0.5_dz0.02|fixed,Hybrid exp,fixed,35,0.5,0.02,,11426,0.184539,0.544325,0.71294
hyb_exp_g0.5_dz0.04|normalized,Hybrid exp,normalized,33.861,0.5,0.04,,11426,0.184567,0.544426,0.71302
hyb_exp_g0.5_dz0.04|fixed,Hybrid exp,fixed,35,0.5,0.04,,11426,0.184591,0.544452,0.71337
hyb_exp_g0.75_dz0.00|normalized,Hybrid exp,normalized,32.744,0.75,0.0,,11426,0.184205,0.543544,0.7153
hyb_exp_g0.75_dz0.00|fixed,Hybrid exp,fixed,35,0.75,0.0,,11426,0.184273,0.543672,0.71442
hyb_exp_g0.75_dz0.02|normalized,Hybrid exp,normalized,33.013,0.75,0.02,,11426,0.184279,0.54372,0.71477
hyb_exp_g0.75_dz0.02|fixed,Hybrid exp,fixed,35,0.75,0.02,,11426,0.184334,0.543815,0.71381
hyb_exp_g0.75_dz0.04|normalized,Hybrid exp,normalized,33.274,0.75,0.04,,11426,0.184356,0.543903,0.71434
hyb_exp_g0.75_dz0.04|fixed,Hybrid exp,fixed,35,0.75,0.04,,11426,0.1844,0.543972,0.71355
hyb_exp_g1.0_dz0.00|normalized,Hybrid exp,normalized,31.966,1.0,0.0,,11426,0.183993,0.543025,0.71512
hyb_exp_g1.0_dz0.00|fixed,Hybrid exp,fixed,35,1.0,0.0,,11426,0.184105,0.54328,0.71477
hyb_exp_g1.0_dz0.02|normalized,Hybrid exp,normalized,32.326,1.0,0.02,,11426,0.184077,0.543222,0.71512
hyb_exp_g1.0_dz0.02|fixed,Hybrid exp,fixed,35,1.0,0.02,,11426,0.184166,0.543412,0.71451
hyb_exp_g1.0_dz0.04|normalized,Hybrid exp,normalized,32.675,1.0,0.04,,11426,0.184167,0.543435,0.71442
hyb_exp_g1.0_dz0.04|fixed,Hybrid exp,fixed,35,1.0,0.04,,11426,0.184237,0.543572,0.71451
hyb_exp_g1.25_dz0.00|normalized,Hybrid exp,normalized,31.176,1.25,0.0,,11426,0.183816,0.542595,0.71565
hyb_exp_g1.25_dz0.00|fixed,Hybrid exp,fixed,35,1.25,0.0,,11426,0.183988,0.543039,0.71574
hyb_exp_g1.25_dz0.02|normalized,Hybrid exp,normalized,31.627,1.25,0.02,,11426,0.183903,0.542796,0.71609
hyb_exp_g1.25_dz0.02|fixed,Hybrid exp,fixed,35,1.25,0.02,,11426,0.184038,0.543125,0.71556
hyb_exp_g1.25_dz0.04|normalized,Hybrid exp,normalized,32.065,1.25,0.04,,11426,0.184,0.543024,0.71582
hyb_exp_g1.25_dz0.04|fixed,Hybrid exp,fixed,35,1.25,0.04,,11426,0.184105,0.543261,0.71582
hyb_exp_g1.5_dz0.00|normalized,Hybrid exp,normalized,30.375,1.5,0.0,,11426,0.183674,0.542257,0.71626
hyb_exp_g1.5_dz0.00|fixed,Hybrid exp,fixed,35,1.5,0.0,,11426,0.183925,0.542962,0.71591
hyb_exp_g1.5_dz0.02|normalized,Hybrid exp,normalized,30.918,1.5,0.02,,11426,0.183758,0.542446,0.71617
hyb_exp_g1.5_dz0.02|fixed,Hybrid exp,fixed,35,1.5,0.02,,11426,0.183952,0.542967,0.71626
hyb_exp_g1.5_dz0.04|normalized,Hybrid exp,normalized,31.444,1.5,0.04,,11426,0.183857,0.542674,0.71635
hyb_exp_g1.5_dz0.04|fixed,Hybrid exp,fixed,35,1.5,0.04,,11426,0.184006,0.543049,0.71635
hyb_exp_g1.75_dz0.00|normalized,Hybrid exp,normalized,29.567,1.75,0.0,,11426,0.183568,0.542012,0.71644
hyb_exp_g1.75_dz0.00|fixed,Hybrid exp,fixed,35,1.75,0.0,,11426,0.183919,0.543068,0.71547
hyb_exp_g1.75_dz0.02|normalized,Hybrid exp,normalized,30.199,1.75,0.02,,11426,0.183643,0.542175,0.71644
hyb_exp_g1.75_dz0.02|fixed,Hybrid exp,fixed,35,1.75,0.02,,11426,0.183912,0.54295,0.71591
hyb_exp_g1.75_dz0.04|normalized,Hybrid exp,normalized,30.813,1.75,0.04,,11426,0.183739,0.542389,0.71635
hyb_exp_g1.75_dz0.04|fixed,Hybrid exp,fixed,35,1.75,0.04,,11426,0.183944,0.542946,0.716
hyb_exp_g2.0_dz0.00|normalized,Hybrid exp,normalized,28.75,2.0,0.0,,11426,0.183498,0.541864,0.71757
hyb_exp_g2.0_dz0.00|fixed,Hybrid exp,fixed,35,2.0,0.0,,11426,0.183976,0.543374,0.71652
hyb_exp_g2.0_dz0.02|normalized,Hybrid exp,normalized,29.471,2.0,0.02,,11426,0.183559,0.541985,0.7167
hyb_exp_g2.0_dz0.02|fixed,Hybrid exp,fixed,35,2.0,0.02,,11426,0.183922,0.543092,0.71582
hyb_exp_g2.0_dz0.04|normalized,Hybrid exp,normalized,30.172,2.0,0.04,,11426,0.183646,0.542171,0.71617
hyb_exp_g2.0_dz0.04|fixed,Hybrid exp,fixed,35,2.0,0.04,,11426,0.18392,0.542965,0.71617
hyb_exp_g2.25_dz0.00|normalized,Hybrid exp,normalized,27.928,2.25,0.0,,11426,0.183465,0.541814,0.71626
hyb_exp_g2.25_dz0.00|fixed,Hybrid exp,fixed,35,2.25,0.0,,11426,0.184099,0.543905,0.71757
hyb_exp_g2.25_dz0.02|normalized,Hybrid exp,normalized,28.735,2.25,0.02,,11426,0.183507,0.54188,0.71714
hyb_exp_g2.25_dz0.02|fixed,Hybrid exp,fixed,35,2.25,0.02,,11426,0.183986,0.543409,0.71705
hyb_exp_g2.25_dz0.04|normalized,Hybrid exp,normalized,29.521,2.25,0.04,,11426,0.183581,0.542024,0.71644
hyb_exp_g2.25_dz0.04|fixed,Hybrid exp,fixed,35,2.25,0.04,,11426,0.183939,0.543119,0.7174
hyb_exp_g2.5_dz0.00|normalized,Hybrid exp,normalized,27.101,2.5,0.0,,11426,0.18347,0.541866,0.71582
hyb_exp_g2.5_dz0.00|fixed,Hybrid exp,fixed,35,2.5,0.0,,11426,0.184295,0.544687,0.71749
hyb_exp_g2.5_dz0.02|normalized,Hybrid exp,normalized,27.991,2.5,0.02,,11426,0.183489,0.541864,0.71714
hyb_exp_g2.5_dz0.02|fixed,Hybrid exp,fixed,35,2.5,0.02,,11426,0.184108,0.543922,0.71792
hyb_exp_g2.5_dz0.04|normalized,Hybrid exp,normalized,28.862,2.5,0.04,,11426,0.183544,0.541954,0.71661
hyb_exp_g2.5_dz0.04|fixed,Hybrid exp,fixed,35,2.5,0.04,,11426,0.184004,0.543425,0.71687
hyb_exp_g2.75_dz0.00|normalized,Hybrid exp,normalized,26.27,2.75,0.0,,11426,0.183514,0.542023,0.71652
hyb_exp_g2.75_dz0.00|fixed,Hybrid exp,fixed,35,2.75,0.0,,11426,0.184568,0.54575,0.7181
hyb_exp_g2.75_dz0.02|normalized,Hybrid exp,normalized,27.242,2.75,0.02,,11426,0.183505,0.541942,0.71705
hyb_exp_g2.75_dz0.02|fixed,Hybrid exp,fixed,35,2.75,0.02,,11426,0.184293,0.544655,0.71757
hyb_exp_g2.75_dz0.04|normalized,Hybrid exp,normalized,28.194,2.75,0.04,,11426,0.183537,0.541964,0.71652
hyb_exp_g2.75_dz0.04|fixed,Hybrid exp,fixed,35,2.75,0.04,,11426,0.18412,0.5439,0.71687
hyb_exp_g3.0_dz0.00|normalized,Hybrid exp,normalized,25.438,3.0,0.0,,11426,0.183596,0.54229,0.71626
hyb_exp_g3.0_dz0.00|fixed,Hybrid exp,fixed,35,3.0,0.0,,11426,0.184927,0.547131,0.71827
hyb_exp_g3.0_dz0.02|normalized,Hybrid exp,normalized,26.487,3.0,0.02,,11426,0.183556,0.542117,0.71626
hyb_exp_g3.0_dz0.02|fixed,Hybrid exp,fixed,35,3.0,0.02,,11426,0.184547,0.545635,0.71845
hyb_exp_g3.0_dz0.04|normalized,Hybrid exp,normalized,27.519,3.0,0.04,,11426,0.183561,0.54206,0.71652
hyb_exp_g3.0_dz0.04|fixed,Hybrid exp,fixed,35,3.0,0.04,,11426,0.18429,0.544567,0.7174
hyb_exp_g3.25_dz0.00|normalized,Hybrid exp,normalized,24.604,3.25,0.0,,11426,0.183719,0.54267,0.71609
hyb_exp_g3.25_dz0.00|fixed,Hybrid exp,fixed,35,3.25,0.0,,11426,0.185377,0.548874,0.7181
hyb_exp_g3.25_dz0.02|normalized,Hybrid exp,normalized,25.728,3.25,0.02,,11426,0.183644,0.542396,0.71661
hyb_exp_g3.25_dz0.02|fixed,Hybrid exp,fixed,35,3.25,0.02,,11426,0.184876,0.546896,0.71862
hyb_exp_g3.25_dz0.04|normalized,Hybrid exp,normalized,26.836,3.25,0.04,,11426,0.183618,0.542246,0.71609
hyb_exp_g3.25_dz0.04|fixed,Hybrid exp,fixed,35,3.25,0.04,,11426,0.184521,0.545449,0.71731
hyb_exp_g3.5_dz0.00|normalized,Hybrid exp,normalized,23.772,3.5,0.0,,11426,0.183883,0.543168,0.71687
hyb_exp_g3.5_dz0.00|fixed,Hybrid exp,fixed,35,3.5,0.0,,11426,0.185927,0.551031,0.71784
hyb_exp_g3.5_dz0.02|normalized,Hybrid exp,normalized,24.965,3.5,0.02,,11426,0.183771,0.542783,0.71696
hyb_exp_g3.5_dz0.02|fixed,Hybrid exp,fixed,35,3.5,0.02,,11426,0.185285,0.548476,0.7181
hyb_exp_g3.5_dz0.04|normalized,Hybrid exp,normalized,26.147,3.5,0.04,,11426,0.183709,0.54253,0.71591
hyb_exp_g3.5_dz0.04|fixed,Hybrid exp,fixed,35,3.5,0.04,,11426,0.184818,0.546575,0.71757
hyb_exp_g3.75_dz0.00|normalized,Hybrid exp,normalized,22.941,3.75,0.0,,11426,0.184089,0.543789,0.71714
hyb_exp_g3.75_dz0.00|fixed,Hybrid exp,fixed,35,3.75,0.0,,11426,0.186583,0.553663,0.71731
hyb_exp_g3.75_dz0.02|normalized,Hybrid exp,normalized,24.2,3.75,0.02,,11426,0.183937,0.543285,0.71705
hyb_exp_g3.75_dz0.02|fixed,Hybrid exp,fixed,35,3.75,0.02,,11426,0.185782,0.550422,0.7181
hyb_exp_g3.75_dz0.04|normalized,Hybrid exp,normalized,25.452,3.75,0.04,,11426,0.183837,0.542917,0.71696
hyb_exp_g3.75_dz0.04|fixed,Hybrid exp,fixed,35,3.75,0.04,,11426,0.185184,0.54798,0.7174
hyb_exp_g4.0_dz0.00|normalized,Hybrid exp,normalized,22.113,4.0,0.0,,11426,0.184338,0.54454,0.71687
hyb_exp_g4.0_dz0.00|fixed,Hybrid exp,fixed,35,4.0,0.0,,11426,0.187353,0.556846,0.71775
hyb_exp_g4.0_dz0.02|normalized,Hybrid exp,normalized,23.434,4.0,0.02,,11426,0.184144,0.543909,0.71792
hyb_exp_g4.0_dz0.02|fixed,Hybrid exp,fixed,35,4.0,0.02,,11426,0.186372,0.552787,0.71766
hyb_exp_g4.0_dz0.04|normalized,Hybrid exp,normalized,24.752,4.0,0.04,,11426,0.184003,0.543415,0.71775
hyb_exp_g4.0_dz0.04|fixed,Hybrid exp,fixed,35,4.0,0.04,,11426,0.185627,0.549704,0.71766
hyb_linear_g0.0_dz0.00|normalized,Hybrid linear,normalized,35.0,0.0,0.0,,11426,0.18505,0.545626,0.7118
hyb_linear_g0.0_dz0.00|fixed,Hybrid linear,fixed,35,0.0,0.0,,11426,0.18505,0.545626,0.7118
hyb_linear_g0.0_dz0.02|normalized,Hybrid linear,normalized,35.0,0.0,0.02,,11426,0.18505,0.545626,0.7118
hyb_linear_g0.0_dz0.02|fixed,Hybrid linear,fixed,35,0.0,0.02,,11426,0.18505,0.545626,0.7118
hyb_linear_g0.0_dz0.04|normalized,Hybrid linear,normalized,35.0,0.0,0.04,,11426,0.18505,0.545626,0.7118
hyb_linear_g0.0_dz0.04|fixed,Hybrid linear,fixed,35,0.0,0.04,,11426,0.18505,0.545626,0.7118
hyb_linear_g0.5_dz0.00|normalized,Hybrid linear,normalized,33.6,0.5,0.0,,11426,0.184479,0.544217,0.71381
hyb_linear_g0.5_dz0.00|fixed,Hybrid linear,fixed,35,0.5,0.0,,11426,0.184511,0.54426,0.71364
hyb_linear_g0.5_dz0.02|normalized,Hybrid linear,normalized,33.761,0.5,0.02,,11426,0.184533,0.544347,0.71364
hyb_linear_g0.5_dz0.02|fixed,Hybrid linear,fixed,35,0.5,0.02,,11426,0.18456,0.544379,0.71302
hyb_linear_g0.5_dz0.04|normalized,Hybrid linear,normalized,33.92,0.5,0.04,,11426,0.184588,0.544478,0.71294
hyb_linear_g0.5_dz0.04|fixed,Hybrid linear,fixed,35,0.5,0.04,,11426,0.184611,0.544502,0.7132
hyb_linear_g1.0_dz0.00|normalized,Hybrid linear,normalized,32.307,1.0,0.0,,11426,0.184071,0.543214,0.71477
hyb_linear_g1.0_dz0.00|fixed,Hybrid linear,fixed,35,1.0,0.0,,11426,0.184162,0.54341,0.71469
hyb_linear_g1.0_dz0.02|normalized,Hybrid linear,normalized,32.607,1.0,0.02,,11426,0.184149,0.543398,0.71539
hyb_linear_g1.0_dz0.02|fixed,Hybrid linear,fixed,35,1.0,0.02,,11426,0.184223,0.543546,0.7139
hyb_linear_g1.0_dz0.04|normalized,Hybrid linear,normalized,32.905,1.0,0.04,,11426,0.184233,0.543596,0.71504
hyb_linear_g1.0_dz0.04|fixed,Hybrid linear,fixed,35,1.0,0.04,,11426,0.184293,0.543705,0.71416
hyb_linear_g1.5_dz0.00|normalized,Hybrid linear,normalized,31.11,1.5,0.0,,11426,0.183791,0.542536,0.71574
hyb_linear_g1.5_dz0.00|fixed,Hybrid linear,fixed,35,1.5,0.0,,11426,0.183971,0.543011,0.71582
hyb_linear_g1.5_dz0.02|normalized,Hybrid linear,normalized,31.529,1.5,0.02,,11426,0.183871,0.54272,0.71635
hyb_linear_g1.5_dz0.02|fixed,Hybrid linear,fixed,35,1.5,0.02,,11426,0.184015,0.543078,0.71626
hyb_linear_g1.5_dz0.04|normalized,Hybrid linear,normalized,31.949,1.5,0.04,,11426,0.183965,0.542935,0.71609
hyb_linear_g1.5_dz0.04|fixed,Hybrid linear,fixed,35,1.5,0.04,,11426,0.184079,0.543198,0.71512
hyb_linear_g2.0_dz0.00|normalized,Hybrid linear,normalized,29.999,2.0,0.0,,11426,0.183612,0.542117,0.7153
hyb_linear_g2.0_dz0.00|fixed,Hybrid linear,fixed,35,2.0,0.0,,11426,0.183915,0.543008,0.71486
hyb_linear_g2.0_dz0.02|normalized,Hybrid linear,normalized,30.52,2.0,0.02,,11426,0.18368,0.54226,0.71617
hyb_linear_g2.0_dz0.02|fixed,Hybrid linear,fixed,35,2.0,0.02,,11426,0.183918,0.542931,0.71635
hyb_linear_g2.0_dz0.04|normalized,Hybrid linear,normalized,31.047,2.0,0.04,,11426,0.18377,0.542458,0.71617
hyb_linear_g2.0_dz0.04|fixed,Hybrid linear,fixed,35,2.0,0.04,,11426,0.183956,0.542952,0.71591
hyb_linear_g2.5_dz0.00|normalized,Hybrid linear,normalized,28.964,2.5,0.0,,11426,0.183516,0.541912,0.71687
hyb_linear_g2.5_dz0.00|fixed,Hybrid linear,fixed,35,2.5,0.0,,11426,0.183976,0.543366,0.71609
hyb_linear_g2.5_dz0.02|normalized,Hybrid linear,normalized,29.574,2.5,0.02,,11426,0.183559,0.541985,0.71687
hyb_linear_g2.5_dz0.02|fixed,Hybrid linear,fixed,35,2.5,0.02,,11426,0.183919,0.543078,0.71591
hyb_linear_g2.5_dz0.04|normalized,Hybrid linear,normalized,30.194,2.5,0.04,,11426,0.183635,0.542138,0.71626
hyb_linear_g2.5_dz0.04|fixed,Hybrid linear,fixed,35,2.5,0.04,,11426,0.183912,0.542941,0.71574
hyb_linear_g3.0_dz0.00|normalized,Hybrid linear,normalized,27.998,3.0,0.0,,11426,0.183486,0.541882,0.71626
hyb_linear_g3.0_dz0.00|fixed,Hybrid linear,fixed,35,3.0,0.0,,11426,0.184141,0.544054,0.71792
hyb_linear_g3.0_dz0.02|normalized,Hybrid linear,normalized,28.684,3.0,0.02,,11426,0.183498,0.541864,0.71661
hyb_linear_g3.0_dz0.02|fixed,Hybrid linear,fixed,35,3.0,0.02,,11426,0.184005,0.543495,0.7174
hyb_linear_g3.0_dz0.04|normalized,Hybrid linear,normalized,29.387,3.0,0.04,,11426,0.183552,0.541951,0.71696
hyb_linear_g3.0_dz0.04|fixed,Hybrid linear,fixed,35,3.0,0.04,,11426,0.18394,0.54315,0.71635
hyb_linear_g3.5_dz0.00|normalized,Hybrid linear,normalized,27.095,3.5,0.0,,11426,0.183511,0.541998,0.7167
hyb_linear_g3.5_dz0.00|fixed,Hybrid linear,fixed,35,3.5,0.0,,11426,0.184398,0.545049,0.71731
hyb_linear_g3.5_dz0.02|normalized,Hybrid linear,normalized,27.847,3.5,0.02,,11426,0.183487,0.541873,0.7167
hyb_linear_g3.5_dz0.02|fixed,Hybrid linear,fixed,35,3.5,0.02,,11426,0.184169,0.544161,0.71915
hyb_linear_g3.5_dz0.04|normalized,Hybrid linear,normalized,28.623,3.5,0.04,,11426,0.183513,0.541879,0.71705
hyb_linear_g3.5_dz0.04|fixed,Hybrid linear,fixed,35,3.5,0.04,,11426,0.184032,0.543561,0.71757
hyb_linear_g4.0_dz0.00|normalized,Hybrid linear,normalized,26.248,4.0,0.0,,11426,0.183583,0.542237,0.71696
hyb_linear_g4.0_dz0.00|fixed,Hybrid linear,fixed,35,4.0,0.0,,11426,0.184738,0.546335,0.7181
hyb_linear_g4.0_dz0.02|normalized,Hybrid linear,normalized,27.057,4.0,0.02,,11426,0.183516,0.541993,0.71679
hyb_linear_g4.0_dz0.02|fixed,Hybrid linear,fixed,35,4.0,0.02,,11426,0.184403,0.545063,0.71845
hyb_linear_g4.0_dz0.04|normalized,Hybrid linear,normalized,27.896,4.0,0.04,,11426,0.183511,0.541906,0.71661
hyb_linear_g4.0_dz0.04|fixed,Hybrid linear,fixed,35,4.0,0.04,,11426,0.184183,0.544162,0.71801
hyb_linear_g4.5_dz0.00|normalized,Hybrid linear,normalized,25.452,4.5,0.0,,11426,0.183691,0.542578,0.71635
hyb_linear_g4.5_dz0.00|fixed,Hybrid linear,fixed,35,4.5,0.0,,11426,0.185154,0.547896,0.71889
hyb_linear_g4.5_dz0.02|normalized,Hybrid linear,normalized,26.31,4.5,0.02,,11426,0.183582,0.542209,0.71609
hyb_linear_g4.5_dz0.02|fixed,Hybrid linear,fixed,35,4.5,0.02,,11426,0.184701,0.546191,0.71862
hyb_linear_g4.5_dz0.04|normalized,Hybrid linear,normalized,27.206,4.5,0.04,,11426,0.183541,0.542019,0.71617
hyb_linear_g4.5_dz0.04|fixed,Hybrid linear,fixed,35,4.5,0.04,,11426,0.184387,0.544945,0.71854
hyb_linear_g5.0_dz0.00|normalized,Hybrid linear,normalized,24.7,5.0,0.0,,11426,0.183828,0.542996,0.7167
hyb_linear_g5.0_dz0.00|fixed,Hybrid linear,fixed,35,5.0,0.0,,11426,0.185635,0.549711,0.71941
hyb_linear_g5.0_dz0.02|normalized,Hybrid linear,normalized,25.603,5.0,0.02,,11426,0.183676,0.542503,0.71609
hyb_linear_g5.0_dz0.02|fixed,Hybrid linear,fixed,35,5.0,0.02,,11426,0.185056,0.547528,0.71819
hyb_linear_g5.0_dz0.04|normalized,Hybrid linear,normalized,26.549,5.0,0.04,,11426,0.1836,0.54221,0.71556
hyb_linear_g5.0_dz0.04|fixed,Hybrid linear,fixed,35,5.0,0.04,,11426,0.184642,0.545902,0.71792
hyb_linear_g5.5_dz0.00|normalized,Hybrid linear,normalized,23.987,5.5,0.0,,11426,0.183991,0.543488,0.71722
hyb_linear_g5.5_dz0.00|fixed,Hybrid linear,fixed,35,5.5,0.0,,11426,0.186182,0.551783,0.71862
hyb_linear_g5.5_dz0.02|normalized,Hybrid linear,normalized,24.932,5.5,0.02,,11426,0.183793,0.542859,0.71626
hyb_linear_g5.5_dz0.02|fixed,Hybrid linear,fixed,35,5.5,0.02,,11426,0.185463,0.549061,0.7188
hyb_linear_g5.5_dz0.04|normalized,Hybrid linear,normalized,25.922,5.5,0.04,,11426,0.183682,0.542462,0.716
hyb_linear_g5.5_dz0.04|fixed,Hybrid linear,fixed,35,5.5,0.04,,11426,0.18494,0.54702,0.71801
hyb_linear_g6.0_dz0.00|normalized,Hybrid linear,normalized,23.311,6.0,0.0,,11426,0.184169,0.544022,0.71652
hyb_linear_g6.0_dz0.00|fixed,Hybrid linear,fixed,35,6.0,0.0,,11426,0.186778,0.554076,0.71819
hyb_linear_g6.0_dz0.02|normalized,Hybrid linear,normalized,24.291,6.0,0.02,,11426,0.183933,0.543277,0.71679
hyb_linear_g6.0_dz0.02|fixed,Hybrid linear,fixed,35,6.0,0.02,,11426,0.185921,0.550796,0.71932
hyb_linear_g6.0_dz0.04|normalized,Hybrid linear,normalized,25.324,6.0,0.04,,11426,0.183781,0.542764,0.71644
hyb_linear_g6.0_dz0.04|fixed,Hybrid linear,fixed,35,6.0,0.04,,11426,0.185278,0.548288,0.71784
hyb_close_g0.0_tau3|normalized,Hybrid close,normalized,35.0,0.0,,3.0,11426,0.18505,0.545626,0.7118
hyb_close_g0.0_tau3|fixed,Hybrid close,fixed,35,0.0,,3.0,11426,0.18505,0.545626,0.7118
hyb_close_g0.0_tau7|normalized,Hybrid close,normalized,35.0,0.0,,7.0,11426,0.18505,0.545626,0.7118
hyb_close_g0.0_tau7|fixed,Hybrid close,fixed,35,0.0,,7.0,11426,0.18505,0.545626,0.7118
hyb_close_g0.0_tau14|normalized,Hybrid close,normalized,35.0,0.0,,14.0,11426,0.18505,0.545626,0.7118
hyb_close_g0.0_tau14|fixed,Hybrid close,fixed,35,0.0,,14.0,11426,0.18505,0.545626,0.7118
hyb_close_g0.5_tau3|normalized,Hybrid close,normalized,34.986,0.5,,3.0,11426,0.185025,0.545567,0.7118
hyb_close_g0.5_tau3|fixed,Hybrid close,fixed,35,0.5,,3.0,11426,0.185025,0.545567,0.7118
hyb_close_g0.5_tau7|normalized,Hybrid close,normalized,34.92,0.5,,7.0,11426,0.184993,0.545487,0.71224
hyb_close_g0.5_tau7|fixed,Hybrid close,fixed,35,0.5,,7.0,11426,0.184995,0.545486,0.71197
hyb_close_g0.5_tau14|normalized,Hybrid close,normalized,34.751,0.5,,14.0,11426,0.184933,0.545338,0.71232
hyb_close_g0.5_tau14|fixed,Hybrid close,fixed,35,0.5,,14.0,11426,0.184937,0.545338,0.71206
hyb_close_g1.0_tau3|normalized,Hybrid close,normalized,34.97,1.0,,3.0,11426,0.185001,0.54551,0.71215
hyb_close_g1.0_tau3|fixed,Hybrid close,fixed,35,1.0,,3.0,11426,0.185002,0.54551,0.71215
hyb_close_g1.0_tau7|normalized,Hybrid close,normalized,34.836,1.0,,7.0,11426,0.184942,0.54536,0.71224
hyb_close_g1.0_tau7|fixed,Hybrid close,fixed,35,1.0,,7.0,11426,0.184945,0.545359,0.71206
hyb_close_g1.0_tau14|normalized,Hybrid close,normalized,34.492,1.0,,14.0,11426,0.184832,0.545086,0.71171
hyb_close_g1.0_tau14|fixed,Hybrid close,fixed,35,1.0,,14.0,11426,0.18484,0.545089,0.71197
hyb_close_g1.5_tau3|normalized,Hybrid close,normalized,34.952,1.5,,3.0,11426,0.184979,0.545455,0.71232
hyb_close_g1.5_tau3|fixed,Hybrid close,fixed,35,1.5,,3.0,11426,0.184979,0.545455,0.71241
hyb_close_g1.5_tau7|normalized,Hybrid close,normalized,34.746,1.5,,7.0,11426,0.184896,0.545246,0.71224
hyb_close_g1.5_tau7|fixed,Hybrid close,fixed,35,1.5,,7.0,11426,0.1849,0.545245,0.71215
hyb_close_g1.5_tau14|normalized,Hybrid close,normalized,34.223,1.5,,14.0,11426,0.184745,0.544871,0.7132
hyb_close_g1.5_tau14|fixed,Hybrid close,fixed,35,1.5,,14.0,11426,0.184758,0.544879,0.71311
hyb_close_g2.0_tau3|normalized,Hybrid close,normalized,34.933,2.0,,3.0,11426,0.184957,0.545403,0.71241
hyb_close_g2.0_tau3|fixed,Hybrid close,fixed,35,2.0,,3.0,11426,0.184958,0.545403,0.7125
hyb_close_g2.0_tau7|normalized,Hybrid close,normalized,34.651,2.0,,7.0,11426,0.184855,0.545144,0.71206
hyb_close_g2.0_tau7|fixed,Hybrid close,fixed,35,2.0,,7.0,11426,0.18486,0.545143,0.71206
hyb_close_g2.0_tau14|normalized,Hybrid close,normalized,33.944,2.0,,14.0,11426,0.184672,0.544691,0.71329
hyb_close_g2.0_tau14|fixed,Hybrid close,fixed,35,2.0,,14.0,11426,0.184692,0.54471,0.71302
hyb_close_g2.5_tau3|normalized,Hybrid close,normalized,34.913,2.5,,3.0,11426,0.184936,0.545353,0.71232
hyb_close_g2.5_tau3|fixed,Hybrid close,fixed,35,2.5,,3.0,11426,0.184937,0.545352,0.71241
hyb_close_g2.5_tau7|normalized,Hybrid close,normalized,34.55,2.5,,7.0,11426,0.184819,0.545055,0.71267
hyb_close_g2.5_tau7|fixed,Hybrid close,fixed,35,2.5,,7.0,11426,0.184825,0.545054,0.71276
hyb_close_g2.5_tau14|normalized,Hybrid close,normalized,33.656,2.5,,14.0,11426,0.184613,0.544546,0.71337
hyb_close_g2.5_tau14|fixed,Hybrid close,fixed,35,2.5,,14.0,11426,0.184642,0.544582,0.71285
hyb_close_g3.0_tau3|normalized,Hybrid close,normalized,34.891,3.0,,3.0,11426,0.184915,0.545305,0.71259
hyb_close_g3.0_tau3|fixed,Hybrid close,fixed,35,3.0,,3.0,11426,0.184917,0.545304,0.71241
hyb_close_g3.0_tau7|normalized,Hybrid close,normalized,34.445,3.0,,7.0,11426,0.184787,0.544978,0.7139
hyb_close_g3.0_tau7|fixed,Hybrid close,fixed,35,3.0,,7.0,11426,0.184795,0.544978,0.71302
hyb_close_g3.0_tau14|normalized,Hybrid close,normalized,33.358,3.0,,14.0,11426,0.184569,0.544436,0.71381
hyb_close_g3.0_tau14|fixed,Hybrid close,fixed,35,3.0,,14.0,11426,0.184608,0.544496,0.71364
hyb_close_g3.5_tau3|normalized,Hybrid close,normalized,34.867,3.5,,3.0,11426,0.184896,0.545259,0.71276
hyb_close_g3.5_tau3|fixed,Hybrid close,fixed,35,3.5,,3.0,11426,0.184898,0.545258,0.71259
hyb_close_g3.5_tau7|normalized,Hybrid close,normalized,34.334,3.5,,7.0,11426,0.184761,0.544913,0.71381
hyb_close_g3.5_tau7|fixed,Hybrid close,fixed,35,3.5,,7.0,11426,0.184771,0.544915,0.71399
hyb_close_g3.5_tau14|normalized,Hybrid close,normalized,33.051,3.5,,14.0,11426,0.184537,0.544361,0.71364
hyb_close_g3.5_tau14|fixed,Hybrid close,fixed,35,3.5,,14.0,11426,0.184589,0.544453,0.71364
hyb_close_g4.0_tau3|normalized,Hybrid close,normalized,34.842,4.0,,3.0,11426,0.184878,0.545215,0.71294
hyb_close_g4.0_tau3|fixed,Hybrid close,fixed,35,4.0,,3.0,11426,0.18488,0.545214,0.71311
hyb_close_g4.0_tau7|normalized,Hybrid close,normalized,34.219,4.0,,7.0,11426,0.18474,0.544862,0.71372
hyb_close_g4.0_tau7|fixed,Hybrid close,fixed,35,4.0,,7.0,11426,0.184752,0.544865,0.71302
hyb_close_g4.0_tau14|normalized,Hybrid close,normalized,32.735,4.0,,14.0,11426,0.18452,0.544321,0.71364
hyb_close_g4.0_tau14|fixed,Hybrid close,fixed,35,4.0,,14.0,11426,0.184588,0.544457,0.71407
hyb_close_g4.5_tau3|normalized,Hybrid close,normalized,34.816,4.5,,3.0,11426,0.18486,0.545174,0.71311
hyb_close_g4.5_tau3|fixed,Hybrid close,fixed,35,4.5,,3.0,11426,0.184862,0.545173,0.71285
hyb_close_g4.5_tau7|normalized,Hybrid close,normalized,34.097,4.5,,7.0,11426,0.184724,0.544824,0.71337
hyb_close_g4.5_tau7|fixed,Hybrid close,fixed,35,4.5,,7.0,11426,0.184738,0.544831,0.71285
hyb_close_g4.5_tau14|normalized,Hybrid close,normalized,32.411,4.5,,14.0,11426,0.184516,0.544316,0.71337
hyb_close_g4.5_tau14|fixed,Hybrid close,fixed,35,4.5,,14.0,11426,0.184604,0.544509,0.71434
hyb_close_g5.0_tau3|normalized,Hybrid close,normalized,34.787,5.0,,3.0,11426,0.184844,0.545135,0.71337
hyb_close_g5.0_tau3|fixed,Hybrid close,fixed,35,5.0,,3.0,11426,0.184846,0.545134,0.71355
hyb_close_g5.0_tau7|normalized,Hybrid close,normalized,33.971,5.0,,7.0,11426,0.184713,0.5448,0.71329
hyb_close_g5.0_tau7|fixed,Hybrid close,fixed,35,5.0,,7.0,11426,0.184731,0.544811,0.71346
hyb_close_g5.0_tau14|normalized,Hybrid close,normalized,32.077,5.0,,14.0,11426,0.184527,0.544348,0.71434
hyb_close_g5.0_tau14|fixed,Hybrid close,fixed,35,5.0,,14.0,11426,0.184639,0.544612,0.71451
hyb_close_g5.5_tau3|normalized,Hybrid close,normalized,34.758,5.5,,3.0,11426,0.184828,0.545099,0.71346
hyb_close_g5.5_tau3|fixed,Hybrid close,fixed,35,5.5,,3.0,11426,0.184831,0.545097,0.71346
hyb_close_g5.5_tau7|normalized,Hybrid close,normalized,33.839,5.5,,7.0,11426,0.184708,0.54479,0.71381
hyb_close_g5.5_tau7|fixed,Hybrid close,fixed,35,5.5,,7.0,11426,0.184729,0.544808,0.71399
hyb_close_g5.5_tau14|normalized,Hybrid close,normalized,31.736,5.5,,14.0,11426,0.184552,0.544417,0.71337
hyb_close_g5.5_tau14|fixed,Hybrid close,fixed,35,5.5,,14.0,11426,0.184693,0.544771,0.7146
hyb_close_g6.0_tau3|normalized,Hybrid close,normalized,34.726,6.0,,3.0,11426,0.184814,0.545065,0.71399
hyb_close_g6.0_tau3|fixed,Hybrid close,fixed,35,6.0,,3.0,11426,0.184817,0.545063,0.71381
hyb_close_g6.0_tau7|normalized,Hybrid close,normalized,33.702,6.0,,7.0,11426,0.18471,0.544796,0.71477
hyb_close_g6.0_tau7|fixed,Hybrid close,fixed,35,6.0,,7.0,11426,0.184734,0.544821,0.71416
hyb_close_g6.0_tau14|normalized,Hybrid close,normalized,31.386,6.0,,14.0,11426,0.184592,0.544526,0.71407
hyb_close_g6.0_tau14|fixed,Hybrid close,fixed,35,6.0,,14.0,11426,0.184767,0.544988,0.71407
