team_name	stadium_name
Air Force	Falcon Stadium
Akron	InfoCision Stadium-Summa Field
Alabama	Bryant-Denny Stadium
Appalachian State	Kidd Brewer Stadium
Arizona	Arizona Stadium
Arizona State	Mountain America Stadium
Arkansas	Donald W. Reynolds Razorback Stadium
Arkansas State	Centennial Bank Stadium
Army	Michie Stadium
Auburn	Jordan-Hare Stadium
Ball State	Scheumann Stadium
Baylor	McLane Stadium
Boise State	Albertsons Stadium
Boston College	Alumni Stadium
Bowling Green	Doyt L. Perry Stadium
Buffalo	UB Stadium
BYU	LaVell Edwards Stadium
California	California Memorial Stadium
Central Michigan	Kelly/Shorts Stadium
Charlotte	Jerry Richardson Stadium
Cincinnati	Nippert Stadium
Clemson	Memorial Stadium
Coastal Carolina	Brooks Stadium
Colorado	Folsom Field
Colorado State	Canvas Stadium
Delaware	Delaware Stadium
Duke	Wallace Wade Stadium
East Carolina	Dowdy-Ficklen Stadium
Eastern Michigan	Rynearson Stadium
FAU	Flagler Credit Union Stadium
FIU	Pitbull Stadium
Florida	Ben Hill Griffin Stadium
Florida State	Doak S. Campbell Stadium
Fresno State	Valley Children's Stadium
Georgia	Sanford Stadium
Georgia Southern	Allen E. Paulson Stadium
Georgia State	Center Parc Stadium
Georgia Tech	Bobby Dodd Stadium at Hyundai Field
Hawai'i	Clarence T. C. Ching Athletics Complex
Houston	TDECU Stadium
Illinois	Memorial Stadium
Indiana	Memorial Stadium
Iowa	Kinnick Stadium
Iowa State	Jack Trice Stadium
Jacksonville State	AmFirst Stadium
James Madison	Bridgeforth Stadium
Kansas	David Booth Kansas Memorial Stadium
Kansas State	Bill Snyder Family Stadium
Kennesaw State	Fifth Third Stadium
Kent State	Dix Stadium
Kentucky	Kroger Field
Liberty	Williams Stadium
Louisiana	Our Lady of Lourdes Stadium
Louisiana Tech	Joe Aillet Stadium
Louisville	L&N Federal Credit Union Stadium
LSU	Tiger Stadium
Marshall	Joan C. Edwards Stadium
Maryland	SECU Stadium
Memphis	Simmons Bank Liberty Stadium
Miami (FL)	Hard Rock Stadium
Miami (OH)	Yager Stadium
Michigan	Michigan Stadium
Michigan State	Spartan Stadium
Middle Tennessee	Johnny 'Red' Floyd Stadium
Minnesota	Huntington Bank Stadium
Mississippi State	Davis Wade Stadium
Missouri	Faurot Field at Memorial Stadium
Missouri State	Robert W. Plaster Stadium
Navy	Navy-Marine Corps Memorial Stadium
NC State	Carter-Finley Stadium
Nebraska	Memorial Stadium
Nevada	Mackay Stadium
New Mexico	University Stadium
New Mexico State	Aggie Memorial Stadium
North Carolina	Kenan Memorial Stadium
North Dakota State	Fargodome
North Texas	DATCU Stadium
Northern Illinois	Huskie Stadium
Northwestern	Northwestern Medicine Field at Martin Stadium
Notre Dame	Notre Dame Stadium
Ohio	Peden Stadium
Ohio State	Ohio Stadium
Oklahoma	Gaylord Family Oklahoma Memorial Stadium
Oklahoma State	Boone Pickens Stadium
Old Dominion	S.B. Ballard Stadium
Ole Miss	Vaught-Hemingway Stadium
Oregon	Autzen Stadium
Oregon State	Reser Stadium
Penn State	Beaver Stadium
Pittsburgh	Acrisure Stadium
Purdue	Ross-Ade Stadium
Rice	Rice Stadium
Rutgers	SHI Stadium
Sacramento State	Hornet Stadium
Sam Houston	Bowers Stadium
San Diego State	Snapdragon Stadium
San Jose State	CEFCU Stadium
SMU	Gerald J. Ford Stadium
South Alabama	Hancock Whitney Stadium
South Carolina	Williams-Brice Stadium
South Florida	Raymond James Stadium
Southern Miss	M.M. Roberts Stadium
Stanford	Stanford Stadium
Syracuse	JMA Wireless Dome
TCU	Amon G. Carter Stadium
Temple	Lincoln Financial Field
Tennessee	Neyland Stadium
Texas	Darrell K Royal-Texas Memorial Stadium
Texas A&M	Kyle Field
Texas State	UFCU Stadium
Texas Tech	Jones AT&T Stadium
Toledo	Glass Bowl
Troy	Veterans Memorial Stadium
Tulane	Yulman Stadium
Tulsa	H.A. Chapman Stadium
UAB	Protective Stadium
UCF	FBC Mortgage Stadium
UCLA	Rose Bowl
UConn	Pratt & Whitney Stadium at Rentschler Field
UMass	Warren McGuirk Alumni Stadium
UNLV	Allegiant Stadium
ULM	Malone Stadium
USC	Los Angeles Memorial Coliseum
UTSA	Alamodome
UTEP	Sun Bowl Stadium
Utah	Rice-Eccles Stadium
Utah State	Maverik Stadium
Vanderbilt	FirstBank Stadium
Virginia	Scott Stadium
Virginia Tech	Lane Stadium
Wake Forest	Allegacy Federal Credit Union Stadium
Washington	Husky Stadium
Washington State	Gesa Field at Martin Stadium
West Virginia	Milan Puskar Stadium
Western Kentucky	Houchens Industries-L.T. Smith Stadium
Western Michigan	Waldo Stadium
Wisconsin	Camp Randall Stadium
Wyoming	War Memorial Stadium
