season,conference,internal_games,internal_net,cross_games,cross_net,early_cross_games,early_cross_net,late_cross_games,late_cross_net,postseason_cross_games,postseason_cross_net,unknown_week_cross_games,unknown_week_cross_net
2018,ACC,57.0,0.0,52.0,-14.28,30.0,109.27,11.0,-102.68,11.0,-20.87,,
2018,American Athletic,49.0,0.0,43.0,-369.86,28.0,-29.74,8.0,-159.9,7.0,-180.22,,
2018,Big 12,46.0,0.0,28.0,316.37,21.0,289.65,,,7.0,26.72,,
2018,Big Ten,64.0,0.0,48.0,35.54,38.0,0.67,1.0,-24.65,9.0,59.52,,
2018,Conference USA,57.0,0.0,49.0,-56.98,37.0,-68.85,6.0,-74.59,6.0,86.46,,
2018,FBS Independents / 109,,,11.0,77.32,5.0,27.85,5.0,18.8,1.0,30.67,,
2018,FBS Independents / 118,,,10.0,-157.39,4.0,-58.67,6.0,-98.72,,,,
2018,FBS Independents / 140,,,11.0,-152.18,5.0,-128.55,6.0,-23.63,,,,
2018,FBS Independents / 18,,,12.0,117.4,4.0,109.16,7.0,-31.47,1.0,39.71,,
2018,FBS Independents / 27,,,11.0,-206.17,5.0,-140.8,6.0,-65.37,,,,
2018,FBS Independents / 79,,,13.0,146.78,5.0,101.05,7.0,66.43,1.0,-20.7,,
2018,Mid-American,49.0,0.0,44.0,-556.05,34.0,-487.74,4.0,11.27,6.0,-79.58,,
2018,Mountain West,49.0,0.0,43.0,274.5,32.0,131.98,6.0,113.37,5.0,29.15,,
2018,Pac-12,55.0,0.0,34.0,-81.31,25.0,-78.99,2.0,-0.27,7.0,-2.05,,
2018,SEC,57.0,0.0,53.0,688.2,26.0,362.24,15.0,262.33,12.0,63.63,,
2018,Sun Belt,41.0,0.0,34.0,-61.89,23.0,-138.53,6.0,109.08,5.0,-32.44,,
2019,ACC,58.0,0.0,50.0,-102.36,30.0,101.14,9.0,-136.1,11.0,-67.4,,
2019,American Athletic,49.0,0.0,45.0,621.69,31.0,382.69,7.0,261.59,7.0,-22.59,,
2019,Big 12,46.0,0.0,27.0,47.57,21.0,101.79,,,6.0,-54.22,,
2019,Big Ten,64.0,0.0,47.0,569.29,34.0,346.9,4.0,172.1,9.0,50.29,,
2019,Conference USA,57.0,0.0,51.0,-294.58,35.0,-427.74,8.0,102.18,8.0,30.98,,
2019,FBS Independents / 109,,,11.0,-278.08,3.0,-0.27,8.0,-277.81,,,,
2019,FBS Independents / 118,,,11.0,63.43,4.0,68.19,6.0,-45.73,1.0,40.97,,
2019,FBS Independents / 140,,,11.0,-313.0,4.0,-154.92,7.0,-158.08,,,,
2019,FBS Independents / 18,,,12.0,-12.37,5.0,-35.18,6.0,27.49,1.0,-4.68,,
2019,FBS Independents / 27,,,11.0,-95.33,5.0,-44.25,6.0,-51.08,,,,
2019,FBS Independents / 79,,,13.0,30.9,4.0,-5.47,8.0,17.69,1.0,18.68,,
2019,Mid-American,49.0,0.0,44.0,-391.15,34.0,-345.54,3.0,-4.29,7.0,-41.32,,
2019,Mountain West,49.0,0.0,44.0,33.2,28.0,-29.84,9.0,-11.86,7.0,74.9,,
2019,Pac-12,55.0,0.0,35.0,-16.8,26.0,26.42,2.0,-3.71,7.0,-39.51,,
2019,SEC,57.0,0.0,51.0,137.26,29.0,36.71,12.0,32.24,10.0,68.31,,
2019,Sun Belt,41.0,0.0,35.0,0.33,25.0,-20.63,5.0,75.37,5.0,-54.41,,
2020,ACC,61.0,0.0,23.0,-62.44,5.0,65.65,13.0,-59.91,5.0,-68.18,,
2020,American Athletic,40.0,0.0,21.0,-185.87,12.0,-117.73,3.0,28.95,6.0,-97.09,,
2020,Big 12,44.0,0.0,11.0,31.39,5.0,-148.05,1.0,30.35,5.0,149.09,,
2020,Big Ten,50.0,0.0,5.0,-71.35,,,,,5.0,-71.35,,
2020,Conference USA,36.0,0.0,33.0,-419.68,16.0,-197.6,11.0,-66.62,6.0,-155.46,,
2020,FBS Independents / 109,,,9.0,135.32,3.0,79.11,5.0,61.78,1.0,-5.57,,
2020,FBS Independents / 118,,,9.0,171.94,2.0,85.16,6.0,45.97,1.0,40.81,,
2020,FBS Independents / 140,,,4.0,-26.61,,,4.0,-26.61,,,,
2020,FBS Independents / 18,,,11.0,291.33,3.0,203.29,7.0,56.44,1.0,31.6,,
2020,FBS Independents / 79,,,12.0,50.47,2.0,19.49,9.0,67.07,1.0,-36.09,,
2020,Mid-American,32.0,0.0,2.0,56.48,,,,,2.0,56.48,,
2020,Mountain West,37.0,0.0,8.0,-86.49,1.0,33.59,4.0,-155.92,3.0,35.84,,
2020,Pac-12,31.0,0.0,3.0,-26.39,,,1.0,28.18,2.0,-54.57,,
2020,SEC,69.0,0.0,9.0,107.11,,,,,9.0,107.11,,
2020,Sun Belt,39.0,0.0,30.0,34.79,17.0,-22.91,8.0,-9.68,5.0,67.38,,
2021,ACC,58.0,0.0,46.0,-232.17,28.0,89.35,12.0,-112.02,6.0,-209.5,,
2021,American Athletic,45.0,0.0,38.0,34.11,30.0,-100.04,4.0,101.97,4.0,32.18,,
2021,Big 12,46.0,0.0,28.0,461.66,20.0,173.16,1.0,71.08,7.0,217.42,,
2021,Big Ten,64.0,0.0,45.0,494.05,34.0,374.43,1.0,19.45,10.0,100.17,,
2021,Conference USA,57.0,0.0,50.0,-297.7,38.0,-305.6,4.0,5.7,8.0,2.2,,
2021,FBS Independents / 107,,,10.0,-178.12,5.0,-109.05,5.0,-69.07,,,,
2021,FBS Independents / 109,,,12.0,-6.19,5.0,43.37,6.0,-53.82,1.0,4.26,,
2021,FBS Independents / 118,,,12.0,-123.64,4.0,44.44,7.0,-181.76,1.0,13.68,,
2021,FBS Independents / 140,,,10.0,-80.34,5.0,-47.11,5.0,-33.23,,,,
2021,FBS Independents / 18,,,12.0,-96.03,5.0,29.9,6.0,-84.07,1.0,-41.86,,
2021,FBS Independents / 27,,,11.0,-103.72,5.0,-133.09,6.0,29.37,,,,
2021,FBS Independents / 79,,,13.0,28.21,5.0,-8.03,7.0,75.63,1.0,-39.39,,
2021,Mid-American,49.0,0.0,44.0,-359.9,36.0,-394.55,,,8.0,34.65,,
2021,Mountain West,49.0,0.0,44.0,218.1,33.0,113.27,5.0,50.8,6.0,54.03,,
2021,Pac-12,55.0,0.0,32.0,-320.39,23.0,-140.33,4.0,-17.93,5.0,-162.13,,
2021,SEC,58.0,0.0,54.0,555.4,32.0,404.16,10.0,128.98,12.0,22.26,,
2021,Sun Belt,41.0,0.0,35.0,6.67,26.0,-34.28,5.0,68.92,4.0,-27.97,,
2022,ACC,56.0,0.0,51.0,38.23,30.0,39.59,12.0,-66.3,9.0,64.94,,
2022,American Athletic,45.0,0.0,41.0,-254.2,31.0,-265.37,3.0,-2.9,7.0,14.07,,
2022,Big 12,46.0,0.0,31.0,138.19,22.0,322.54,,,9.0,-184.35,,
2022,Big Ten,64.0,0.0,42.0,239.42,33.0,262.97,,,9.0,-23.55,,
2022,Conference USA,45.0,0.0,41.0,-72.07,32.0,12.96,3.0,-102.45,6.0,17.42,,
2022,FBS Independents / 107,,,12.0,111.66,5.0,37.04,6.0,84.78,1.0,-10.16,,
2022,FBS Independents / 109,,,10.0,-101.12,3.0,-142.24,7.0,41.12,,,,
2022,FBS Independents / 118,,,12.0,-21.19,5.0,46.17,6.0,-45.79,1.0,-21.57,,
2022,FBS Independents / 140,,,11.0,-130.09,4.0,-69.8,7.0,-60.29,,,,
2022,FBS Independents / 18,,,12.0,-88.52,5.0,-10.77,6.0,-83.03,1.0,5.28,,
2022,FBS Independents / 27,,,11.0,73.53,6.0,-87.31,4.0,141.04,1.0,19.8,,
2022,FBS Independents / 79,,,13.0,58.78,4.0,-3.54,8.0,52.27,1.0,10.05,,
2022,Mid-American,49.0,0.0,42.0,-286.4,34.0,-343.99,2.0,7.56,6.0,50.03,,
2022,Mountain West,49.0,0.0,43.0,-739.13,32.0,-639.1,4.0,-67.4,7.0,-32.63,,
2022,Pac-12,55.0,0.0,33.0,382.89,23.0,258.98,3.0,96.85,7.0,27.06,,
2022,SEC,57.0,0.0,54.0,807.92,32.0,606.98,10.0,108.41,12.0,92.53,,
2022,Sun Belt,57.0,0.0,47.0,-157.9,35.0,-25.11,5.0,-103.87,7.0,-28.92,,
2023,ACC,57.0,0.0,54.0,427.63,32.0,194.67,11.0,138.46,11.0,94.5,,
2023,American Athletic,57.0,0.0,49.0,-634.41,39.0,-623.26,4.0,-11.19,6.0,0.04,,
2023,Big 12,64.0,0.0,40.0,58.13,31.0,131.13,,,9.0,-73.0,,
2023,Big Ten,64.0,0.0,45.0,123.94,34.0,110.93,1.0,2.67,10.0,10.34,,
2023,Conference USA,37.0,0.0,33.0,-257.6,24.0,-202.56,5.0,55.14,4.0,-110.18,,
2023,FBS Independents / 107,,,11.0,-80.73,5.0,-108.82,6.0,28.09,,,,
2023,FBS Independents / 109,,,10.0,-22.31,3.0,-32.61,7.0,10.3,,,,
2023,FBS Independents / 140,,,11.0,0.61,6.0,-41.7,5.0,42.31,,,,
2023,FBS Independents / 79,,,12.0,103.89,5.0,61.63,6.0,-30.65,1.0,72.91,,
2023,Mid-American,49.0,0.0,42.0,-478.41,34.0,-248.47,2.0,-2.85,6.0,-227.09,,
2023,Mountain West,49.0,0.0,44.0,-126.41,35.0,-148.82,2.0,-55.31,7.0,77.72,,
2023,Pac-12,55.0,0.0,36.0,575.66,25.0,613.41,2.0,-34.21,9.0,-3.54,,
2023,SEC,57.0,0.0,51.0,208.7,29.0,96.53,13.0,-21.41,9.0,133.58,,
2023,Sun Belt,57.0,0.0,54.0,101.31,34.0,197.94,8.0,-121.35,12.0,24.72,,
2024,ACC,69.0,0.0,65.0,316.82,39.0,414.89,13.0,125.94,13.0,-224.01,,
2024,American Athletic,58.0,0.0,49.0,-176.38,34.0,-187.01,7.0,-24.28,8.0,34.91,,
2024,Big 12,76.0,0.0,37.0,625.4,29.0,638.42,1.0,-9.67,7.0,-3.35,,
2024,Big Ten,83.0,0.0,56.0,402.85,39.0,203.07,2.0,6.26,15.0,193.52,,
2024,Conference USA,41.0,0.0,36.0,-588.45,27.0,-433.26,4.0,-29.42,5.0,-125.77,,
2024,FBS Independents / 107,,,12.0,175.82,4.0,143.84,7.0,-24.63,1.0,56.61,,
2024,FBS Independents / 140,,,10.0,-53.16,4.0,-16.45,6.0,-36.71,,,,
2024,FBS Independents / 79,,,16.0,168.48,5.0,24.48,7.0,94.71,4.0,49.29,,
2024,Mid-American,49.0,0.0,44.0,-272.25,35.0,-296.88,2.0,8.09,7.0,16.54,,
2024,Mountain West,43.0,0.0,53.0,-142.59,31.0,-343.13,17.0,225.3,5.0,-24.76,,
2024,Pac-12,1.0,0.0,21.0,-332.39,7.0,106.61,13.0,-399.29,1.0,-39.71,,
2024,SEC,65.0,0.0,64.0,340.16,36.0,203.14,13.0,107.93,15.0,29.09,,
2024,Sun Belt,57.0,0.0,49.0,-464.31,40.0,-457.72,2.0,-44.23,7.0,37.64,,
2025,ACC,70.0,0.0,64.0,300.68,36.0,75.08,14.0,17.52,14.0,208.08,,
2025,American Athletic,58.0,0.0,50.0,505.97,33.0,312.56,8.0,86.16,9.0,107.25,,
2025,Big 12,74.0,0.0,39.0,193.81,31.0,167.3,,,8.0,26.51,,
2025,Big Ten,83.0,0.0,54.0,324.65,38.0,204.99,2.0,-17.72,14.0,137.38,,
2025,Conference USA,49.0,0.0,44.0,-580.95,31.0,-411.68,6.0,-107.19,7.0,-62.08,,
2025,FBS Independents / 107,,,12.0,-34.46,4.0,5.27,7.0,54.45,1.0,-94.18,,
2025,FBS Independents / 79,,,12.0,54.15,4.0,-53.8,8.0,107.95,,,,
2025,Mid-American,53.0,0.0,44.0,-651.68,37.0,-679.8,2.0,-33.64,5.0,61.76,,
2025,Mountain West,49.0,0.0,43.0,-268.0,32.0,-18.95,4.0,-47.66,7.0,-201.39,,
2025,Pac-12,2.0,0.0,19.0,-23.54,9.0,-68.16,9.0,-37.26,1.0,81.88,,
2025,SEC,67.0,0.0,59.0,566.78,39.0,790.42,10.0,34.87,10.0,-258.51,,
2025,Sun Belt,58.0,0.0,50.0,-387.41,38.0,-323.23,4.0,-57.48,8.0,-6.7,,
