season_year,team,conference,garbage_time_excluded,off_plays,off_ppa,off_success_rate,off_explosiveness,off_pts_per_opp,off_line_yards,off_stuff_rate,off_havoc,def_plays,def_ppa,def_success_rate,def_explosiveness,def_pts_per_opp,def_line_yards,def_stuff_rate,def_havoc
2025,Air Force,Mountain West,1,804,0.2329731915843372,0.472636815920398,1.2182465492947063,4.597222222222222,3.267363344051447,0.1189710610932476,0.09,683,0.36609237307132575,0.4978038067349927,1.3560447477017528,4.27536231884058,3.2984984984984984,0.13213213213213212,0.107
2025,Akron,Mid-American,1,743,0.010539020266631931,0.3835800807537012,1.239917329197983,3.2533333333333334,2.8014836795252225,0.20474777448071216,0.179,694,0.042599308357987246,0.3919308357348703,1.287983815992072,3.684931506849315,2.751851851851852,0.22507122507122507,0.173
2025,Alabama,SEC,1,912,0.1569983180384807,0.42653508771929827,1.268546581053612,4.042105263157895,2.7317135549872122,0.20971867007672634,0.135,841,0.026331468723890212,0.3793103448275862,1.2286756693224627,3.6521739130434785,2.814622641509434,0.19103773584905662,0.177
2025,App State,Sun Belt,1,860,0.06034208234662837,0.4197674418604651,1.1619870621380242,3.5,3.0302702702702704,0.15945945945945947,0.167,851,0.12009586954692672,0.45240893066980026,1.1648351450187324,4.2439024390243905,2.8552162849872773,0.17557251908396945,0.165
2025,Arizona,Big 12,1,819,0.15392787921461626,0.4261294261294261,1.2897121146742683,3.6091954022988504,3.0967828418230563,0.1903485254691689,0.147,769,-0.009912085706261033,0.39011703511053314,1.1964081298805322,3.3833333333333333,2.8508860759493673,0.17974683544303796,0.202
2025,Arizona State,Big 12,1,918,0.040764370425146745,0.4019607843137255,1.2166200886942755,3.3734939759036147,2.8606837606837607,0.1987179487179487,0.168,873,0.04451225329143787,0.40778923253150057,1.2207989391323806,3.458823529411765,2.718639798488665,0.2141057934508816,0.188
2025,Arkansas,SEC,1,716,0.24908135979627036,0.48743016759776536,1.336698892203971,4.2,3.428779069767442,0.2005813953488372,0.169,742,0.24933815486502187,0.47304582210242585,1.2701371025661692,4.2125,3.0487623762376237,0.19306930693069307,0.154
2025,Arkansas State,Sun Belt,1,945,0.05038342087580131,0.4201058201058201,1.137501355910958,3.3068181818181817,2.645,0.2125,0.178,889,0.16022910613095986,0.4341957255343082,1.2924939244295122,3.9,2.7518438177874187,0.19305856832971802,0.155
2025,Army,American Athletic,1,854,0.10416300393922096,0.4215456674473068,1.1322785518345766,3.7,3.0569037656903766,0.1297071129707113,0.083,764,0.10259849456542107,0.443717277486911,1.1417806500273329,3.764705882352941,3.1310513447432764,0.16136919315403422,0.127
2025,Auburn,SEC,1,786,0.13093903332224602,0.43384223918575066,1.1364738270469472,3.903225806451613,3.18639798488665,0.15365239294710328,0.168,773,0.02165970412090148,0.3829236739974127,1.2742398695967128,3.373134328358209,2.248509485094851,0.26287262872628725,0.166
2025,Ball State,Mid-American,1,676,-0.055872524657450316,0.3269230769230769,1.2921904794087655,2.706896551724138,2.5168,0.22666666666666666,0.21,724,0.11385463478793585,0.4447513812154696,1.252732049150001,3.5657894736842106,2.967195767195767,0.20634920634920634,0.14
2025,Baylor,Big 12,1,856,0.11410523879039021,0.4497663551401869,1.2675385241720636,3.6941176470588233,3.0903508771929826,0.15789473684210525,0.146,810,0.1457802631588489,0.44320987654320987,1.1623036433155414,4.295774647887324,3.150765864332604,0.14660831509846828,0.123
2025,Boise State,Mountain West,1,904,0.12699793664649048,0.41814159292035397,1.2618354704818127,3.6595744680851063,3.107956989247312,0.16129032258064516,0.141,776,0.04580844659962612,0.3646907216494845,1.3825436499510686,4.136986301369863,2.9818407960199007,0.19402985074626866,0.166
2025,Boston College,ACC,1,753,0.09069882832932338,0.42363877822045154,1.2115031666603946,3.3943661971830985,2.7456953642384105,0.17880794701986755,0.165,707,0.1915048482016888,0.42574257425742573,1.3718069514583817,3.8219178082191783,2.785674157303371,0.2050561797752809,0.123
2025,Bowling Green,Mid-American,1,733,-0.057908592755515936,0.35607094133697137,1.2086929233020376,3.1904761904761907,2.876056338028169,0.18544600938967137,0.16,695,0.08152592872884212,0.40575539568345326,1.2714859812666093,3.442857142857143,2.7421195652173913,0.24728260869565216,0.19
2025,Buffalo,Mid-American,1,788,0.005016538559729466,0.3883248730964467,1.1936352189366712,3.5,2.6828651685393257,0.18820224719101122,0.161,806,0.06065161431526681,0.39081885856079407,1.215656203587614,3.069444444444444,2.9626966292134833,0.17303370786516853,0.153
2025,BYU,Big 12,1,883,0.16102874286049562,0.4552661381653454,1.1917369131368214,4.032967032967033,3.001906779661017,0.1652542372881356,0.136,856,0.0316135376253512,0.39135514018691586,1.2249615673480305,3.2948717948717947,2.82525,0.21,0.158
2025,California,ACC,1,895,0.08885750326907232,0.40558659217877097,1.2532279598597524,3.704225352112676,2.635816618911175,0.18051575931232092,0.164,841,0.12375352019921607,0.4233055885850178,1.1652288046977677,3.689189189189189,3.321994884910486,0.1278772378516624,0.151
2025,Central Michigan,Mid-American,1,711,0.1111524500613033,0.41068917018284107,1.1831025085908824,3.6,2.7853658536585364,0.19290465631929046,0.155,750,-0.0031417793794373014,0.396,1.2142008869861094,3.135135135135135,2.8267605633802817,0.21690140845070421,0.169
2025,Charlotte,American Athletic,1,619,-0.1011295474308193,0.34248788368336025,1.2625996801563089,2.7254901960784315,2.126470588235294,0.23897058823529413,0.185,773,0.19093295422527662,0.5394566623544631,1.0525919942829247,4.162790697674419,3.333417085427136,0.135678391959799,0.106
2025,Cincinnati,Big 12,1,730,0.24916162673847952,0.46301369863013697,1.2999449179669162,4.597402597402597,3.4673184357541897,0.164804469273743,0.12,881,0.18039963299409092,0.4517593643586833,1.1657796470714281,3.930555555555556,3.297263157894737,0.14526315789473684,0.122
2025,Clemson,ACC,1,838,0.10484386935199921,0.4236276849642005,1.2191355016993064,3.7974683544303796,2.992997198879552,0.17647058823529413,0.151,816,0.02571778246600877,0.3700980392156863,1.325717711655624,2.6842105263157894,2.677058823529412,0.22647058823529412,0.196
2025,Coastal Carolina,Sun Belt,1,739,0.028068918992618996,0.36941813261163736,1.2617456098342594,3.8,2.7401515151515152,0.19444444444444445,0.185,811,0.11035481194370793,0.42909987669543775,1.2884144910895756,3.6063829787234045,3.0016746411483255,0.17703349282296652,0.153
2025,Colorado,Big 12,1,693,0.037153721771779634,0.35209235209235207,1.4257403271066975,3.4838709677419355,2.6798816568047337,0.21893491124260356,0.197,746,0.15393751415138354,0.43029490616621985,1.3156061560521943,4.0131578947368425,2.9663677130044843,0.19730941704035873,0.151
2025,Colorado State,Mountain West,1,698,0.03205694613995901,0.40257879656160456,1.1707964630803334,3.5185185185185186,2.9702875399361024,0.19169329073482427,0.188,782,0.1781484045322035,0.45268542199488493,1.239515578734302,4.026315789473684,3.2556306306306304,0.14864864864864866,0.132
2025,Delaware,Conference USA,1,866,0.1318686785841196,0.4376443418013857,1.2521710622011517,3.5172413793103448,2.921489971346705,0.20057306590257878,0.154,825,0.18146118696873337,0.4206060606060606,1.4206166503045659,4.0375,2.874102564102564,0.2128205128205128,0.158
2025,Duke,ACC,1,928,0.20363168335425477,0.46012931034482757,1.3261098753901912,4.315789473684211,2.798044009779951,0.2200488997555012,0.154,933,0.15280573509630604,0.43837084673097537,1.3329325213633625,4.392857142857143,2.622888888888889,0.23333333333333334,0.172
2025,East Carolina,American Athletic,1,865,0.15701230257999305,0.4635838150289017,1.1520699903949747,3.758241758241758,3.0361233480176213,0.13876651982378854,0.129,738,0.006709048577085149,0.38346883468834686,1.263592089313249,3.046153846153846,2.509302325581395,0.28488372093023256,0.191
2025,Eastern Michigan,Mid-American,1,771,0.13460324414073735,0.42282749675745784,1.2403404146347907,3.9545454545454546,3.0869565217391304,0.1793478260869565,0.129,815,0.21543777146008328,0.4368098159509202,1.2942924961229332,3.8846153846153846,3.1359918200409,0.17177914110429449,0.106
2025,Florida,SEC,1,673,0.04390006643221478,0.4160475482912333,1.1314850779480232,4,3.2641509433962264,0.1540880503144654,0.152,746,0.1331417471840738,0.43297587131367293,1.257700227389267,3.460526315789474,2.7856060606060606,0.17424242424242425,0.145
2025,Florida Atlantic,American Athletic,1,741,0.10166174297241509,0.41700404858299595,1.3783575537580433,3.493827160493827,2.758888888888889,0.17777777777777778,0.178,739,0.21674833859696707,0.4546684709066306,1.3007610171879394,4.576923076923077,3.0682619647355165,0.1486146095717884,0.139
2025,Florida International,Conference USA,1,801,0.08269529223751362,0.4069912609238452,1.3026820724638934,4.120481927710843,2.841666666666667,0.22474747474747475,0.169,803,0.06792919503164697,0.4259028642590286,1.2711106425892293,3.6547619047619047,3.210512129380054,0.15902964959568733,0.164
2025,Florida State,ACC,1,748,0.20821466759326443,0.4585561497326203,1.3509821709410066,3.9506172839506175,3.399513381995134,0.12895377128953772,0.145,703,0.10151816475999245,0.42105263157894735,1.161722063055255,4.120689655172414,3.122938144329897,0.15206185567010308,0.155
2025,Fresno State,Mountain West,1,798,0.025803126890401852,0.38596491228070173,1.2398700262267905,3.292682926829268,2.789336492890995,0.1990521327014218,0.153,787,-0.003990483421725225,0.38881829733163914,1.1547176351675845,3.2615384615384615,3.0002564102564104,0.20256410256410257,0.174
2025,Georgia,SEC,1,926,0.2197566698881841,0.47840172786177104,1.1416431422714401,4.790697674418604,3.081640625,0.201171875,0.134,750,0.03516324322725269,0.39066666666666666,1.1261203882115056,3.6724137931034484,2.5325227963525836,0.20364741641337386,0.151
2025,Georgia Southern,Sun Belt,1,820,0.1817195643250666,0.4548780487804878,1.2097050243187144,4.08641975308642,3.2168734491315134,0.1662531017369727,0.136,824,0.23017235472993072,0.49029126213592233,1.247322868790044,4.206896551724138,3.4004728132387707,0.1607565011820331,0.15
2025,Georgia State,Sun Belt,1,757,0.06402409037126838,0.4095112285336856,1.2401560341088733,3.389830508474576,2.8925696594427244,0.20123839009287925,0.16,764,0.24060991309237645,0.45549738219895286,1.26904546701594,4.445652173913044,3.1672093023255816,0.14186046511627906,0.127
2025,Georgia Tech,ACC,1,839,0.22055037068760447,0.4934445768772348,1.1614797590312267,3.611764705882353,3.376497695852535,0.16129032258064516,0.118,793,0.16402939093838448,0.43883984867591425,1.2387962494987907,3.557142857142857,2.991183879093199,0.1889168765743073,0.137
2025,Hawai'i,Mountain West,1,867,0.11643865248921113,0.4117647058823529,1.321954901641285,3.7721518987341773,2.80404984423676,0.20249221183800623,0.122,765,0.11328511451898704,0.4169934640522876,1.2766910283413282,3.3472222222222223,3.212994350282486,0.15819209039548024,0.16
2025,Houston,Big 12,1,924,0.06761140712038993,0.41883116883116883,1.2136757708301467,3.5517241379310347,2.610606060606061,0.20833333333333334,0.134,824,0.04466740454325635,0.41504854368932037,1.1223209001577983,3.909090909090909,2.7032338308457713,0.19900497512437812,0.162
2025,Illinois,Big Ten,1,757,0.16009348850954344,0.47820343461030385,1.1689386686165733,4.2125,3.039947780678851,0.19321148825065274,0.155,763,0.15679818387893382,0.4521625163826999,1.1819382072550937,4.333333333333333,2.8842261904761903,0.1875,0.153
2025,Indiana,Big Ten,1,873,0.2830476235364067,0.5108820160366552,1.175565162735069,5.133928571428571,3.229278350515464,0.14845360824742268,0.114,724,-0.07458375888897699,0.35082872928176795,1.3101959999313126,2.070175438596491,2.2146103896103897,0.2987012987012987,0.232
2025,Iowa,Big Ten,1,713,0.1238262965809022,0.44460028050490885,1.1183391336706032,4.435897435897436,3.28943661971831,0.1431924882629108,0.112,685,-0.010625450503193953,0.3854014598540146,1.1263570912862577,3.3392857142857144,2.9168195718654433,0.18654434250764526,0.169
2025,Iowa State,Big 12,1,796,0.15602878501191314,0.4472361809045226,1.2148935869446424,3.541176470588235,2.997196261682243,0.17990654205607476,0.145,747,0.008407062512508811,0.39357429718875503,1.188324412722661,3.0579710144927534,2.7850282485875706,0.211864406779661,0.167
2025,Jacksonville State,Conference USA,1,935,0.13498557983212287,0.4374331550802139,1.24544548953509,3.7333333333333334,3.153885135135135,0.18243243243243243,0.14,906,0.08530493760652219,0.4205298013245033,1.2910434337294125,3.7837837837837838,2.7073275862068966,0.20474137931034483,0.17
2025,James Madison,Sun Belt,1,858,0.15995690285332204,0.44988344988344986,1.2800251300759777,3.980392156862745,3.1718685831622175,0.18480492813141683,0.132,730,-0.04913636435105778,0.3136986301369863,1.4294336309661089,3.4081632653061225,2.321700879765396,0.25513196480938416,0.199
2025,Kansas,Big 12,1,699,0.19794487181108938,0.48354792560801146,1.1652469414581568,3.943661971830986,3.534453781512605,0.13445378151260504,0.144,722,0.22150170639337352,0.4168975069252078,1.4283777531906938,4.241935483870968,2.835967302452316,0.21525885558583105,0.177
2025,Kansas State,Big 12,1,754,0.1218127327813434,0.40848806366047746,1.3762882399985992,4.153846153846154,2.8154639175257734,0.22164948453608246,0.175,869,0.053543417253662476,0.3947065592635213,1.330142980989505,3.4473684210526314,2.732666666666667,0.19777777777777777,0.167
2025,Kennesaw State,Conference USA,1,939,0.1284569362515633,0.4132055378061768,1.3351495020018729,2.946236559139785,2.8365111561866128,0.2028397565922921,0.152,906,0.08878044887626958,0.4205298013245033,1.2069411506027545,3.569620253164557,2.9665271966527196,0.1903765690376569,0.168
2025,Kent State,Mid-American,1,593,0.0032516458931520008,0.3642495784148398,1.349052033847564,3.4166666666666665,2.53915857605178,0.21035598705501618,0.182,736,0.1479056913155739,0.42934782608695654,1.2861176090553228,4.289156626506024,2.9451187335092346,0.17941952506596306,0.138
2025,Kentucky,SEC,1,692,0.019213409755853634,0.4161849710982659,1.1526530480283057,3.8412698412698414,3.045070422535211,0.17746478873239438,0.177,716,0.09099657563290674,0.4371508379888268,1.2269911985132906,3.984848484848485,2.8889487870619948,0.19946091644204852,0.147
2025,Liberty,Conference USA,1,797,0.09385196566791926,0.43914680050188204,1.1754453157951075,3.6774193548387095,2.907112068965517,0.17025862068965517,0.159,774,0.14609119849194036,0.417312661498708,1.293210831260116,3.551282051282051,3.177937649880096,0.1750599520383693,0.132
2025,Louisiana,Sun Belt,1,827,0.06943960014088828,0.38694074969770254,1.2119143423833847,3.4473684210526314,2.9044967880085655,0.20556745182012848,0.16,838,0.1298290116754584,0.4606205250596659,1.1662792942043456,3.3292682926829267,3.2850111856823268,0.16554809843400448,0.135
2025,Louisiana Tech,Conference USA,1,817,0.09692273859820091,0.3990208078335373,1.2456787914258056,3.319444444444444,2.9540540540540543,0.17671517671517672,0.147,856,0.006944149382254751,0.37850467289719625,1.3318809989155997,3.074626865671642,2.687301587301587,0.2328042328042328,0.195
2025,Louisville,ACC,1,781,0.09885135540368613,0.4468629961587708,1.2061878318826005,3.6206896551724137,2.750434782608696,0.22608695652173913,0.166,795,-0.062374741200516795,0.3672955974842767,1.1811112814535611,3.375,2.7441988950276244,0.20165745856353592,0.173
2025,LSU,SEC,1,781,0.030852116691182964,0.3892445582586428,1.186850655773852,3.3544303797468356,2.455891238670695,0.2537764350453172,0.179,818,-0.005182259201974333,0.38753056234718825,1.2417076812669192,3.25,2.5876606683804626,0.2467866323907455,0.17
2025,Marshall,Sun Belt,1,785,0.1443153585202542,0.45095541401273886,1.1428295402742672,3.893333333333333,3.0542600896860987,0.1726457399103139,0.13,803,0.09237999152944588,0.38854296388542964,1.3792001072867053,3.621212121212121,2.5985221674876846,0.21921182266009853,0.157
2025,Maryland,Big Ten,1,705,0.08397524021240212,0.4014184397163121,1.3188117945879718,3.393939393939394,2.8260162601626018,0.1910569105691057,0.142,740,0.06347970130947367,0.4418918918918919,1.174158328513449,3.5974025974025974,3.0641221374045804,0.17048346055979643,0.141
2025,Massachusetts,Mid-American,1,653,-0.11337297699832602,0.33690658499234305,1.2127376196812327,2.1666666666666665,2.0476027397260275,0.2773972602739726,0.199,700,0.25614623697978595,0.48,1.1599041142005655,4.636363636363637,3.5327319587628865,0.11082474226804123,0.085
2025,Memphis,American Athletic,1,837,0.21254014397818635,0.44922341696535245,1.3302538206885497,4.407407407407407,3.334825870646766,0.19154228855721392,0.141,810,0.1329808250681287,0.4160493827160494,1.3100147824033157,4,2.571078431372549,0.21568627450980393,0.174
2025,Miami,ACC,1,960,0.19085683325771677,0.4635416666666667,1.1500069338372427,4.355769230769231,3.12625,0.14375,0.121,910,-0.03554658962440907,0.3659340659340659,1.2734785600512506,2.5125,2.58479381443299,0.2036082474226804,0.189
2025,Miami (OH),Mid-American,1,830,0.037022854230736486,0.39156626506024095,1.222437058471877,3.341463414634146,3.144158878504673,0.17523364485981308,0.133,892,0.025133605801321138,0.39125560538116594,1.1877932440252608,3.388888888888889,2.7113636363636364,0.20454545454545456,0.178
2025,Michigan,Big Ten,1,800,0.13674828501160274,0.44375,1.1610659479257575,3.6436781609195403,3.28584686774942,0.1368909512761021,0.121,834,0.053561753174544126,0.42326139088729015,1.1323938150571398,3.791044776119403,2.680051813471503,0.17616580310880828,0.167
2025,Michigan State,Big Ten,1,748,0.04865302583048413,0.41711229946524064,1.2084279571221952,3.75,2.556125356125356,0.2535612535612536,0.18,745,0.1634482137614452,0.45234899328859063,1.18355516761411,3.9054054054054053,2.8707988980716252,0.16804407713498623,0.135
2025,Middle Tennessee,Conference USA,1,812,0.0607299739199522,0.42980295566502463,1.2235283296875687,3.2,2.9181208053691274,0.2214765100671141,0.18,784,0.1672743116454264,0.44642857142857145,1.261385471346169,4.027027027027027,2.6161538461538463,0.2282051282051282,0.157
2025,Minnesota,Big Ten,1,693,0.08661687909935996,0.3924963924963925,1.1988248901688727,3.6029411764705883,2.603114186851211,0.20761245674740483,0.158,726,0.13751973984666452,0.4366391184573003,1.2562902955487836,3.6956521739130435,2.906865671641791,0.19402985074626866,0.176
2025,Mississippi State,SEC,1,865,0.07652102895713371,0.41502890173410406,1.274041880841608,4.413333333333333,2.808315098468271,0.19474835886214442,0.182,841,0.16149703562461024,0.4423305588585018,1.2467345633114386,3.675324675324675,3.410859728506787,0.1425339366515837,0.135
2025,Missouri,SEC,1,867,0.14123523403820756,0.447520184544406,1.2167785036862995,3.85,3.118238993710692,0.1719077568134172,0.128,714,-0.006212287337567109,0.34593837535014005,1.2485722501559655,3.3636363636363638,2.636094674556213,0.21005917159763313,0.198
2025,Missouri State,Conference USA,1,814,0.1452261486626531,0.3931203931203931,1.4992288338036956,3.694444444444444,2.4877906976744186,0.2703488372093023,0.239,790,0.16265513047348557,0.42658227848101266,1.3058030023927951,3.891891891891892,2.75910290237467,0.19525065963060687,0.15
2025,Navy,American Athletic,1,804,0.25344405119091407,0.4900497512437811,1.232402589843693,4.225,3.4544554455445544,0.11386138613861387,0.092,777,0.1262783375808468,0.4066924066924067,1.317089092975067,4.2,2.8479012345679013,0.18024691358024691,0.125
2025,NC State,ACC,1,751,0.20999807739828014,0.4380825565912117,1.3661843638972428,4.690140845070422,2.9370786516853933,0.21348314606741572,0.158,801,0.1777325728474145,0.3920099875156055,1.442617653176529,3.7023809523809526,2.8666666666666667,0.19298245614035087,0.149
2025,Nebraska,Big Ten,1,730,0.09800301674586785,0.46164383561643835,1.0873411284974304,3.925925925925926,3.16,0.1527777777777778,0.128,711,0.14643518822696416,0.4317862165963432,1.2624770523894289,4.369230769230769,3.2488431876606683,0.15681233933161953,0.144
2025,Nevada,Mountain West,1,599,-0.06671771412661273,0.3656093489148581,1.1917086327435287,2.6666666666666665,2.830860534124629,0.19287833827893175,0.174,664,0.14518163744026616,0.4352409638554217,1.1961142964688007,4.147058823529412,3.075602409638554,0.16265060240963855,0.144
2025,New Mexico,Mountain West,1,837,0.09085563163024074,0.4074074074074074,1.2290379388880597,3.810810810810811,3.164009111617312,0.13895216400911162,0.138,877,0.041246372692078315,0.3945267958950969,1.2213066925850515,3.0135135135135136,2.616058394160584,0.22871046228710462,0.172
2025,New Mexico State,Conference USA,1,820,-0.009406166762941585,0.3670731707317073,1.2582773909338567,3.2142857142857144,2.128260869565217,0.2639751552795031,0.203,858,0.06077784647876273,0.4195804195804196,1.2062838534471985,3.2857142857142856,2.994823529411765,0.1952941176470588,0.156
2025,North Carolina,ACC,1,639,0.029098043295509565,0.38184663536776214,1.1438428425082885,3.327272727272727,2.724671052631579,0.1875,0.167,745,0.15024828316945546,0.40939597315436244,1.2459391654919147,3.5757575757575757,2.7213675213675215,0.17094017094017094,0.148
2025,Northern Illinois,Mid-American,1,676,-0.040757784063815514,0.34467455621301774,1.2422229645422327,3.04,2.8412698412698414,0.18140589569160998,0.13,750,0.14381533927517834,0.44133333333333336,1.1779380365377212,3.4473684210526314,3.184474885844749,0.15296803652968036,0.112
2025,North Texas,American Athletic,1,886,0.3135635926901819,0.5146726862302483,1.310212406834367,4.981308411214953,3.5833729216152017,0.1330166270783848,0.115,898,0.06879321039837334,0.4354120267260579,1.2100360668411358,4.026666666666666,3.191635687732342,0.14312267657992564,0.137
2025,Northwestern,Big Ten,1,787,0.0743526562421265,0.4320203303684879,1.1709415055803445,3.211267605633803,2.9669172932330827,0.17543859649122806,0.167,707,0.11292212286708381,0.4526166902404526,1.1482086504322966,3.3714285714285714,3.16,0.15342465753424658,0.15
2025,Notre Dame,FBS Independents,1,627,0.3026950667235013,0.48963317384370014,1.4410459817286816,4.7926829268292686,3.0501492537313433,0.20298507462686566,0.134,638,-0.07360279654432415,0.36363636363636365,1.266791366370322,2.5757575757575757,2.7373626373626374,0.18315018315018314,0.184
2025,Ohio,Mid-American,1,866,0.15317735986948142,0.4491916859122402,1.21682205247308,3.5454545454545454,3.316346153846154,0.12884615384615383,0.123,790,0.06021373481488367,0.41265822784810124,1.2692186294830015,2.8333333333333335,2.9806532663316583,0.18592964824120603,0.149
2025,Ohio State,Big Ten,1,775,0.27590397029362085,0.5174193548387097,1.158563953732529,4.827160493827161,2.9919354838709675,0.19086021505376344,0.112,633,-0.11254338626541112,0.344391785150079,1.0656988755866263,2.6444444444444444,2.4970588235294118,0.22875816993464052,0.163
2025,Oklahoma,SEC,1,816,0.045104466164851156,0.39705882352941174,1.2527377217674902,3.767123287671233,2.7124324324324323,0.22162162162162163,0.167,780,-0.042482849411895784,0.32051282051282054,1.3220274342770233,2.619047619047619,2.0305475504322765,0.2910662824207493,0.227
2025,Oklahoma State,Big 12,1,689,-0.06707352214619203,0.35413642960812775,1.1597239988465804,2.9615384615384617,2.590062111801242,0.19875776397515527,0.188,719,0.24495378582877203,0.4478442280945758,1.3697396631286836,4,2.980371352785146,0.20424403183023873,0.149
2025,Old Dominion,Sun Belt,1,725,0.19699419612204108,0.4593103448275862,1.2749530276477832,3.941860465116279,3.1875598086124404,0.15550239234449761,0.138,733,-0.07332055114462269,0.39290586630286495,1.045344367001316,3.028985507246377,2.913858695652174,0.20652173913043478,0.186
2025,Ole Miss,SEC,1,1002,0.26318715442875745,0.4780439121756487,1.2900755663176535,4.43859649122807,2.790562248995984,0.20682730923694778,0.133,913,0.07563714456345436,0.39978094194961666,1.2943448716808064,3.097560975609756,3.1072052401746726,0.17903930131004367,0.167
2025,Oregon,Big Ten,1,829,0.2533898792923187,0.4776839565741858,1.3158511824958898,4.099009900990099,3.0765116279069766,0.16046511627906976,0.109,773,-0.019783508317391,0.36351875808538164,1.266843389355411,3.903225806451613,2.7167979002624674,0.17060367454068243,0.182
2025,Oregon State,Pac-12,1,751,-0.012550904450788162,0.4234354194407457,1.0339248407504347,2.891891891891892,2.8247838616714698,0.15561959654178675,0.163,679,0.1326033153569107,0.38291605301914583,1.4377641014087363,3.4054054054054053,2.6,0.22388059701492538,0.172
2025,Penn State,Big Ten,1,754,0.17807804586213752,0.46286472148541113,1.1897961957644474,4.32,3.116267942583732,0.16267942583732056,0.135,706,0.043338405306437906,0.4121813031161473,1.1618350859127584,3.3333333333333335,2.9696132596685083,0.18232044198895028,0.159
2025,Pittsburgh,ACC,1,791,0.10157319969827476,0.40581542351453853,1.3735382793244604,3.648936170212766,2.625581395348837,0.2441860465116279,0.184,783,-0.04217470859661228,0.351213282247765,1.3403765166769002,3.805555555555556,2.340495867768595,0.2534435261707989,0.189
2025,Purdue,Big Ten,1,673,0.04811960039147909,0.4279346210995542,1.238060779737203,3.0615384615384613,2.9424920127795526,0.19169329073482427,0.16,686,0.24250739443118988,0.48250728862973763,1.2042853994613298,4.028985507246377,3.253421052631579,0.18157894736842106,0.152
2025,Rice,American Athletic,1,742,0.016402386487674794,0.36792452830188677,1.174320531927467,3.2142857142857144,2.688718929254302,0.2045889101338432,0.176,748,0.21230162538975061,0.3997326203208556,1.550725725614686,3.7125,3.021763085399449,0.17355371900826447,0.135
2025,Rutgers,Big Ten,1,785,0.17965735733581722,0.467515923566879,1.2044720887292415,3.3780487804878048,3.0344647519582244,0.15404699738903394,0.159,642,0.2684085801521944,0.4735202492211838,1.3345569273035007,4.453333333333333,3.146875,0.19375,0.124
2025,Sam Houston,Conference USA,1,689,-0.07926618295017746,0.3686502177068215,1.2356840628868024,2.7884615384615383,2.674074074074074,0.24915824915824916,0.2,788,0.16180942350459335,0.4784263959390863,1.2257477730011601,3.8526315789473684,2.8890274314214466,0.17206982543640897,0.144
2025,San Diego State,Mountain West,1,765,0.08205394132925051,0.41830065359477125,1.1692447536240735,3.513157894736842,3.3361290322580643,0.14193548387096774,0.129,798,-0.09604735811318103,0.3508771929824561,1.1764336806957216,2.423728813559322,3.036745406824147,0.16272965879265092,0.152
2025,San José State,Mountain West,1,765,0.07408878447065599,0.43529411764705883,1.2167219330282406,2.7727272727272725,3.064948453608247,0.1958762886597938,0.155,788,0.16229597913657767,0.4213197969543147,1.27554088690143,4.0375,3.021212121212121,0.13986013986013987,0.121
2025,SMU,ACC,1,831,0.1724533523040958,0.4259927797833935,1.3578774568534857,3.8875,2.9030898876404496,0.19382022471910113,0.168,912,-0.04711714301988027,0.4024122807017544,1.1813529538040064,2.7866666666666666,2.7570332480818416,0.21994884910485935,0.188
2025,South Alabama,Sun Belt,1,845,0.0859892987643551,0.4153846153846154,1.209874762677012,4.013333333333334,3.03,0.1568627450980392,0.13,780,0.19944872129323998,0.43205128205128207,1.2530157025121205,4.352112676056338,3.1456470588235295,0.16941176470588235,0.146
2025,South Carolina,SEC,1,691,0.00965311051833318,0.3719247467438495,1.3231989022992505,2.6129032258064515,2.885207100591716,0.17159763313609466,0.198,757,0.05178740517196343,0.41611624834874505,1.189485987274544,3.1515151515151514,2.697943444730077,0.2185089974293059,0.16
2025,Southern Miss,Sun Belt,1,854,0.12030539719490972,0.39344262295081966,1.3331637550544706,3.5952380952380953,2.956447688564477,0.1897810218978102,0.163,894,0.02944186601141209,0.41498881431767337,1.2149639379384711,3.9367088607594938,2.9884615384615385,0.18376068376068377,0.174
2025,South Florida,American Athletic,1,775,0.2428866499683679,0.4645161290322581,1.3146866634007384,4.453488372093023,3.3291878172588834,0.13705583756345177,0.138,786,0.015728373441021883,0.37786259541984735,1.3007709676178587,3.148148148148148,2.625,0.22606382978723405,0.161
2025,Stanford,ACC,1,708,0.0019512219540925198,0.3629943502824859,1.1964111561782755,3.0166666666666666,2.6349693251533743,0.18404907975460122,0.172,784,0.14665914152605317,0.4247448979591837,1.2908126589203328,3.458823529411765,2.879819277108434,0.1746987951807229,0.146
2025,Syracuse,ACC,1,677,-0.056303852219765166,0.3766617429837518,1.1939632917097658,2.984848484848485,2.6141509433962264,0.18867924528301888,0.188,687,0.21278141348475096,0.45414847161572053,1.3153332303056513,4.148648648648648,2.92375,0.20625,0.134
2025,TCU,Big 12,1,867,0.16767126753689657,0.4429065743944637,1.2800397145867595,4.139240506329114,2.6964285714285716,0.2193877551020408,0.153,848,0.08249165232334955,0.4033018867924528,1.2919280106853974,3.4878048780487805,2.8445255474452553,0.17274939172749393,0.149
2025,Temple,American Athletic,1,608,0.17975314365363043,0.4440789473684211,1.179167903915159,4.583333333333333,2.8016501650165018,0.19801980198019803,0.144,648,0.21634381021718097,0.46296296296296297,1.2227530758262513,4.770491803278689,3.3735694822888282,0.1362397820163488,0.146
2025,Tennessee,SEC,1,847,0.2985200117956826,0.5064935064935064,1.2711460436888744,4.685393258426966,3.1035714285714286,0.1380952380952381,0.124,798,0.10041240050286981,0.4448621553884712,1.159324658716167,4.0875,2.890547263681592,0.20398009950248755,0.184
2025,Texas,SEC,1,793,0.1463589345888544,0.4047919293820933,1.3738390761441917,3.5176470588235293,2.8276881720430107,0.22311827956989247,0.159,824,0.019408698551648847,0.39441747572815533,1.1408849459600503,3.765625,2.6914835164835167,0.21428571428571427,0.179
2025,Texas A&M,SEC,1,844,0.2109504492560067,0.4609004739336493,1.2265401407715109,4.141304347826087,3.1554022988505745,0.15862068965517243,0.111,721,0.068937683827655,0.34119278779472956,1.4402121653162752,3.912280701754386,2.6736526946107784,0.20658682634730538,0.214
2025,Texas State,Sun Belt,1,881,0.2868633523739089,0.46311010215664017,1.3428099465440366,4.423529411764706,3.1346076458752514,0.16297786720321933,0.122,823,0.11934696725752192,0.41190765492102066,1.3218222564343982,3.975609756097561,2.6651972157772623,0.24361948955916474,0.157
2025,Texas Tech,Big 12,1,832,0.1894917186229852,0.42788461538461536,1.3502415405910344,4,2.8691709844559585,0.18134715025906736,0.152,724,-0.2739155010165023,0.3011049723756906,1.0877350033454114,2.4067796610169494,1.9368932038834952,0.2297734627831715,0.233
2025,Toledo,Mid-American,1,714,0.11651151331235458,0.43557422969187676,1.2199380916189884,3.857142857142857,2.906534090909091,0.19602272727272727,0.127,706,-0.13683987098437303,0.3328611898016997,1.1575457576989014,2.45,2.359782608695652,0.21739130434782608,0.202
2025,Troy,Sun Belt,1,918,0.01414930708886809,0.38235294117647056,1.2889208113286803,3.671641791044776,2.824082568807339,0.23394495412844038,0.196,917,0.06104263635935473,0.39912758996728465,1.2659152154886983,3.1744186046511627,3.011491935483871,0.19556451612903225,0.164
2025,Tulane,American Athletic,1,890,0.17499120800711024,0.4550561797752809,1.162801451675513,3.875,3.1767441860465118,0.16913319238900634,0.125,918,0.08094789863046725,0.45098039215686275,1.161168357253745,3.6511627906976742,2.9704057279236276,0.17422434367541767,0.165
2025,Tulsa,American Athletic,1,895,0.020330971566001006,0.4044692737430168,1.2543332505580047,3.3421052631578947,2.8726872246696034,0.23348017621145375,0.17,858,0.09123087847011045,0.4254079254079254,1.192525781863907,3.779220779220779,2.918867924528302,0.18238993710691823,0.127
2025,UAB,American Athletic,1,728,0.06977692383264791,0.42445054945054944,1.3281826745713168,3.6285714285714286,3.1209230769230767,0.17846153846153845,0.153,689,0.2792561922501282,0.48911465892597966,1.2883044490217872,4.708860759493671,3.353791469194313,0.13744075829383887,0.12
2025,UCF,Big 12,1,718,0.06169063859384724,0.39136490250696376,1.3835653798543384,3.492063492063492,2.6098765432098765,0.24382716049382716,0.173,719,0.067577873583004,0.43671766342141866,1.1153804147871922,3.5211267605633805,3.0563636363636366,0.16103896103896104,0.164
2025,UCLA,Big Ten,1,664,0.07504296592937568,0.4186746987951807,1.1658999511873855,2.984126984126984,3.0610223642172523,0.19169329073482427,0.159,694,0.21139208950245164,0.5028818443804035,1.106605446423618,4.605263157894737,3.320954907161804,0.13793103448275862,0.12
2025,UConn,FBS Independents,1,782,0.2961454681767501,0.46035805626598464,1.3398830342590493,4.580246913580247,2.9283667621776504,0.166189111747851,0.119,869,0.15794837447015964,0.4660529344073648,1.1905259127405587,3.8,3.371578947368421,0.12,0.148
2025,UL Monroe,Sun Belt,1,628,0.0059562533115629064,0.3646496815286624,1.4104045539876544,3.1864406779661016,2.7023668639053255,0.2455621301775148,0.205,746,0.14998936755518774,0.40884718498659517,1.360305263749213,4.207792207792208,2.832722513089005,0.17539267015706805,0.144
2025,UNLV,Mountain West,1,871,0.24656582752559777,0.46842709529276694,1.3269509191568467,4.447058823529412,3.1878504672897194,0.18457943925233644,0.16,881,0.14613792387132246,0.4426787741203178,1.3263999041853298,3.781609195402299,3.1522781774580335,0.17026378896882494,0.149
2025,USC,Big Ten,1,798,0.2803950903004574,0.48872180451127817,1.3191525312942292,4.658823529411765,3.16266318537859,0.16449086161879894,0.132,758,0.08386101044319742,0.45382585751978893,1.154102046778977,3.5303030303030303,3.285195530726257,0.17597765363128492,0.159
2025,Utah,Big 12,1,813,0.3148537821391187,0.4907749077490775,1.2566218140070782,5.011494252873563,3.5498896247240617,0.12582781456953643,0.124,700,0.007338724716788246,0.3842857142857143,1.3418610252844592,2.930555555555556,2.8680672268907563,0.20168067226890757,0.169
2025,Utah State,Mountain West,1,801,0.16690628040104316,0.4094881398252185,1.3260635266828298,4.486111111111111,2.868181818181818,0.20053475935828877,0.161,896,0.14879563781423252,0.4341517857142857,1.2495404128535519,3.7682926829268295,3.1834532374100717,0.1630695443645084,0.135
2025,UTEP,Conference USA,1,752,-0.09553349908377085,0.32978723404255317,1.4629552186951051,3.418181818181818,2.136858006042296,0.229607250755287,0.186,852,0.05704437830039546,0.3931924882629108,1.2106554478344127,3.8450704225352115,2.629475982532751,0.22489082969432314,0.157
2025,UTSA,American Athletic,1,743,0.17872203232782857,0.4549125168236878,1.344886724179092,4.226666666666667,2.813489736070381,0.20527859237536658,0.16,680,0.09993886077446937,0.39558823529411763,1.3687330237731556,4.2,2.8566371681415927,0.18289085545722714,0.185
2025,Vanderbilt,SEC,1,738,0.40011552356485025,0.518970189701897,1.3892859893757783,5,3.3663768115942028,0.1565217391304348,0.129,725,0.16776001889734063,0.416551724137931,1.2947745025967194,3.9014084507042255,2.658125,0.215625,0.171
2025,Virginia,ACC,1,966,0.14630069074708485,0.4161490683229814,1.2907683804193648,3.5625,3.0373695198329855,0.16075156576200417,0.135,792,0.010120416256387238,0.37373737373737376,1.1906720780623694,3.014705882352941,2.749625935162095,0.18952618453865336,0.181
2025,Virginia Tech,ACC,1,712,0.10686128833159486,0.4157303370786517,1.2480148088321785,3.6779661016949152,3.3331645569620254,0.1468354430379747,0.167,733,0.24273261653121464,0.45566166439290584,1.2476331355965131,4.342465753424658,3.008421052631579,0.1631578947368421,0.132
2025,Wake Forest,ACC,1,796,0.07817644371466848,0.3844221105527638,1.4253363740759437,3.2325581395348837,2.7895,0.1825,0.155,821,-0.04906784045732984,0.3507917174177832,1.193576240240288,3.238095238095238,2.4875,0.265625,0.182
2025,Washington,Big Ten,1,720,0.23116887356610774,0.49444444444444446,1.2329525076768448,4.578313253012048,3.1646575342465755,0.1780821917808219,0.135,732,0.002912089326709634,0.39207650273224043,1.1826146819000152,2.9295774647887325,2.87969696969697,0.1606060606060606,0.146
2025,Washington State,Pac-12,1,806,0.04275898227495237,0.41935483870967744,1.11529144500932,3.9295774647887325,2.8186700767263426,0.2020460358056266,0.157,731,0.004631041321355909,0.4049247606019152,1.0645185390395888,3.138888888888889,2.965159574468085,0.18085106382978725,0.145
2025,Western Kentucky,Conference USA,1,844,0.09946968938812928,0.4312796208530806,1.225116305497778,4.209876543209877,2.986039886039886,0.2022792022792023,0.151,881,0.04230258142503392,0.3711691259931896,1.3320813982555009,2.7195121951219514,2.792156862745098,0.21568627450980393,0.161
2025,Western Michigan,Mid-American,1,852,0.07515512280110684,0.43427230046948356,1.029781499377213,3.3522727272727275,3.175,0.16007194244604317,0.124,794,-0.028034473838567428,0.3690176322418136,1.2525564842785553,2.8333333333333335,2.772422680412371,0.17268041237113402,0.173
2025,West Virginia,Big 12,1,739,-0.009830288478168782,0.3680649526387009,1.2293660090558634,3.53125,2.6618138424821,0.2052505966587112,0.16,771,0.09783099429929797,0.4046692607003891,1.3689257937401036,3.902439024390244,2.415748031496063,0.22572178477690288,0.177
2025,Wisconsin,Big Ten,1,611,-0.09092105918125942,0.353518821603928,1.2337986168309492,2.282608695652174,2.8193548387096774,0.1906158357771261,0.183,683,0.13483484379229843,0.4480234260614934,1.1690739447297294,3.1343283582089554,2.75141065830721,0.219435736677116,0.129
2025,Wyoming,Mountain West,1,783,-0.01269212758802,0.38058748403575987,1.170850072894081,2.9019607843137254,2.739071038251366,0.22131147540983606,0.187,792,0.034438982501840465,0.380050505050505,1.2118356003463246,2.769230769230769,3.0037037037037035,0.16666666666666666,0.13
