game_id,season_year,week,date,season_type,home_team,away_team,home_conference,away_conference,home_score,away_score,went_ot,game_type,game_phase,neutral_site,notes
252440154,2005,1,2005-09-01,regular,Wake Forest,Vanderbilt,ACC,SEC,20,24,0,regular,regular,0,
252440248,2005,1,2005-09-01,regular,Houston,Oregon,Conference USA,Pac-10,24,38,0,regular,regular,0,AT RELIANT STADIUM
252442132,2005,1,2005-09-01,regular,Cincinnati,Eastern Michigan,Big East,Mid-American,28,26,0,regular,regular,0,
252440041,2005,1,2005-09-01,regular,UConn,Buffalo,Big East,Mid-American,38,0,0,regular,regular,0,
252442579,2005,1,2005-09-01,regular,South Carolina,UCF,SEC,Conference USA,24,15,0,regular,regular,0,
252440009,2005,1,2005-09-02,regular,Arizona State,Temple,Pac-10,FBS Independents,63,16,0,regular,regular,0,
252440265,2005,1,2005-09-02,regular,Washington State,Idaho,Pac-10,Western Athletic,38,26,0,regular,regular,0,
252440202,2005,1,2005-09-02,regular,Tulsa,Minnesota,Conference USA,Big Ten,10,41,0,regular,regular,0,
252452117,2005,1,2005-09-02,regular,Central Michigan,Indiana,Mid-American,Big Ten,13,20,0,regular,regular,0,
252450254,2005,1,2005-09-03,regular,Utah,Arizona,Mountain West,Pac-10,27,24,0,regular,regular,0,
252460127,2005,1,2005-09-03,regular,Michigan State,Kent State,Big Ten,Mid-American,49,14,0,regular,regular,0,
252460356,2005,1,2005-09-03,regular,Illinois,Rutgers,Big Ten,Big East,33,30,1,regular,regular,0,
252460194,2005,1,2005-09-03,regular,Ohio State,Miami (OH),Big Ten,Mid-American,34,14,0,regular,regular,0,
252462032,2005,1,2005-09-03,regular,Arkansas State,Missouri,Sun Belt,Big 12,17,44,0,regular,regular,0,
252460201,2005,1,2005-09-03,regular,Oklahoma,TCU,Big 12,Mountain West,10,17,0,regular,regular,0,
252460275,2005,1,2005-09-03,regular,Wisconsin,Bowling Green,Big Ten,Mid-American,56,42,0,regular,regular,0,
252462294,2005,1,2005-09-03,regular,Iowa,Ball State,Big Ten,Mid-American,56,0,0,regular,regular,0,
252460077,2005,1,2005-09-03,regular,Northwestern,Ohio,Big Ten,Mid-American,38,14,0,regular,regular,0,
252462633,2005,1,2005-09-03,regular,Tennessee,UAB,SEC,Conference USA,17,10,0,regular,regular,0,
252460151,2005,1,2005-09-03,regular,East Carolina,Duke,Conference USA,ACC,24,21,0,regular,regular,0,
252462306,2005,1,2005-09-03,regular,Kansas State,Florida International,Big 12,Sun Belt,35,21,0,regular,regular,0,
252460130,2005,1,2005-09-03,regular,Michigan,Northern Illinois,Big Ten,Mid-American,33,17,0,regular,regular,0,
252460213,2005,1,2005-09-03,regular,Penn State,South Florida,Big Ten,Big East,23,13,0,regular,regular,0,
252460252,2005,1,2005-09-03,regular,BYU,Boston College,Mountain West,ACC,3,20,0,regular,regular,0,
252460038,2005,1,2005-09-03,regular,Colorado,Colorado State,Big 12,Mountain West,31,28,0,regular,regular,0,
252462005,2005,1,2005-09-03,regular,Air Force,Washington,Mountain West,Pac-10,20,17,0,regular,regular,0,
252460061,2005,1,2005-09-03,regular,Georgia,Boise State,SEC,Western Athletic,48,13,0,regular,regular,0,
252460057,2005,1,2005-09-03,regular,Florida,Wyoming,SEC,Mountain West,32,14,0,regular,regular,0,
252462426,2005,1,2005-09-03,regular,Navy,Maryland,FBS Independents,ACC,20,23,0,regular,regular,0,
252460258,2005,1,2005-09-03,regular,Virginia,Western Michigan,ACC,Mid-American,31,19,0,regular,regular,0,
252460062,2005,1,2005-09-03,regular,Hawai'i,USC,Western Athletic,Pac-10,17,63,0,regular,regular,0,
252462305,2005,1,2005-09-03,regular,Kansas,Florida Atlantic,Big 12,Sun Belt,30,19,0,regular,regular,0,
252460251,2005,1,2005-09-03,regular,Texas,Louisiana,Big 12,Sun Belt,60,3,0,regular,regular,0,
252460333,2005,1,2005-09-03,regular,Alabama,Middle Tennessee,SEC,Sun Belt,26,7,0,regular,regular,0,
252462567,2005,1,2005-09-04,regular,SMU,Baylor,Conference USA,Big 12,23,28,0,regular,regular,0,
252460228,2005,1,2005-09-04,regular,Clemson,Texas A&M,ACC,Big 12,25,24,0,regular,regular,0,
252460221,2005,1,2005-09-04,regular,Pittsburgh,Notre Dame,Big East,FBS Independents,21,42,0,regular,regular,0,
252460002,2005,1,2005-09-04,regular,Auburn,Georgia Tech,SEC,ACC,14,23,0,regular,regular,0,
252460021,2005,1,2005-09-04,regular,San Diego State,UCLA,Mountain West,Pac-10,21,44,0,regular,regular,0,
252460166,2005,1,2005-09-04,regular,New Mexico State,UTEP,Western Athletic,Conference USA,17,34,0,regular,regular,0,
252470183,2005,1,2005-09-04,regular,Syracuse,West Virginia,Big East,Big East,7,15,0,regular,regular,0,
252470096,2005,1,2005-09-04,regular,Kentucky,Louisville,SEC,Big East,24,31,0,regular,regular,0,
252470152,2005,1,2005-09-04,regular,NC State,Virginia Tech,ACC,ACC,16,20,0,regular,regular,0,
252480167,2005,1,2005-09-05,regular,New Mexico,UNLV,Mountain West,Mountain West,24,22,0,regular,regular,0,
252480235,2005,1,2005-09-05,regular,Memphis,Ole Miss,Conference USA,SEC,6,10,0,regular,regular,0,
252480052,2005,1,2005-09-06,regular,Florida State,Miami,ACC,ACC,10,7,0,regular,regular,0,
252512226,2005,2,2005-09-08,regular,Florida Atlantic,Oklahoma State,Sun Belt,Big 12,3,23,0,regular,regular,0,
252520195,2005,2,2005-09-10,regular,Ohio,Pittsburgh,Mid-American,Big East,16,10,1,regular,regular,0,
252522440,2005,2,2005-09-10,regular,Nevada,Washington State,Western Athletic,Pac-10,21,55,0,regular,regular,0,
252530276,2005,2,2005-09-10,regular,Marshall,Kansas State,Conference USA,Big 12,19,21,0,regular,regular,0,
252530275,2005,2,2005-09-10,regular,Wisconsin,Temple,Big Ten,FBS Independents,65,0,0,regular,regular,0,
252530150,2005,2,2005-09-10,regular,Duke,Virginia Tech,ACC,ACC,0,45,0,regular,regular,0,
252530120,2005,2,2005-09-10,regular,Maryland,Clemson,ACC,ACC,24,28,0,regular,regular,0,
252530130,2005,2,2005-09-10,regular,Michigan,Notre Dame,Big Ten,FBS Independents,10,17,0,regular,regular,0,
252530213,2005,2,2005-09-10,regular,Penn State,Cincinnati,Big Ten,Big East,42,24,0,regular,regular,0,
252530103,2005,2,2005-09-10,regular,Boston College,Army,ACC,FBS Independents,44,7,0,regular,regular,0,
252530002,2005,2,2005-09-10,regular,Auburn,Mississippi State,SEC,SEC,28,0,0,regular,regular,0,
252530201,2005,2,2005-09-10,regular,Oklahoma,Tulsa,Big 12,Conference USA,31,15,0,regular,regular,0,
252532509,2005,2,2005-09-10,regular,Purdue,Akron,Big Ten,Mid-American,49,24,0,regular,regular,0,
252530356,2005,2,2005-09-10,regular,Illinois,San José State,Big Ten,Western Athletic,40,19,0,regular,regular,0,
252530135,2005,2,2005-09-10,regular,Minnesota,Colorado State,Big Ten,Mountain West,56,24,0,regular,regular,0,
252532005,2005,2,2005-09-10,regular,Air Force,San Diego State,Mountain West,Mountain West,41,29,0,regular,regular,0,
252530193,2005,2,2005-09-10,regular,Miami (OH),Central Michigan,Mid-American,Mid-American,37,38,0,regular,regular,0,
252532751,2005,2,2005-09-10,regular,Wyoming,UL Monroe,Mountain West,Sun Belt,38,0,0,regular,regular,0,
252530066,2005,2,2005-09-10,regular,Iowa State,Iowa,Big 12,Big Ten,23,3,0,regular,regular,0,
252530264,2005,2,2005-09-10,regular,Washington,California,Pac-10,Pac-10,17,56,0,regular,regular,0,
252530183,2005,2,2005-09-10,regular,Syracuse,Buffalo,Big East,Mid-American,31,0,0,regular,regular,0,
252530059,2005,2,2005-09-10,regular,Georgia Tech,North Carolina,ACC,ACC,27,21,0,regular,regular,0,
252530127,2005,2,2005-09-10,regular,Michigan State,Hawai'i,Big Ten,Western Athletic,42,14,0,regular,regular,0,
252530077,2005,2,2005-09-10,regular,Northwestern,Northern Illinois,Big Ten,Mid-American,38,37,0,regular,regular,0,
252530061,2005,2,2005-09-10,regular,Georgia,South Carolina,SEC,SEC,17,15,0,regular,regular,0,
252530057,2005,2,2005-09-10,regular,Florida,Louisiana Tech,SEC,Western Athletic,41,3,0,regular,regular,0,
252532199,2005,2,2005-09-10,regular,Eastern Michigan,Louisiana,Mid-American,Sun Belt,31,10,0,regular,regular,0,
252532426,2005,2,2005-09-10,regular,Navy,Stanford,FBS Independents,Pac-10,38,41,0,regular,regular,0,
252530204,2005,2,2005-09-10,regular,Oregon State,Boise State,Pac-10,Western Athletic,30,27,0,regular,regular,0,
252530008,2005,2,2005-09-10,regular,Arkansas,Vanderbilt,SEC,SEC,24,28,0,regular,regular,0,
252532649,2005,2,2005-09-10,regular,Toledo,Western Michigan,Mid-American,Mid-American,56,23,0,regular,regular,0,
252532393,2005,2,2005-09-10,regular,Middle Tennessee,North Texas,Sun Belt,Sun Belt,7,14,0,regular,regular,0,
252532641,2005,2,2005-09-10,regular,Texas Tech,Florida International,Big 12,Sun Belt,56,3,0,regular,regular,0,
252530158,2005,2,2005-09-10,regular,Nebraska,Wake Forest,Big 12,ACC,31,3,0,regular,regular,0,
252530142,2005,2,2005-09-10,regular,Missouri,New Mexico,Big 12,Mountain West,35,45,0,regular,regular,0,
252530333,2005,2,2005-09-10,regular,Alabama,Southern Miss,SEC,Conference USA,30,21,0,regular,regular,0,
252532653,2005,2,2005-09-11,regular,Troy,UAB,Sun Belt,Conference USA,7,27,0,regular,regular,0,
252530254,2005,2,2005-09-11,regular,Utah,Utah State,Mountain West,Western Athletic,31,7,0,regular,regular,0,
252532050,2005,2,2005-09-11,regular,Ball State,Bowling Green,Mid-American,Mid-American,31,40,0,regular,regular,0,
252530194,2005,2,2005-09-11,regular,Ohio State,Texas,Big Ten,Big 12,22,25,0,regular,regular,0,
252530099,2005,2,2005-09-11,regular,Arizona State,LSU,Pac-10,SEC,31,35,0,regular,regular,0,
252532567,2005,2,2005-09-11,regular,SMU,TCU,Conference USA,Mountain West,21,10,0,regular,regular,0,
252530026,2005,2,2005-09-11,regular,UCLA,Rice,Pac-10,Conference USA,63,21,0,regular,regular,0,
252530038,2005,2,2005-09-11,regular,Colorado,New Mexico State,Big 12,Western Athletic,39,0,0,regular,regular,0,
252532439,2005,2,2005-09-11,regular,UNLV,Idaho,Mountain West,Western Athletic,34,31,0,regular,regular,0,
252582628,2005,3,2005-09-15,regular,TCU,Utah,Mountain West,Mountain West,23,20,1,regular,regular,0,
252592638,2005,3,2005-09-17,regular,UTEP,Houston,Conference USA,Conference USA,44,41,1,regular,regular,0,
252600097,2005,3,2005-09-17,regular,Louisville,Oregon State,Big East,Pac-10,63,27,0,regular,regular,0,
252600183,2005,3,2005-09-17,regular,Syracuse,Virginia,Big East,ACC,24,27,0,regular,regular,0,
252600120,2005,3,2005-09-17,regular,Maryland,West Virginia,ACC,Big East,19,31,0,regular,regular,0,
252600130,2005,3,2005-09-17,regular,Michigan,Eastern Michigan,Big Ten,Mid-American,55,0,0,regular,regular,0,
252600245,2005,3,2005-09-17,regular,Texas A&M,SMU,Big 12,Conference USA,66,8,0,regular,regular,0,
252600238,2005,3,2005-09-17,regular,Vanderbilt,Ole Miss,SEC,SEC,31,23,0,regular,regular,0,
252600061,2005,3,2005-09-17,regular,Georgia,UL Monroe,SEC,Sun Belt,44,7,0,regular,regular,0,
252600218,2005,3,2005-09-17,regular,Temple,Toledo,FBS Independents,Mid-American,17,42,0,regular,regular,0,
252600142,2005,3,2005-09-17,regular,Missouri,Troy,Big 12,Sun Belt,52,21,0,regular,regular,0,
252602005,2005,3,2005-09-17,regular,Air Force,Wyoming,Mountain West,Mountain West,28,29,0,regular,regular,0,
252600002,2005,3,2005-09-17,regular,Auburn,Ball State,SEC,Mid-American,63,3,0,regular,regular,0,
252600349,2005,3,2005-09-17,regular,Army,Baylor,FBS Independents,Big 12,10,20,0,regular,regular,0,
252600259,2005,3,2005-09-17,regular,Virginia Tech,Ohio,ACC,Mid-American,45,0,0,regular,regular,0,
252600228,2005,3,2005-09-17,regular,Clemson,Miami,ACC,ACC,30,36,1,regular,regular,0,
252600158,2005,3,2005-09-17,regular,Nebraska,Pittsburgh,Big 12,Big East,7,6,0,regular,regular,0,
252600087,2005,3,2005-09-17,regular,Notre Dame,Michigan State,FBS Independents,Big Ten,41,44,1,regular,regular,0,
252600026,2005,3,2005-09-17,regular,UCLA,Oklahoma,Pac-10,Big 12,41,24,0,regular,regular,0,
252600264,2005,3,2005-09-17,regular,Washington,Idaho,Pac-10,Western Athletic,34,6,0,regular,regular,0,
252602579,2005,3,2005-09-17,regular,South Carolina,Alabama,SEC,SEC,14,37,0,regular,regular,0,
252600194,2005,3,2005-09-17,regular,Ohio State,San Diego State,Big Ten,Mountain West,27,6,0,regular,regular,0,
252600213,2005,3,2005-09-17,regular,Penn State,Central Michigan,Big Ten,Mid-American,40,3,0,regular,regular,0,
252602309,2005,3,2005-09-17,regular,Kent State,Miami (OH),Mid-American,Mid-American,10,27,0,regular,regular,0,
252600025,2005,3,2005-09-17,regular,California,Illinois,Pac-10,Big Ten,35,20,0,regular,regular,0,
252602393,2005,3,2005-09-17,regular,Middle Tennessee,Akron,Sun Belt,Mid-American,7,17,0,regular,regular,0,
252600154,2005,3,2005-09-17,regular,Wake Forest,East Carolina,ACC,Conference USA,44,34,0,regular,regular,0,
252600084,2005,3,2005-09-17,regular,Indiana,Kentucky,Big Ten,SEC,38,14,0,regular,regular,0,
252600059,2005,3,2005-09-17,regular,Georgia Tech,UConn,ACC,Big East,28,13,0,regular,regular,0,
252600153,2005,3,2005-09-17,regular,North Carolina,Wisconsin,ACC,Big Ten,5,14,0,regular,regular,0,
252602483,2005,3,2005-09-17,regular,Oregon,Fresno State,Pac-10,Western Athletic,37,34,0,regular,regular,0,
252602305,2005,3,2005-09-17,regular,Kansas,Louisiana Tech,Big 12,Western Athletic,34,14,0,regular,regular,0,
252600249,2005,3,2005-09-17,regular,North Texas,Tulsa,Sun Belt,Conference USA,2,54,0,regular,regular,0,
252600251,2005,3,2005-09-17,regular,Texas,Rice,Big 12,Conference USA,51,10,0,regular,regular,0,
252600058,2005,3,2005-09-17,regular,South Florida,UCF,Big East,Conference USA,31,14,0,regular,regular,0,
252600197,2005,3,2005-09-17,regular,Oklahoma State,Arkansas State,Big 12,Sun Belt,20,10,0,regular,regular,0,
252600103,2005,3,2005-09-17,regular,Boston College,Florida State,ACC,ACC,17,28,0,regular,regular,0,
252600057,2005,3,2005-09-18,regular,Florida,Tennessee,SEC,SEC,16,7,0,regular,regular,0,
252602084,2005,3,2005-09-18,regular,Buffalo,Rutgers,Mid-American,Big East,3,17,0,regular,regular,0,
252600167,2005,3,2005-09-18,regular,New Mexico,New Mexico State,Mountain West,Western Athletic,38,21,0,regular,regular,0,
252602655,2005,3,2005-09-18,regular,Tulane,Mississippi State,Conference USA,SEC,14,21,0,regular,regular,0,
252600135,2005,3,2005-09-18,regular,Minnesota,Florida Atlantic,Big Ten,Sun Belt,46,7,0,regular,regular,0,
252602440,2005,3,2005-09-18,regular,Nevada,UNLV,Western Athletic,Mountain West,22,14,0,regular,regular,0,
252600012,2005,3,2005-09-18,regular,Arizona,Purdue,Pac-10,Big Ten,24,31,0,regular,regular,0,
252600009,2005,3,2005-09-18,regular,Arizona State,Northwestern,Pac-10,Big Ten,52,21,0,regular,regular,0,
252600030,2005,3,2005-09-18,regular,USC,Arkansas,Pac-10,SEC,70,17,0,regular,regular,0,
252640068,2005,4,2005-09-22,regular,Boise State,Bowling Green,Western Athletic,Mid-American,48,20,0,regular,regular,0,
252652226,2005,4,2005-09-22,regular,Florida Atlantic,UL Monroe,Sun Belt,Sun Belt,21,28,0,regular,regular,0,
252650254,2005,4,2005-09-22,regular,Utah,Air Force,Mountain West,Mountain West,38,35,0,regular,regular,0,
252670349,2005,4,2005-09-24,regular,Army,Iowa State,FBS Independents,Big 12,21,28,0,regular,regular,0,
252660166,2005,4,2005-09-24,regular,New Mexico State,California,Western Athletic,Pac-10,13,41,0,regular,regular,0,
252670135,2005,4,2005-09-24,regular,Minnesota,Purdue,Big Ten,Big Ten,42,35,1,regular,regular,0,
252670077,2005,4,2005-09-24,regular,Northwestern,Penn State,Big Ten,Big Ten,29,34,0,regular,regular,0,
252670194,2005,4,2005-09-24,regular,Ohio State,Iowa,Big Ten,Big Ten,31,6,0,regular,regular,0,
252670356,2005,4,2005-09-24,regular,Illinois,Michigan State,Big Ten,Big Ten,14,61,0,regular,regular,0,
252672390,2005,4,2005-09-24,regular,Miami,Colorado,ACC,Big 12,23,3,0,regular,regular,0,
252670228,2005,4,2005-09-24,regular,Clemson,Boston College,ACC,ACC,13,16,1,regular,regular,0,
252670152,2005,4,2005-09-24,regular,NC State,North Carolina,ACC,ACC,24,31,0,regular,regular,0,
252670277,2005,4,2005-09-24,regular,West Virginia,East Carolina,Big East,Conference USA,20,15,0,regular,regular,0,
252670333,2005,4,2005-09-24,regular,Alabama,Arkansas,SEC,SEC,24,13,0,regular,regular,0,
252672117,2005,4,2005-09-24,regular,Central Michigan,Eastern Michigan,Mid-American,Mid-American,20,23,1,regular,regular,0,
252670218,2005,4,2005-09-24,regular,Temple,Western Michigan,FBS Independents,Mid-American,16,19,0,regular,regular,0,
252672567,2005,4,2005-09-24,regular,SMU,Tulane,Conference USA,Conference USA,10,31,0,regular,regular,0,
252670195,2005,4,2005-09-24,regular,Ohio,Kent State,Mid-American,Mid-American,35,32,0,regular,regular,0,
252672306,2005,4,2005-09-24,regular,Kansas State,North Texas,Big 12,Sun Belt,54,7,0,regular,regular,0,
252670252,2005,4,2005-09-24,regular,BYU,TCU,Mountain West,Mountain West,50,51,1,regular,regular,0,
252672032,2005,4,2005-09-24,regular,Arkansas State,Florida International,Sun Belt,Sun Belt,66,24,0,regular,regular,0,
252670096,2005,4,2005-09-24,regular,Kentucky,Florida,SEC,SEC,28,49,0,regular,regular,0,
252670258,2005,4,2005-09-24,regular,Virginia,Duke,ACC,ACC,38,7,0,regular,regular,0,
252670264,2005,4,2005-09-24,regular,Washington,Notre Dame,Pac-10,FBS Independents,17,36,0,regular,regular,0,
252670154,2005,4,2005-09-24,regular,Wake Forest,Maryland,ACC,ACC,12,22,0,regular,regular,0,
252670259,2005,4,2005-09-24,regular,Virginia Tech,Georgia Tech,ACC,ACC,51,7,0,regular,regular,0,
252670036,2005,4,2005-09-24,regular,Colorado State,Nevada,Mountain West,Western Athletic,42,21,0,regular,regular,0,
252672116,2005,4,2005-09-24,regular,UCF,Marshall,Conference USA,Conference USA,23,13,0,regular,regular,0,
252670275,2005,4,2005-09-24,regular,Wisconsin,Michigan,Big Ten,Big Ten,23,20,0,regular,regular,0,
252672006,2005,4,2005-09-24,regular,Akron,Northern Illinois,Mid-American,Mid-American,48,42,1,regular,regular,0,
252670058,2005,4,2005-09-24,regular,South Florida,Louisville,Big East,Big East,45,14,0,regular,regular,0,
252670202,2005,4,2005-09-24,regular,Tulsa,Memphis,Conference USA,Conference USA,37,31,1,regular,regular,0,
252662579,2005,4,2005-09-24,regular,South Carolina,Troy,SEC,Sun Belt,45,20,0,regular,regular,0,
252672483,2005,4,2005-09-24,regular,Oregon,USC,Pac-10,Pac-10,13,45,0,regular,regular,0,
252670145,2005,4,2005-09-24,regular,Ole Miss,Wyoming,SEC,Mountain West,14,24,0,regular,regular,0,
252670344,2005,4,2005-09-24,regular,Mississippi State,Georgia,SEC,SEC,10,23,0,regular,regular,0,
252670021,2005,4,2005-09-25,regular,San Diego State,San José State,Mountain West,Western Athletic,52,21,0,regular,regular,0,
252670328,2005,4,2005-09-25,regular,Utah State,UNLV,Western Athletic,Mountain West,31,24,0,regular,regular,0,
252672638,2005,4,2005-09-25,regular,UTEP,New Mexico,Conference USA,Mountain West,21,13,0,regular,regular,0,
252670070,2005,4,2005-09-25,regular,Idaho,Hawai'i,Western Athletic,Western Athletic,0,24,0,regular,regular,0,
252670204,2005,4,2005-09-25,regular,Oregon State,Arizona State,Pac-10,Pac-10,24,42,0,regular,regular,0,
252690099,2005,4,2005-09-26,regular,LSU,Tennessee,SEC,SEC,27,30,1,regular,regular,0,
252700278,2005,5,2005-09-28,regular,Fresno State,Toledo,Western Athletic,Mid-American,44,14,0,regular,regular,0,
252710193,2005,5,2005-09-28,regular,Miami (OH),Cincinnati,Mid-American,Big East,44,16,0,regular,regular,0,
252720036,2005,5,2005-09-29,regular,Colorado State,Air Force,Mountain West,Mountain West,41,23,0,regular,regular,0,
252730164,2005,5,2005-10-01,regular,Rutgers,Pittsburgh,Big East,Big East,37,29,0,regular,regular,0,
252740120,2005,5,2005-10-01,regular,Maryland,Virginia,ACC,ACC,45,33,0,regular,regular,0,
252740349,2005,5,2005-10-01,regular,Army,UConn,FBS Independents,Big East,13,47,0,regular,regular,0,
252740127,2005,5,2005-10-01,regular,Michigan State,Michigan,Big Ten,Big Ten,31,34,1,regular,regular,0,
252740277,2005,5,2005-10-01,regular,West Virginia,Virginia Tech,Big East,ACC,17,34,0,regular,regular,0,
252740142,2005,5,2005-10-01,regular,Missouri,Texas,Big 12,Big 12,20,51,0,regular,regular,0,
252740097,2005,5,2005-10-01,regular,Louisville,Florida Atlantic,Big East,Sun Belt,61,10,0,regular,regular,0,
252740275,2005,5,2005-10-01,regular,Wisconsin,Indiana,Big Ten,Big Ten,41,24,0,regular,regular,0,
252742294,2005,5,2005-10-01,regular,Iowa,Illinois,Big Ten,Big Ten,35,7,0,regular,regular,0,
252742633,2005,5,2005-10-01,regular,Tennessee,Ole Miss,SEC,SEC,27,10,0,regular,regular,0,
252740245,2005,5,2005-10-01,regular,Texas A&M,Baylor,Big 12,Big 12,16,13,1,regular,regular,0,
252740103,2005,5,2005-10-01,regular,Boston College,Ball State,ACC,Mid-American,38,0,0,regular,regular,0,
252740150,2005,5,2005-10-01,regular,Duke,Navy,ACC,FBS Independents,21,28,0,regular,regular,0,
252740153,2005,5,2005-10-01,regular,North Carolina,Utah,ACC,Mountain West,31,17,0,regular,regular,0,
252742199,2005,5,2005-10-01,regular,Eastern Michigan,Kent State,Mid-American,Mid-American,27,20,0,regular,regular,0,
252740197,2005,5,2005-10-01,regular,Oklahoma State,Colorado,Big 12,Big 12,0,34,0,regular,regular,0,
252740344,2005,5,2005-10-01,regular,Mississippi State,LSU,SEC,SEC,7,37,0,regular,regular,0,
252742751,2005,5,2005-10-01,regular,Wyoming,UNLV,Mountain West,Mountain West,42,17,0,regular,regular,0,
252740052,2005,5,2005-10-01,regular,Florida State,Syracuse,ACC,Big East,38,14,0,regular,regular,0,
252740158,2005,5,2005-10-01,regular,Nebraska,Iowa State,Big 12,Big 12,27,20,1,regular,regular,0,
252740009,2005,5,2005-10-01,regular,Arizona State,USC,Pac-10,Pac-10,28,38,0,regular,regular,0,
252730213,2005,5,2005-10-01,regular,Penn State,Minnesota,Big Ten,Big Ten,44,14,0,regular,regular,0,
252740333,2005,5,2005-10-01,regular,Alabama,Florida,SEC,SEC,31,3,0,regular,regular,0,
252740154,2005,5,2005-10-01,regular,Wake Forest,Clemson,ACC,ACC,31,27,0,regular,regular,0,
252740189,2005,5,2005-10-01,regular,Bowling Green,Temple,Mid-American,FBS Independents,69,7,0,regular,regular,0,
252740276,2005,5,2005-10-01,regular,Marshall,SMU,Conference USA,Conference USA,16,13,1,regular,regular,0,
252740204,2005,5,2005-10-01,regular,Oregon State,Washington State,Pac-10,Pac-10,44,33,0,regular,regular,0,
252740024,2005,5,2005-10-01,regular,Stanford,Oregon,Pac-10,Pac-10,20,44,0,regular,regular,0,
252740070,2005,5,2005-10-01,regular,Idaho,Utah State,Western Athletic,Western Athletic,27,13,0,regular,regular,0,
252740151,2005,5,2005-10-01,regular,East Carolina,Southern Miss,Conference USA,Conference USA,7,33,0,regular,regular,0,
252742006,2005,5,2005-10-01,regular,Akron,Central Michigan,Mid-American,Mid-American,17,31,0,regular,regular,0,
252740025,2005,5,2005-10-01,regular,California,Arizona,Pac-10,Pac-10,28,0,0,regular,regular,0,
252742433,2005,5,2005-10-01,regular,UL Monroe,Arkansas State,Sun Belt,Sun Belt,31,27,0,regular,regular,0,
252742628,2005,5,2005-10-01,regular,TCU,New Mexico,Mountain West,Mountain West,49,28,0,regular,regular,0,
252740238,2005,5,2005-10-01,regular,Vanderbilt,Middle Tennessee,SEC,Sun Belt,15,17,0,regular,regular,0,
252740023,2005,5,2005-10-01,regular,San José State,Nevada,Western Athletic,Western Athletic,23,30,0,regular,regular,0,
252740201,2005,5,2005-10-01,regular,Oklahoma,Kansas State,Big 12,Big 12,43,21,0,regular,regular,0,
252740005,2005,5,2005-10-01,regular,UAB,Rice,Conference USA,Conference USA,45,26,0,regular,regular,0,
252740202,2005,5,2005-10-01,regular,Tulsa,Houston,Conference USA,Conference USA,23,30,0,regular,regular,0,
252742348,2005,5,2005-10-01,regular,Louisiana Tech,New Mexico State,Western Athletic,Western Athletic,34,14,0,regular,regular,0,
252740002,2005,5,2005-10-01,regular,Auburn,South Carolina,SEC,SEC,48,7,0,regular,regular,0,
252742711,2005,5,2005-10-01,regular,Western Michigan,Buffalo,Mid-American,Mid-American,31,21,0,regular,regular,0,
252742641,2005,5,2005-10-01,regular,Texas Tech,Kansas,Big 12,Big 12,30,17,0,regular,regular,0,
252742509,2005,5,2005-10-01,regular,Purdue,Notre Dame,Big Ten,FBS Independents,28,49,0,regular,regular,0,
252740235,2005,5,2005-10-02,regular,Memphis,UTEP,Conference USA,Conference USA,27,20,0,regular,regular,0,
252740309,2005,5,2005-10-02,regular,Louisiana,UCF,Sun Belt,Conference USA,21,24,0,regular,regular,0,
252742390,2005,5,2005-10-02,regular,Miami,South Florida,ACC,Big East,27,7,0,regular,regular,0,
252740021,2005,5,2005-10-02,regular,San Diego State,BYU,Mountain West,Mountain West,31,10,0,regular,regular,0,
252740026,2005,5,2005-10-02,regular,UCLA,Washington,Pac-10,Pac-10,21,17,0,regular,regular,0,
252740062,2005,5,2005-10-02,regular,Hawai'i,Boise State,Western Athletic,Western Athletic,41,44,0,regular,regular,0,
252770249,2005,6,2005-10-04,regular,North Texas,Troy,Sun Belt,Sun Belt,10,13,0,regular,regular,0,
252782459,2005,6,2005-10-05,regular,Northern Illinois,Miami (OH),Mid-American,Mid-American,38,27,0,regular,regular,0,
252790059,2005,6,2005-10-06,regular,Georgia Tech,NC State,ACC,ACC,14,17,0,regular,regular,0,
252790309,2005,6,2005-10-07,regular,Louisiana,Florida Atlantic,Sun Belt,Sun Belt,10,28,0,regular,regular,0,
252800041,2005,6,2005-10-08,regular,UConn,Syracuse,Big East,Big East,26,7,0,regular,regular,0,
252810052,2005,6,2005-10-08,regular,Florida State,Wake Forest,ACC,ACC,41,24,0,regular,regular,0,
252812306,2005,6,2005-10-08,regular,Kansas State,Kansas,Big 12,Big 12,12,3,0,regular,regular,0,
252810084,2005,6,2005-10-08,regular,Indiana,Illinois,Big Ten,Big Ten,36,13,0,regular,regular,0,
252810164,2005,6,2005-10-08,regular,Rutgers,West Virginia,Big East,Big East,14,27,0,regular,regular,0,
252810077,2005,6,2005-10-08,regular,Northwestern,Wisconsin,Big Ten,Big Ten,51,48,0,regular,regular,0,
252810259,2005,6,2005-10-08,regular,Virginia Tech,Marshall,ACC,Conference USA,41,14,0,regular,regular,0,
252810057,2005,6,2005-10-08,regular,Florida,Mississippi State,SEC,SEC,35,9,0,regular,regular,0,
252810251,2005,6,2005-10-08,regular,Texas,Oklahoma,Big 12,Big 12,45,12,0,regular,regular,0,
252810218,2005,6,2005-10-08,regular,Temple,Maryland,FBS Independents,ACC,7,38,0,regular,regular,0,
252812579,2005,6,2005-10-08,regular,South Carolina,Kentucky,SEC,SEC,44,16,0,regular,regular,0,
252810130,2005,6,2005-10-08,regular,Michigan,Minnesota,Big Ten,Big Ten,20,23,0,regular,regular,0,
252810103,2005,6,2005-10-08,regular,Boston College,Virginia,ACC,ACC,28,17,0,regular,regular,0,
252810349,2005,6,2005-10-08,regular,Army,Central Michigan,FBS Independents,Mid-American,10,14,0,regular,regular,0,
252812084,2005,6,2005-10-08,regular,Buffalo,Akron,Mid-American,Mid-American,7,13,0,regular,regular,0,
252812426,2005,6,2005-10-08,regular,Navy,Air Force,FBS Independents,Mountain West,27,24,0,regular,regular,0,
252810197,2005,6,2005-10-08,regular,Oklahoma State,Missouri,Big 12,Big 12,31,38,0,regular,regular,0,
252810221,2005,6,2005-10-08,regular,Pittsburgh,Cincinnati,Big East,Big East,38,20,0,regular,regular,0,
252810066,2005,6,2005-10-08,regular,Iowa State,Baylor,Big 12,Big 12,13,23,0,regular,regular,0,
252812751,2005,6,2005-10-08,regular,Wyoming,TCU,Mountain West,Mountain West,14,28,0,regular,regular,0,
252812439,2005,6,2005-10-08,regular,UNLV,San Diego State,Mountain West,Mountain West,13,10,0,regular,regular,0,
252810328,2005,6,2005-10-08,regular,Utah State,San José State,Western Athletic,Western Athletic,24,17,0,regular,regular,0,
252812633,2005,6,2005-10-08,regular,Tennessee,Georgia,SEC,SEC,14,27,0,regular,regular,0,
252812390,2005,6,2005-10-08,regular,Miami,Duke,ACC,ACC,52,7,0,regular,regular,0,
252810030,2005,6,2005-10-08,regular,USC,Arizona,Pac-10,Pac-10,42,21,0,regular,regular,0,
252810158,2005,6,2005-10-08,regular,Nebraska,Texas Tech,Big 12,Big 12,31,34,0,regular,regular,0,
252812440,2005,6,2005-10-08,regular,Nevada,Idaho,Western Athletic,Western Athletic,62,14,0,regular,regular,0,
252810097,2005,6,2005-10-08,regular,Louisville,North Carolina,Big East,ACC,69,14,0,regular,regular,0,
252812509,2005,6,2005-10-08,regular,Purdue,Iowa,Big Ten,Big Ten,17,34,0,regular,regular,0,
252810265,2005,6,2005-10-08,regular,Washington State,Stanford,Pac-10,Pac-10,21,24,0,regular,regular,0,
252810151,2005,6,2005-10-08,regular,East Carolina,Rice,Conference USA,Conference USA,41,28,0,regular,regular,0,
252810189,2005,6,2005-10-08,regular,Bowling Green,Ohio,Mid-American,Mid-American,38,14,0,regular,regular,0,
252812116,2005,6,2005-10-08,regular,UCF,Memphis,Conference USA,Conference USA,38,17,0,regular,regular,0,
252812655,2005,6,2005-10-08,regular,Tulane,Houston,Conference USA,Conference USA,14,35,0,regular,regular,0,
252810036,2005,6,2005-10-08,regular,Colorado State,Utah,Mountain West,Mountain West,21,17,0,regular,regular,0,
252812711,2005,6,2005-10-08,regular,Western Michigan,Ball State,Mid-American,Mid-American,57,60,1,regular,regular,0,
252810005,2005,6,2005-10-08,regular,UAB,SMU,Conference USA,Conference USA,27,28,0,regular,regular,0,
252810038,2005,6,2005-10-08,regular,Colorado,Texas A&M,Big 12,Big 12,41,20,0,regular,regular,0,
252810008,2005,6,2005-10-08,regular,Arkansas,UL Monroe,SEC,Sun Belt,44,15,0,regular,regular,0,
252812649,2005,6,2005-10-08,regular,Toledo,Eastern Michigan,Mid-American,Mid-American,30,3,0,regular,regular,0,
252810238,2005,6,2005-10-08,regular,Vanderbilt,LSU,SEC,SEC,6,34,0,regular,regular,0,
252812348,2005,6,2005-10-08,regular,Louisiana Tech,Hawai'i,Western Athletic,Western Athletic,46,14,0,regular,regular,0,
252810026,2005,6,2005-10-08,regular,UCLA,California,Pac-10,Pac-10,47,40,0,regular,regular,0,
252810213,2005,6,2005-10-08,regular,Penn State,Ohio State,Big Ten,Big Ten,17,10,0,regular,regular,0,
252810167,2005,6,2005-10-09,regular,New Mexico,BYU,Mountain West,Mountain West,24,27,0,regular,regular,0,
252812572,2005,6,2005-10-09,regular,Southern Miss,Tulsa,Conference USA,Conference USA,17,34,0,regular,regular,0,
252810166,2005,6,2005-10-09,regular,New Mexico State,Fresno State,Western Athletic,Western Athletic,7,37,0,regular,regular,0,
252810009,2005,6,2005-10-09,regular,Arizona State,Oregon,Pac-10,Pac-10,17,31,0,regular,regular,0,
252862032,2005,7,2005-10-13,regular,Arkansas State,Louisiana,Sun Belt,Sun Belt,39,36,0,regular,regular,0,
252860152,2005,7,2005-10-13,regular,NC State,Clemson,ACC,ACC,10,31,0,regular,regular,0,
252872655,2005,7,2005-10-15,regular,Tulane,UTEP,Conference USA,Conference USA,21,45,0,regular,regular,0,
252880194,2005,7,2005-10-15,regular,Ohio State,Michigan State,Big Ten,Big Ten,35,24,0,regular,regular,0,
252882641,2005,7,2005-10-15,regular,Texas Tech,Kansas State,Big 12,Big 12,59,20,0,regular,regular,0,
252880145,2005,7,2005-10-15,regular,Ole Miss,Alabama,SEC,SEC,10,13,0,regular,regular,0,
252880103,2005,7,2005-10-15,regular,Boston College,Wake Forest,ACC,ACC,35,30,0,regular,regular,0,
252882005,2005,7,2005-10-15,regular,Air Force,UNLV,Mountain West,Mountain West,42,7,0,regular,regular,0,
252880183,2005,7,2005-10-15,regular,Syracuse,Rutgers,Big East,Big East,9,31,0,regular,regular,0,
252880135,2005,7,2005-10-15,regular,Minnesota,Wisconsin,Big Ten,Big Ten,34,38,0,regular,regular,0,
252882294,2005,7,2005-10-15,regular,Iowa,Indiana,Big Ten,Big Ten,38,21,0,regular,regular,0,
252880218,2005,7,2005-10-15,regular,Temple,Miami,FBS Independents,ACC,3,34,0,regular,regular,0,
252882509,2005,7,2005-10-15,regular,Purdue,Northwestern,Big Ten,Big Ten,29,34,0,regular,regular,0,
252882117,2005,7,2005-10-15,regular,Central Michigan,Ohio,Mid-American,Mid-American,37,10,0,regular,regular,0,
252882426,2005,7,2005-10-15,regular,Navy,Kent State,FBS Independents,Mid-American,34,31,0,regular,regular,0,
252882084,2005,7,2005-10-15,regular,Buffalo,Bowling Green,Mid-American,Mid-American,7,27,0,regular,regular,0,
252880142,2005,7,2005-10-15,regular,Missouri,Iowa State,Big 12,Big 12,27,24,1,regular,regular,0,
252880193,2005,7,2005-10-15,regular,Miami (OH),Akron,Mid-American,Mid-American,51,23,0,regular,regular,0,
252880221,2005,7,2005-10-15,regular,Pittsburgh,South Florida,Big East,Big East,31,17,0,regular,regular,0,
252882567,2005,7,2005-10-15,regular,SMU,East Carolina,Conference USA,Conference USA,17,24,0,regular,regular,0,
252882751,2005,7,2005-10-15,regular,Wyoming,New Mexico,Mountain West,Mountain West,24,27,0,regular,regular,0,
252882050,2005,7,2005-10-15,regular,Ball State,Toledo,Mid-American,Mid-American,14,34,0,regular,regular,0,
252880251,2005,7,2005-10-15,regular,Texas,Colorado,Big 12,Big 12,42,17,0,regular,regular,0,
252880025,2005,7,2005-10-15,regular,California,Oregon State,Pac-10,Pac-10,20,23,0,regular,regular,0,
252880277,2005,7,2005-10-15,regular,West Virginia,Louisville,Big East,Big East,46,44,1,regular,regular,0,
252880150,2005,7,2005-10-15,regular,Duke,Georgia Tech,ACC,ACC,10,35,0,regular,regular,0,
252880099,2005,7,2005-10-15,regular,LSU,Florida,SEC,SEC,21,17,0,regular,regular,0,
252882483,2005,7,2005-10-15,regular,Oregon,Washington,Pac-10,Pac-10,45,21,0,regular,regular,0,
252870130,2005,7,2005-10-15,regular,Michigan,Penn State,Big Ten,Big Ten,27,25,0,regular,regular,0,
252882433,2005,7,2005-10-15,regular,UL Monroe,Troy,Sun Belt,Sun Belt,27,3,0,regular,regular,0,
252880087,2005,7,2005-10-15,regular,Notre Dame,USC,FBS Independents,Pac-10,31,34,0,regular,regular,0,
252880245,2005,7,2005-10-15,regular,Texas A&M,Oklahoma State,Big 12,Big 12,62,23,0,regular,regular,0,
252882226,2005,7,2005-10-15,regular,Florida Atlantic,Middle Tennessee,Sun Belt,Sun Belt,14,35,0,regular,regular,0,
252882132,2005,7,2005-10-15,regular,Cincinnati,UConn,Big East,Big East,28,17,0,regular,regular,0,
252880242,2005,7,2005-10-15,regular,Rice,Tulsa,Conference USA,Conference USA,21,41,0,regular,regular,0,
252882440,2005,7,2005-10-15,regular,Nevada,Louisiana Tech,Western Athletic,Western Athletic,37,27,0,regular,regular,0,
252882459,2005,7,2005-10-15,regular,Northern Illinois,Eastern Michigan,Mid-American,Mid-American,24,8,0,regular,regular,0,
252880276,2005,7,2005-10-15,regular,Marshall,UAB,Conference USA,Conference USA,20,19,0,regular,regular,0,
252880248,2005,7,2005-10-15,regular,Houston,Memphis,Conference USA,Conference USA,20,35,0,regular,regular,0,
252882229,2005,7,2005-10-15,regular,Florida International,North Texas,Sun Belt,Sun Belt,10,13,0,regular,regular,0,
252880265,2005,7,2005-10-15,regular,Washington State,UCLA,Pac-10,Pac-10,41,44,1,regular,regular,0,
252880008,2005,7,2005-10-15,regular,Arkansas,Auburn,SEC,SEC,17,34,0,regular,regular,0,
252880254,2005,7,2005-10-15,regular,Utah,San Diego State,Mountain West,Mountain West,19,28,0,regular,regular,0,
252882305,2005,7,2005-10-15,regular,Kansas,Oklahoma,Big 12,Big 12,3,19,0,regular,regular,0,
252880239,2005,7,2005-10-15,regular,Baylor,Nebraska,Big 12,Big 12,14,23,0,regular,regular,0,
252882628,2005,7,2005-10-15,regular,TCU,Army,Mountain West,FBS Independents,38,17,0,regular,regular,0,
252880012,2005,7,2005-10-15,regular,Arizona,Stanford,Pac-10,Pac-10,16,20,0,regular,regular,0,
252882572,2005,7,2005-10-15,regular,Southern Miss,UCF,Conference USA,Conference USA,52,31,0,regular,regular,0,
252880238,2005,7,2005-10-15,regular,Vanderbilt,Georgia,SEC,SEC,17,34,0,regular,regular,0,
252880258,2005,7,2005-10-15,regular,Virginia,Florida State,ACC,ACC,26,21,0,regular,regular,0,
252880068,2005,7,2005-10-16,regular,Boise State,San José State,Western Athletic,Western Athletic,38,21,0,regular,regular,0,
252880252,2005,7,2005-10-16,regular,BYU,Colorado State,Mountain West,Mountain West,24,14,0,regular,regular,0,
252880278,2005,7,2005-10-16,regular,Fresno State,Utah State,Western Athletic,Western Athletic,53,21,0,regular,regular,0,
252880062,2005,7,2005-10-16,regular,Hawai'i,New Mexico State,Western Athletic,Western Athletic,49,28,0,regular,regular,0,
252930120,2005,8,2005-10-20,regular,Maryland,Virginia Tech,ACC,ACC,9,28,0,regular,regular,0,
252932653,2005,8,2005-10-20,regular,Troy,Florida International,Sun Belt,Sun Belt,18,13,0,regular,regular,0,
252952116,2005,8,2005-10-21,regular,UCF,Tulane,Conference USA,Conference USA,34,24,0,regular,regular,0,
252940005,2005,8,2005-10-22,regular,UAB,Southern Miss,Conference USA,Conference USA,28,37,0,regular,regular,0,
252952132,2005,8,2005-10-22,regular,Cincinnati,Louisville,Big East,Big East,22,46,0,regular,regular,0,
252950221,2005,8,2005-10-22,regular,Pittsburgh,Syracuse,Big East,Big East,34,17,0,regular,regular,0,
252950153,2005,8,2005-10-22,regular,North Carolina,Virginia,ACC,ACC,7,5,0,regular,regular,0,
252950127,2005,8,2005-10-22,regular,Michigan State,Northwestern,Big Ten,Big Ten,14,49,0,regular,regular,0,
252950084,2005,8,2005-10-22,regular,Indiana,Ohio State,Big Ten,Big Ten,10,41,0,regular,regular,0,
252952294,2005,8,2005-10-22,regular,Iowa,Michigan,Big Ten,Big Ten,20,23,1,regular,regular,0,
252940061,2005,8,2005-10-22,regular,Georgia,Arkansas,SEC,SEC,23,20,0,regular,regular,0,
252950142,2005,8,2005-10-22,regular,Missouri,Nebraska,Big 12,Big 12,41,24,0,regular,regular,0,
252950228,2005,8,2005-10-22,regular,Clemson,Temple,ACC,FBS Independents,37,7,0,regular,regular,0,
252952309,2005,8,2005-10-22,regular,Kent State,Northern Illinois,Mid-American,Mid-American,3,34,0,regular,regular,0,
252950066,2005,8,2005-10-22,regular,Iowa State,Oklahoma State,Big 12,Big 12,37,10,0,regular,regular,0,
252950145,2005,8,2005-10-22,regular,Ole Miss,Kentucky,SEC,SEC,13,7,0,regular,regular,0,
252950195,2005,8,2005-10-22,regular,Ohio,Ball State,Mid-American,Mid-American,38,21,0,regular,regular,0,
252952306,2005,8,2005-10-22,regular,Kansas State,Texas A&M,Big 12,Big 12,28,30,0,regular,regular,0,
252950344,2005,8,2005-10-22,regular,Mississippi State,Houston,SEC,Conference USA,16,28,0,regular,regular,0,
252950087,2005,8,2005-10-22,regular,Notre Dame,BYU,FBS Independents,Mountain West,49,23,0,regular,regular,0,
252950041,2005,8,2005-10-22,regular,UConn,Rutgers,Big East,Big East,24,26,0,regular,regular,0,
252950036,2005,8,2005-10-22,regular,Colorado State,Wyoming,Mountain West,Mountain West,39,31,0,regular,regular,0,
252952005,2005,8,2005-10-22,regular,Air Force,TCU,Mountain West,Mountain West,10,48,0,regular,regular,0,
252950202,2005,8,2005-10-22,regular,Tulsa,SMU,Conference USA,Conference USA,20,13,0,regular,regular,0,
252950235,2005,8,2005-10-22,regular,Memphis,East Carolina,Conference USA,Conference USA,27,24,0,regular,regular,0,
252952579,2005,8,2005-10-22,regular,South Carolina,Vanderbilt,SEC,SEC,35,28,0,regular,regular,0,
252950251,2005,8,2005-10-22,regular,Texas,Texas Tech,Big 12,Big 12,52,17,0,regular,regular,0,
252950154,2005,8,2005-10-22,regular,Wake Forest,NC State,ACC,ACC,27,19,0,regular,regular,0,
252950150,2005,8,2005-10-22,regular,Duke,Florida State,ACC,ACC,24,55,0,regular,regular,0,
252950333,2005,8,2005-10-22,regular,Alabama,Tennessee,SEC,SEC,6,3,0,regular,regular,0,
252950264,2005,8,2005-10-22,regular,Washington,USC,Pac-10,Pac-10,24,51,0,regular,regular,0,
252950275,2005,8,2005-10-22,regular,Wisconsin,Purdue,Big Ten,Big Ten,31,20,0,regular,regular,0,
252950189,2005,8,2005-10-22,regular,Bowling Green,Western Michigan,Mid-American,Mid-American,14,45,0,regular,regular,0,
252952348,2005,8,2005-10-22,regular,Louisiana Tech,North Texas,Western Athletic,Sun Belt,40,14,0,regular,regular,0,
252952393,2005,8,2005-10-22,regular,Middle Tennessee,Louisiana,Sun Belt,Sun Belt,10,13,0,regular,regular,0,
252950024,2005,8,2005-10-22,regular,Stanford,Arizona State,Pac-10,Pac-10,45,35,0,regular,regular,0,
252950070,2005,8,2005-10-22,regular,Idaho,Fresno State,Western Athletic,Western Athletic,10,40,0,regular,regular,0,
252950023,2005,8,2005-10-22,regular,San José State,Hawai'i,Western Athletic,Western Athletic,38,45,0,regular,regular,0,
252952006,2005,8,2005-10-22,regular,Akron,Army,Mid-American,FBS Independents,0,20,0,regular,regular,0,
252950242,2005,8,2005-10-22,regular,Rice,Navy,Conference USA,FBS Independents,9,41,0,regular,regular,0,
252952199,2005,8,2005-10-22,regular,Eastern Michigan,Miami (OH),Mid-American,Mid-American,23,24,0,regular,regular,0,
252950328,2005,8,2005-10-22,regular,Utah State,Boise State,Western Athletic,Western Athletic,21,45,0,regular,regular,0,
252950026,2005,8,2005-10-22,regular,UCLA,Oregon State,Pac-10,Pac-10,51,28,0,regular,regular,0,
252952439,2005,8,2005-10-22,regular,UNLV,Utah,Mountain West,Mountain West,32,42,0,regular,regular,0,
252952032,2005,8,2005-10-22,regular,Arkansas State,Florida Atlantic,Sun Belt,Sun Belt,3,0,1,regular,regular,0,
252950356,2005,8,2005-10-22,regular,Illinois,Penn State,Big Ten,Big Ten,10,63,0,regular,regular,0,
252950038,2005,8,2005-10-22,regular,Colorado,Kansas,Big 12,Big 12,44,13,0,regular,regular,0,
252952649,2005,8,2005-10-22,regular,Toledo,Buffalo,Mid-American,Mid-American,38,15,0,regular,regular,0,
252950012,2005,8,2005-10-22,regular,Arizona,Oregon,Pac-10,Pac-10,21,28,0,regular,regular,0,
252950201,2005,8,2005-10-22,regular,Oklahoma,Baylor,Big 12,Big 12,37,30,1,regular,regular,0,
252950099,2005,8,2005-10-22,regular,LSU,Auburn,SEC,SEC,20,17,1,regular,regular,0,
252952638,2005,8,2005-10-23,regular,UTEP,Marshall,Conference USA,Conference USA,31,3,0,regular,regular,0,
252950021,2005,8,2005-10-23,regular,San Diego State,New Mexico,Mountain West,Mountain West,24,47,0,regular,regular,0,
252950025,2005,8,2005-10-23,regular,California,Washington State,Pac-10,Pac-10,42,38,0,regular,regular,0,
253000259,2005,9,2005-10-27,regular,Virginia Tech,Boston College,ACC,ACC,30,10,0,regular,regular,0,
253020167,2005,9,2005-10-29,regular,New Mexico,Colorado State,Mountain West,Mountain West,25,35,0,regular,regular,0,
253010127,2005,9,2005-10-29,regular,Michigan State,Indiana,Big Ten,Big Ten,46,15,0,regular,regular,0,
253020135,2005,9,2005-10-29,regular,Minnesota,Ohio State,Big Ten,Big Ten,31,45,0,regular,regular,0,
253020158,2005,9,2005-10-29,regular,Nebraska,Oklahoma,Big 12,Big 12,24,31,0,regular,regular,0,
253020150,2005,9,2005-10-29,regular,Duke,Wake Forest,ACC,ACC,6,44,0,regular,regular,0,
253022390,2005,9,2005-10-29,regular,Miami,North Carolina,ACC,ACC,34,16,0,regular,regular,0,
253020183,2005,9,2005-10-29,regular,Syracuse,Cincinnati,Big East,Big East,16,22,0,regular,regular,0,
253020152,2005,9,2005-10-29,regular,NC State,Southern Miss,ACC,Conference USA,21,17,0,regular,regular,0,
253020356,2005,9,2005-10-29,regular,Illinois,Wisconsin,Big Ten,Big Ten,24,41,0,regular,regular,0,
253020239,2005,9,2005-10-29,regular,Baylor,Texas Tech,Big 12,Big 12,0,28,0,regular,regular,0,
253020002,2005,9,2005-10-29,regular,Auburn,Ole Miss,SEC,SEC,27,3,0,regular,regular,0,
253020218,2005,9,2005-10-29,regular,Temple,Miami (OH),FBS Independents,Mid-American,14,41,0,regular,regular,0,
253022117,2005,9,2005-10-29,regular,Central Michigan,Toledo,Mid-American,Mid-American,21,17,0,regular,regular,0,
253022305,2005,9,2005-10-29,regular,Kansas,Missouri,Big 12,Big 12,13,3,0,regular,regular,0,
253022084,2005,9,2005-10-29,regular,Buffalo,Ohio,Mid-American,Mid-American,20,34,0,regular,regular,0,
253020151,2005,9,2005-10-29,regular,East Carolina,UCF,Conference USA,Conference USA,20,30,0,regular,regular,0,
253022711,2005,9,2005-10-29,regular,Western Michigan,Kent State,Mid-American,Mid-American,44,14,0,regular,regular,0,
253022306,2005,9,2005-10-29,regular,Kansas State,Colorado,Big 12,Big 12,20,23,0,regular,regular,0,
253020252,2005,9,2005-10-29,regular,BYU,Air Force,Mountain West,Mountain West,62,41,0,regular,regular,0,
253020333,2005,9,2005-10-29,regular,Alabama,Utah State,SEC,Western Athletic,35,3,0,regular,regular,0,
253020068,2005,9,2005-10-29,regular,Boise State,Nevada,Western Athletic,Western Athletic,49,14,0,regular,regular,0,
253020030,2005,9,2005-10-29,regular,USC,Washington State,Pac-10,Pac-10,55,13,0,regular,regular,0,
253020052,2005,9,2005-10-29,regular,Florida State,Maryland,ACC,ACC,35,27,0,regular,regular,0,
253020245,2005,9,2005-10-29,regular,Texas A&M,Iowa State,Big 12,Big 12,14,42,0,regular,regular,0,
253020059,2005,9,2005-10-29,regular,Georgia Tech,Clemson,ACC,ACC,10,9,0,regular,regular,0,
253020164,2005,9,2005-10-29,regular,Rutgers,Navy,Big East,FBS Independents,31,21,0,regular,regular,0,
253020213,2005,9,2005-10-29,regular,Penn State,Purdue,Big Ten,Big Ten,33,15,0,regular,regular,0,
253010057,2005,9,2005-10-29,regular,Florida,Georgia,SEC,SEC,14,10,0,regular,regular,0,
253020189,2005,9,2005-10-29,regular,Bowling Green,Akron,Mid-American,Mid-American,14,24,0,regular,regular,0,
253022459,2005,9,2005-10-29,regular,Northern Illinois,Ball State,Mid-American,Mid-American,17,31,0,regular,regular,0,
253020204,2005,9,2005-10-29,regular,Oregon State,Arizona,Pac-10,Pac-10,27,29,0,regular,regular,0,
253020309,2005,9,2005-10-29,regular,Louisiana,Troy,Sun Belt,Sun Belt,31,28,1,regular,regular,0,
253020242,2005,9,2005-10-29,regular,Rice,UTEP,Conference USA,Conference USA,31,38,0,regular,regular,0,
253020009,2005,9,2005-10-29,regular,Arizona State,Washington,Pac-10,Pac-10,44,20,0,regular,regular,0,
253020024,2005,9,2005-10-29,regular,Stanford,UCLA,Pac-10,Pac-10,27,30,1,regular,regular,0,
253022348,2005,9,2005-10-29,regular,Louisiana Tech,San José State,Western Athletic,Western Athletic,31,14,0,regular,regular,0,
253022655,2005,9,2005-10-29,regular,Tulane,Marshall,Conference USA,Conference USA,26,27,0,regular,regular,0,
253020077,2005,9,2005-10-29,regular,Northwestern,Michigan,Big Ten,Big Ten,17,33,0,regular,regular,0,
253020096,2005,9,2005-10-29,regular,Kentucky,Mississippi State,SEC,SEC,13,7,0,regular,regular,0,
253020197,2005,9,2005-10-29,regular,Oklahoma State,Texas,Big 12,Big 12,28,47,0,regular,regular,0,
253020062,2005,9,2005-10-29,regular,Hawai'i,Fresno State,Western Athletic,Western Athletic,13,27,0,regular,regular,0,
253022633,2005,9,2005-10-29,regular,Tennessee,South Carolina,SEC,SEC,15,16,0,regular,regular,0,
253020099,2005,9,2005-10-30,regular,LSU,North Texas,SEC,Sun Belt,56,3,0,regular,regular,0,
253020021,2005,9,2005-10-30,regular,San Diego State,TCU,Mountain West,Mountain West,20,23,0,regular,regular,0,
253020166,2005,9,2005-10-30,regular,New Mexico State,Idaho,Western Athletic,Western Athletic,37,38,1,regular,regular,0,
253050235,2005,10,2005-11-02,regular,Memphis,UAB,Conference USA,Conference USA,20,37,0,regular,regular,0,
253060277,2005,10,2005-11-03,regular,West Virginia,UConn,Big East,Big East,45,13,0,regular,regular,0,
253070097,2005,10,2005-11-04,regular,Louisville,Pittsburgh,Big East,Big East,42,20,0,regular,regular,0,
253080195,2005,10,2005-11-05,regular,Ohio,Toledo,Mid-American,Mid-American,21,30,0,regular,regular,0,
253090077,2005,10,2005-11-05,regular,Northwestern,Iowa,Big Ten,Big Ten,28,27,0,regular,regular,0,
253090164,2005,10,2005-11-05,regular,Rutgers,South Florida,Big East,Big East,31,45,0,regular,regular,0,
253092509,2005,10,2005-11-05,regular,Purdue,Michigan State,Big Ten,Big Ten,28,21,0,regular,regular,0,
253080084,2005,10,2005-11-05,regular,Indiana,Minnesota,Big Ten,Big Ten,21,42,0,regular,regular,0,
253090153,2005,10,2005-11-05,regular,North Carolina,Boston College,ACC,ACC,16,14,0,regular,regular,0,
253090008,2005,10,2005-11-05,regular,Arkansas,South Carolina,SEC,SEC,10,14,0,regular,regular,0,
253090239,2005,10,2005-11-05,regular,Baylor,Texas,Big 12,Big 12,0,62,0,regular,regular,0,
253092117,2005,10,2005-11-05,regular,Central Michigan,Northern Illinois,Mid-American,Mid-American,28,31,0,regular,regular,0,
253092305,2005,10,2005-11-05,regular,Kansas,Nebraska,Big 12,Big 12,40,15,0,regular,regular,0,
253090096,2005,10,2005-11-05,regular,Kentucky,Auburn,SEC,SEC,27,49,0,regular,regular,0,
253092199,2005,10,2005-11-05,regular,Eastern Michigan,Western Michigan,Mid-American,Mid-American,36,44,0,regular,regular,0,
253090228,2005,10,2005-11-05,regular,Clemson,Duke,ACC,ACC,49,20,0,regular,regular,0,
253090059,2005,10,2005-11-05,regular,Georgia Tech,Wake Forest,ACC,ACC,30,17,0,regular,regular,0,
253092426,2005,10,2005-11-05,regular,Navy,Tulane,FBS Independents,Conference USA,49,21,0,regular,regular,0,
253090193,2005,10,2005-11-05,regular,Miami (OH),Buffalo,Mid-American,Mid-American,54,13,0,regular,regular,0,
253092309,2005,10,2005-11-05,regular,Kent State,Bowling Green,Mid-American,Mid-American,14,24,0,regular,regular,0,
253092050,2005,10,2005-11-05,regular,Ball State,Akron,Mid-American,Mid-American,23,17,0,regular,regular,0,
253090066,2005,10,2005-11-05,regular,Iowa State,Kansas State,Big 12,Big 12,45,17,0,regular,regular,0,
253090087,2005,10,2005-11-05,regular,Notre Dame,Tennessee,FBS Independents,SEC,41,21,0,regular,regular,0,
253092567,2005,10,2005-11-05,regular,SMU,Rice,Conference USA,Conference USA,27,7,0,regular,regular,0,
253090254,2005,10,2005-11-05,regular,Utah,Wyoming,Mountain West,Mountain West,43,13,0,regular,regular,0,
253092439,2005,10,2005-11-05,regular,UNLV,BYU,Mountain West,Mountain West,14,55,0,regular,regular,0,
253090328,2005,10,2005-11-05,regular,Utah State,Louisiana Tech,Western Athletic,Western Athletic,17,27,0,regular,regular,0,
253090068,2005,10,2005-11-05,regular,Boise State,New Mexico State,Western Athletic,Western Athletic,56,6,0,regular,regular,0,
253090344,2005,10,2005-11-05,regular,Mississippi State,Alabama,SEC,SEC,0,17,0,regular,regular,0,
253092005,2005,10,2005-11-05,regular,Air Force,Army,Mountain West,FBS Independents,24,27,0,regular,regular,0,
253090213,2005,10,2005-11-05,regular,Penn State,Wisconsin,Big Ten,Big Ten,35,14,0,regular,regular,0,
253090194,2005,10,2005-11-05,regular,Ohio State,Illinois,Big Ten,Big Ten,40,2,0,regular,regular,0,
253090258,2005,10,2005-11-05,regular,Virginia,Temple,ACC,FBS Independents,51,3,0,regular,regular,0,
253092483,2005,10,2005-11-05,regular,Oregon,California,Pac-10,Pac-10,27,20,1,regular,regular,0,
253090052,2005,10,2005-11-05,regular,Florida State,NC State,ACC,ACC,15,20,0,regular,regular,0,
253090038,2005,10,2005-11-05,regular,Colorado,Missouri,Big 12,Big 12,41,12,0,regular,regular,0,
253092653,2005,10,2005-11-05,regular,Troy,Florida Atlantic,Sun Belt,Sun Belt,28,14,0,regular,regular,0,
253092433,2005,10,2005-11-05,regular,UL Monroe,Florida International,Sun Belt,Sun Belt,29,31,0,regular,regular,0,
253092440,2005,10,2005-11-05,regular,Nevada,Hawai'i,Western Athletic,Western Athletic,38,28,0,regular,regular,0,
253092393,2005,10,2005-11-05,regular,Middle Tennessee,Arkansas State,Sun Belt,Sun Belt,45,7,0,regular,regular,0,
253090265,2005,10,2005-11-05,regular,Washington State,Arizona State,Pac-10,Pac-10,24,27,0,regular,regular,0,
253092116,2005,10,2005-11-06,regular,UCF,Houston,Conference USA,Conference USA,31,29,0,regular,regular,0,
253090012,2005,10,2005-11-06,regular,Arizona,UCLA,Pac-10,Pac-10,52,14,0,regular,regular,0,
253090264,2005,10,2005-11-06,regular,Washington,Oregon State,Pac-10,Pac-10,10,18,0,regular,regular,0,
253092628,2005,10,2005-11-06,regular,TCU,Colorado State,Mountain West,Mountain West,33,6,0,regular,regular,0,
253092641,2005,10,2005-11-06,regular,Texas Tech,Texas A&M,Big 12,Big 12,56,17,0,regular,regular,0,
253090249,2005,10,2005-11-06,regular,North Texas,Louisiana,Sun Belt,Sun Belt,28,31,0,regular,regular,0,
253090057,2005,10,2005-11-06,regular,Florida,Vanderbilt,SEC,SEC,49,42,1,regular,regular,0,
253090259,2005,10,2005-11-06,regular,Virginia Tech,Miami,ACC,ACC,7,27,0,regular,regular,0,
253090278,2005,10,2005-11-06,regular,Fresno State,San José State,Western Athletic,Western Athletic,45,7,0,regular,regular,0,
253092638,2005,10,2005-11-06,regular,UTEP,Tulsa,Conference USA,Conference USA,41,38,0,regular,regular,0,
253090030,2005,10,2005-11-06,regular,USC,Stanford,Pac-10,Pac-10,51,21,0,regular,regular,0,
253120276,2005,11,2005-11-09,regular,Marshall,Southern Miss,Conference USA,Conference USA,24,27,1,regular,regular,0,
253132132,2005,11,2005-11-10,regular,Cincinnati,West Virginia,Big East,Big East,0,38,0,regular,regular,0,
253140278,2005,11,2005-11-11,regular,Fresno State,Boise State,Western Athletic,Western Athletic,27,7,0,regular,regular,0,
253150097,2005,11,2005-11-12,regular,Louisville,Rutgers,Big East,Big East,56,5,0,regular,regular,0,
253160221,2005,11,2005-11-12,regular,Pittsburgh,UConn,Big East,Big East,24,0,0,regular,regular,0,
253160228,2005,11,2005-11-12,regular,Clemson,Florida State,ACC,ACC,35,14,0,regular,regular,0,
253160153,2005,11,2005-11-12,regular,North Carolina,Maryland,ACC,ACC,30,33,1,regular,regular,0,
253162509,2005,11,2005-11-12,regular,Purdue,Illinois,Big Ten,Big Ten,37,3,0,regular,regular,0,
253160201,2005,11,2005-11-12,regular,Oklahoma,Texas A&M,Big 12,Big 12,36,30,0,regular,regular,0,
253150130,2005,11,2005-11-12,regular,Michigan,Indiana,Big Ten,Big Ten,41,14,0,regular,regular,0,
253160135,2005,11,2005-11-12,regular,Minnesota,Michigan State,Big Ten,Big Ten,41,18,0,regular,regular,0,
253160194,2005,11,2005-11-12,regular,Ohio State,Northwestern,Big Ten,Big Ten,48,7,0,regular,regular,0,
253162579,2005,11,2005-11-12,regular,South Carolina,Florida,SEC,SEC,30,22,0,regular,regular,0,
253162226,2005,11,2005-11-12,regular,Florida Atlantic,North Texas,Sun Belt,Sun Belt,26,23,0,regular,regular,0,
253162309,2005,11,2005-11-12,regular,Kent State,Buffalo,Mid-American,Mid-American,6,10,0,regular,regular,0,
253160087,2005,11,2005-11-12,regular,Notre Dame,Navy,FBS Independents,FBS Independents,42,21,0,regular,regular,0,
253160183,2005,11,2005-11-12,regular,Syracuse,South Florida,Big East,Big East,0,27,0,regular,regular,0,
253162711,2005,11,2005-11-12,regular,Western Michigan,Central Michigan,Mid-American,Mid-American,31,24,0,regular,regular,0,
253160197,2005,11,2005-11-12,regular,Oklahoma State,Texas Tech,Big 12,Big 12,24,17,0,regular,regular,0,
253162633,2005,11,2005-11-12,regular,Tennessee,Memphis,SEC,Conference USA,20,16,0,regular,regular,0,
253160142,2005,11,2005-11-12,regular,Missouri,Baylor,Big 12,Big 12,31,16,0,regular,regular,0,
253160238,2005,11,2005-11-12,regular,Vanderbilt,Kentucky,SEC,SEC,43,48,0,regular,regular,0,
253160158,2005,11,2005-11-12,regular,Nebraska,Kansas State,Big 12,Big 12,27,25,0,regular,regular,0,
253160145,2005,11,2005-11-12,regular,Ole Miss,Arkansas,SEC,SEC,17,28,0,regular,regular,0,
253160242,2005,11,2005-11-12,regular,Rice,Tulane,Conference USA,Conference USA,42,34,0,regular,regular,0,
253160036,2005,11,2005-11-12,regular,Colorado State,San Diego State,Mountain West,Mountain West,10,30,0,regular,regular,0,
253160202,2005,11,2005-11-12,regular,Tulsa,East Carolina,Conference USA,Conference USA,45,13,0,regular,regular,0,
253162393,2005,11,2005-11-12,regular,Middle Tennessee,UL Monroe,Sun Belt,Sun Belt,31,34,0,regular,regular,0,
253160333,2005,11,2005-11-12,regular,Alabama,LSU,SEC,SEC,13,16,1,regular,regular,0,
253160025,2005,11,2005-11-12,regular,California,USC,Pac-10,Pac-10,10,35,0,regular,regular,0,
253160275,2005,11,2005-11-12,regular,Wisconsin,Iowa,Big Ten,Big Ten,10,20,0,regular,regular,0,
253160154,2005,11,2005-11-12,regular,Wake Forest,Miami,ACC,ACC,17,47,0,regular,regular,0,
253160258,2005,11,2005-11-12,regular,Virginia,Georgia Tech,ACC,ACC,27,17,0,regular,regular,0,
253160251,2005,11,2005-11-12,regular,Texas,Kansas,Big 12,Big 12,66,14,0,regular,regular,0,
253160005,2005,11,2005-11-12,regular,UAB,UCF,Conference USA,Conference USA,21,27,0,regular,regular,0,
253160166,2005,11,2005-11-12,regular,New Mexico State,Nevada,Western Athletic,Western Athletic,24,48,0,regular,regular,0,
253160070,2005,11,2005-11-12,regular,Idaho,Louisiana Tech,Western Athletic,Western Athletic,38,41,0,regular,regular,0,
253162199,2005,11,2005-11-12,regular,Eastern Michigan,Ball State,Mid-American,Mid-American,25,26,0,regular,regular,0,
253160012,2005,11,2005-11-12,regular,Arizona,Washington,Pac-10,Pac-10,14,38,0,regular,regular,0,
253162751,2005,11,2005-11-12,regular,Wyoming,BYU,Mountain West,Mountain West,21,35,0,regular,regular,0,
253160204,2005,11,2005-11-12,regular,Oregon State,Stanford,Pac-10,Pac-10,17,20,0,regular,regular,0,
253160254,2005,11,2005-11-12,regular,Utah,New Mexico,Mountain West,Mountain West,27,31,0,regular,regular,0,
253160309,2005,11,2005-11-13,regular,Louisiana,Florida International,Sun Belt,Sun Belt,28,7,0,regular,regular,0,
253162032,2005,11,2005-11-13,regular,Arkansas State,Troy,Sun Belt,Sun Belt,9,3,0,regular,regular,0,
253162628,2005,11,2005-11-13,regular,TCU,UNLV,Mountain West,Mountain West,51,3,0,regular,regular,0,
253160066,2005,11,2005-11-13,regular,Iowa State,Colorado,Big 12,Big 12,30,16,0,regular,regular,0,
253160026,2005,11,2005-11-13,regular,UCLA,Arizona State,Pac-10,Pac-10,45,35,0,regular,regular,0,
253160103,2005,11,2005-11-13,regular,Boston College,NC State,ACC,ACC,30,10,0,regular,regular,0,
253160061,2005,11,2005-11-13,regular,Georgia,Auburn,SEC,SEC,30,31,0,regular,regular,0,
253160265,2005,11,2005-11-13,regular,Washington State,Oregon,Pac-10,Pac-10,31,34,0,regular,regular,0,
253160062,2005,11,2005-11-13,regular,Hawai'i,Utah State,Western Athletic,Western Athletic,50,23,0,regular,regular,0,
253160248,2005,11,2005-11-13,regular,Houston,Southern Miss,Conference USA,Conference USA,27,24,0,regular,regular,0,
253190193,2005,12,2005-11-16,regular,Miami (OH),Bowling Green,Mid-American,Mid-American,14,42,0,regular,regular,0,
253192006,2005,12,2005-11-16,regular,Akron,Ohio,Mid-American,Mid-American,27,3,0,regular,regular,0,
253202649,2005,12,2005-11-17,regular,Toledo,Northern Illinois,Mid-American,Mid-American,17,35,0,regular,regular,0,
253232294,2005,12,2005-11-19,regular,Iowa,Minnesota,Big Ten,Big Ten,52,28,0,regular,regular,0,
253230349,2005,12,2005-11-19,regular,Army,Arkansas State,FBS Independents,Sun Belt,38,10,0,regular,regular,0,
253230356,2005,12,2005-11-19,regular,Illinois,Northwestern,Big Ten,Big Ten,21,38,0,regular,regular,0,
253230120,2005,12,2005-11-19,regular,Maryland,Boston College,ACC,ACC,16,31,0,regular,regular,0,
253232641,2005,12,2005-11-19,regular,Texas Tech,Oklahoma,Big 12,Big 12,23,21,0,regular,regular,0,
253230258,2005,12,2005-11-19,regular,Virginia,Virginia Tech,ACC,ACC,14,52,0,regular,regular,0,
253232050,2005,12,2005-11-19,regular,Ball State,Central Michigan,Mid-American,Mid-American,24,31,1,regular,regular,0,
253230058,2005,12,2005-11-19,regular,South Florida,Cincinnati,Big East,Big East,31,16,0,regular,regular,0,
253232633,2005,12,2005-11-19,regular,Tennessee,Vanderbilt,SEC,SEC,24,28,0,regular,regular,0,
253230061,2005,12,2005-11-19,regular,Georgia,Kentucky,SEC,SEC,45,13,0,regular,regular,0,
253230153,2005,12,2005-11-19,regular,North Carolina,Duke,ACC,ACC,24,21,0,regular,regular,0,
253230130,2005,12,2005-11-19,regular,Michigan,Ohio State,Big Ten,Big Ten,21,25,0,regular,regular,0,
253230084,2005,12,2005-11-19,regular,Indiana,Purdue,Big Ten,Big Ten,14,41,0,regular,regular,0,
253230152,2005,12,2005-11-19,regular,NC State,Middle Tennessee,ACC,Sun Belt,24,3,0,regular,regular,0,
253232084,2005,12,2005-11-19,regular,Buffalo,Eastern Michigan,Mid-American,Mid-American,14,38,0,regular,regular,0,
253232426,2005,12,2005-11-19,regular,Navy,Temple,FBS Independents,FBS Independents,38,17,0,regular,regular,0,
253232655,2005,12,2005-11-19,regular,Tulane,Tulsa,Conference USA,Conference USA,14,38,0,regular,regular,0,
253230239,2005,12,2005-11-19,regular,Baylor,Oklahoma State,Big 12,Big 12,44,34,0,regular,regular,0,
253230008,2005,12,2005-11-19,regular,Arkansas,Mississippi State,SEC,SEC,44,10,0,regular,regular,0,
253232306,2005,12,2005-11-19,regular,Kansas State,Missouri,Big 12,Big 12,36,28,0,regular,regular,0,
253230167,2005,12,2005-11-19,regular,New Mexico,Air Force,Mountain West,Mountain West,24,42,0,regular,regular,0,
253230087,2005,12,2005-11-19,regular,Notre Dame,Syracuse,FBS Independents,Big East,34,10,0,regular,regular,0,
253230252,2005,12,2005-11-19,regular,BYU,Utah,Mountain West,Mountain West,34,41,1,regular,regular,0,
253230242,2005,12,2005-11-19,regular,Rice,UCF,Conference USA,Conference USA,28,31,0,regular,regular,0,
253230328,2005,12,2005-11-19,regular,Utah State,Nevada,Western Athletic,Western Athletic,24,30,0,regular,regular,0,
253230068,2005,12,2005-11-19,regular,Boise State,Idaho,Western Athletic,Western Athletic,70,35,0,regular,regular,0,
253230264,2005,12,2005-11-19,regular,Washington,Washington State,Pac-10,Pac-10,22,26,0,regular,regular,0,
253230002,2005,12,2005-11-19,regular,Auburn,Alabama,SEC,SEC,28,18,0,regular,regular,0,
253230127,2005,12,2005-11-19,regular,Michigan State,Penn State,Big Ten,Big Ten,22,31,0,regular,regular,0,
253232439,2005,12,2005-11-19,regular,UNLV,Colorado State,Mountain West,Mountain West,27,31,0,regular,regular,0,
253230276,2005,12,2005-11-19,regular,Marshall,East Carolina,Conference USA,Conference USA,29,34,0,regular,regular,0,
253230248,2005,12,2005-11-19,regular,Houston,SMU,Conference USA,Conference USA,24,29,0,regular,regular,0,
253230023,2005,12,2005-11-19,regular,San José State,New Mexico State,Western Athletic,Western Athletic,27,10,0,regular,regular,0,
253232638,2005,12,2005-11-19,regular,UTEP,UAB,Conference USA,Conference USA,23,35,0,regular,regular,0,
253232483,2005,12,2005-11-19,regular,Oregon,Oregon State,Pac-10,Pac-10,56,14,0,regular,regular,0,
253232579,2005,12,2005-11-20,regular,South Carolina,Clemson,SEC,ACC,9,13,0,regular,regular,0,
253230024,2005,12,2005-11-20,regular,Stanford,California,Pac-10,Pac-10,3,27,0,regular,regular,0,
253230249,2005,12,2005-11-20,regular,North Texas,UL Monroe,Sun Belt,Sun Belt,19,24,0,regular,regular,0,
253230145,2005,12,2005-11-20,regular,Ole Miss,LSU,SEC,SEC,7,40,0,regular,regular,0,
253232390,2005,12,2005-11-20,regular,Miami,Georgia Tech,ACC,ACC,10,14,0,regular,regular,0,
253230021,2005,12,2005-11-20,regular,San Diego State,Wyoming,Mountain West,Mountain West,34,21,0,regular,regular,0,
253232572,2005,12,2005-11-20,regular,Southern Miss,Memphis,Conference USA,Conference USA,22,24,0,regular,regular,0,
253230030,2005,12,2005-11-20,regular,USC,Fresno State,Pac-10,Western Athletic,50,42,0,regular,regular,0,
253250195,2005,13,2005-11-22,regular,Ohio,Miami (OH),Mid-American,Mid-American,7,38,0,regular,regular,0,
253260189,2005,13,2005-11-23,regular,Bowling Green,Toledo,Mid-American,Mid-American,41,44,1,regular,regular,0,
253272459,2005,13,2005-11-23,regular,Northern Illinois,Western Michigan,Mid-American,Mid-American,42,7,0,regular,regular,0,
253282006,2005,13,2005-11-24,regular,Akron,Kent State,Mid-American,Mid-American,35,3,0,regular,regular,0,
253280277,2005,13,2005-11-25,regular,West Virginia,Pittsburgh,Big East,Big East,45,13,0,regular,regular,0,
253290245,2005,13,2005-11-25,regular,Texas A&M,Texas,Big 12,Big 12,29,40,0,regular,regular,0,
253290099,2005,13,2005-11-25,regular,LSU,Arkansas,SEC,SEC,19,17,0,regular,regular,0,
253290009,2005,13,2005-11-25,regular,Arizona State,Arizona,Pac-10,Pac-10,23,20,0,regular,regular,0,
253290038,2005,13,2005-11-25,regular,Colorado,Nebraska,Big 12,Big 12,3,30,0,regular,regular,0,
253290062,2005,13,2005-11-26,regular,Hawai'i,Wisconsin,Western Athletic,Big Ten,24,41,0,regular,regular,0,
253300151,2005,13,2005-11-26,regular,East Carolina,UAB,Conference USA,Conference USA,31,23,0,regular,regular,0,
253300152,2005,13,2005-11-26,regular,NC State,Maryland,ACC,ACC,20,14,0,regular,regular,0,
253302305,2005,13,2005-11-26,regular,Kansas,Iowa State,Big 12,Big 12,24,21,1,regular,regular,0,
253300096,2005,13,2005-11-26,regular,Kentucky,Tennessee,SEC,SEC,8,27,0,regular,regular,0,
253300164,2005,13,2005-11-26,regular,Rutgers,Cincinnati,Big East,Big East,44,9,0,regular,regular,0,
253300235,2005,13,2005-11-26,regular,Memphis,Marshall,Conference USA,Conference USA,26,3,0,regular,regular,0,
253302348,2005,13,2005-11-26,regular,Louisiana Tech,Boise State,Western Athletic,Western Athletic,13,30,0,regular,regular,0,
253300249,2005,13,2005-11-26,regular,North Texas,Arkansas State,Sun Belt,Sun Belt,24,31,0,regular,regular,0,
253300344,2005,13,2005-11-26,regular,Mississippi State,Ole Miss,SEC,SEC,35,14,0,regular,regular,0,
253302572,2005,13,2005-11-26,regular,Southern Miss,Tulane,Conference USA,Conference USA,26,7,0,regular,regular,0,
253302567,2005,13,2005-11-26,regular,SMU,UTEP,Conference USA,Conference USA,40,27,0,regular,regular,0,
253300057,2005,13,2005-11-26,regular,Florida,Florida State,SEC,ACC,34,7,0,regular,regular,0,
253300097,2005,13,2005-11-26,regular,Louisville,Syracuse,Big East,Big East,41,17,0,regular,regular,0,
253302390,2005,13,2005-11-26,regular,Miami,Virginia,ACC,ACC,25,17,0,regular,regular,0,
253302433,2005,13,2005-11-26,regular,UL Monroe,Louisiana,Sun Belt,Sun Belt,21,54,0,regular,regular,0,
253300201,2005,13,2005-11-26,regular,Oklahoma,Oklahoma State,Big 12,Big 12,42,14,0,regular,regular,0,
253300041,2005,13,2005-11-26,regular,UConn,South Florida,Big East,Big East,15,10,0,regular,regular,0,
253300166,2005,13,2005-11-26,regular,New Mexico State,Utah State,Western Athletic,Western Athletic,21,24,0,regular,regular,0,
253300248,2005,13,2005-11-26,regular,Houston,Rice,Conference USA,Conference USA,35,18,0,regular,regular,0,
253302226,2005,13,2005-11-26,regular,Florida Atlantic,Florida International,Sun Belt,Sun Belt,6,52,0,regular,regular,0,
253300023,2005,13,2005-11-26,regular,San José State,Idaho,Western Athletic,Western Athletic,26,18,0,regular,regular,0,
253302653,2005,13,2005-11-27,regular,Troy,Middle Tennessee,Sun Belt,Sun Belt,7,17,0,regular,regular,0,
253302440,2005,13,2005-11-27,regular,Nevada,Fresno State,Western Athletic,Western Athletic,38,35,0,regular,regular,0,
253300259,2005,13,2005-11-27,regular,Virginia Tech,North Carolina,ACC,ACC,30,3,0,regular,regular,0,
253300059,2005,13,2005-11-27,regular,Georgia Tech,Georgia,ACC,SEC,7,14,0,regular,regular,0,
253300024,2005,13,2005-11-27,regular,Stanford,Notre Dame,Pac-10,FBS Independents,31,38,0,regular,regular,0,
253352459,2005,14,2005-12-02,regular,Northern Illinois,Akron,Mid-American,Mid-American,30,31,0,regular,regular,0,
253360278,2005,14,2005-12-03,regular,Fresno State,Louisiana Tech,Western Athletic,Western Athletic,28,40,0,regular,regular,0,
253372116,2005,14,2005-12-03,regular,UCF,Tulsa,Conference USA,Conference USA,27,44,0,regular,regular,0,
253370251,2005,14,2005-12-03,regular,Colorado,Texas,Big 12,Big 12,3,70,0,regular,regular,0,
253370349,2005,14,2005-12-03,regular,Army,Navy,FBS Independents,FBS Independents,23,42,0,regular,regular,0,
253370030,2005,14,2005-12-03,regular,USC,UCLA,Pac-10,Pac-10,66,19,0,regular,regular,0,
253370099,2005,14,2005-12-03,regular,LSU,Georgia,SEC,SEC,14,34,0,regular,regular,0,
253372229,2005,14,2005-12-04,regular,Florida International,Middle Tennessee,Sun Belt,Sun Belt,35,31,0,regular,regular,0,
253370058,2005,14,2005-12-04,regular,South Florida,West Virginia,Big East,Big East,13,28,0,regular,regular,0,
253370041,2005,14,2005-12-04,regular,UConn,Louisville,Big East,Big East,20,30,0,regular,regular,0,
253370259,2005,14,2005-12-04,regular,Florida State,Virginia Tech,ACC,ACC,27,22,0,regular,regular,0,
253370062,2005,14,2005-12-04,regular,Hawai'i,San Diego State,Western Athletic,Mountain West,49,38,0,regular,regular,0,
253542032,2005,1,2005-12-21,postseason,Arkansas State,Southern Miss,Sun Belt,Conference USA,19,31,0,regular,bowl,1,
253552638,2005,1,2005-12-22,postseason,UTEP,Toledo,Conference USA,Mid-American,13,45,0,regular,bowl,1,
253560025,2005,1,2005-12-23,postseason,California,BYU,Pac-10,Mountain West,35,28,0,regular,bowl,1,
253562426,2005,1,2005-12-23,postseason,Navy,Colorado State,FBS Independents,Mountain West,51,30,0,regular,bowl,1,
253570248,2005,1,2005-12-24,postseason,Houston,Kansas,Conference USA,Big 12,13,42,0,regular,bowl,1,
253582116,2005,1,2005-12-25,postseason,UCF,Nevada,Conference USA,Western Athletic,48,49,1,regular,bowl,1,
253602006,2005,1,2005-12-26,postseason,Akron,Memphis,Mid-American,Conference USA,31,38,0,regular,bowl,1,
253610038,2005,1,2005-12-27,postseason,Colorado,Clemson,Big 12,ACC,10,19,0,regular,bowl,1,
253610164,2005,1,2005-12-28,postseason,Rutgers,Arizona State,Big East,Pac-10,40,45,0,regular,bowl,1,
253620103,2005,1,2005-12-28,postseason,Boston College,Boise State,ACC,Western Athletic,27,21,0,regular,bowl,1,
253620158,2005,1,2005-12-29,postseason,Nebraska,Michigan,Big 12,Big Ten,32,28,0,regular,bowl,1,
253630254,2005,1,2005-12-29,postseason,Utah,Georgia Tech,Mountain West,ACC,38,10,0,regular,bowl,1,
253630201,2005,1,2005-12-30,postseason,Oklahoma,Oregon,Big 12,Pac-10,17,14,0,regular,bowl,1,
253640258,2005,1,2005-12-30,postseason,Minnesota,Virginia,Big Ten,ACC,31,34,0,regular,bowl,1,
253640026,2005,1,2005-12-30,postseason,UCLA,Northwestern,Pac-10,Big Ten,50,38,0,regular,bowl,1,
253640142,2005,1,2005-12-30,postseason,Missouri,South Carolina,Big 12,SEC,38,31,0,regular,bowl,1,
253640099,2005,1,2005-12-31,postseason,LSU,Miami,SEC,ACC,40,3,0,regular,bowl,1,
253650152,2005,1,2005-12-31,postseason,NC State,South Florida,ACC,Big East,14,0,0,regular,bowl,1,
253650278,2005,1,2005-12-31,postseason,Tulsa,Fresno State,Conference USA,Western Athletic,31,24,0,regular,bowl,1,
253650066,2005,1,2005-12-31,postseason,Iowa State,TCU,Big 12,Mountain West,24,27,0,regular,bowl,1,
260020057,2005,1,2006-01-02,postseason,Florida,Iowa,SEC,Big Ten,31,24,0,regular,bowl,1,Outback Bowl
260020333,2005,1,2006-01-02,postseason,Alabama,Texas Tech,SEC,Big 12,13,10,0,regular,bowl,1,AT&T Cotton Bowl
260020259,2005,1,2006-01-02,postseason,Virginia Tech,Louisville,ACC,Big East,35,24,0,regular,bowl,1,Toyota Gator Bowl
260020002,2005,1,2006-01-02,postseason,Auburn,Wisconsin,SEC,Big Ten,10,24,0,regular,bowl,1,Capital One Bowl
260020194,2005,1,2006-01-02,postseason,Ohio State,Notre Dame,Big Ten,FBS Independents,34,20,0,regular,bowl,1,Tostitos Fiesta Bowl
260020061,2005,1,2006-01-03,postseason,Georgia,West Virginia,SEC,Big East,35,38,0,regular,bowl,1,Nokia Sugar Bowl
260030052,2005,1,2006-01-04,postseason,Florida State,Penn State,ACC,Big Ten,23,26,1,regular,bowl,1,FedEx Orange Bowl
260040030,2005,1,2006-01-05,postseason,Texas,USC,Big 12,Pac-10,41,38,0,regular,bowl,1,The Rose Bowl Game presented by Citi
