game_id,season_year,kickoff_utc,start_time_tbd
56550,1990,1990-08-26T00:00:00.000Z,0
56551,1990,1990-08-31T00:00:00.000Z,0
56552,1990,1990-09-01T00:00:00.000Z,0
56553,1990,1990-09-01T00:00:00.000Z,0
56554,1990,1990-09-01T00:00:00.000Z,0
56555,1990,1990-09-01T00:00:00.000Z,0
56556,1990,1990-09-01T00:00:00.000Z,0
56557,1990,1990-09-01T00:00:00.000Z,0
56558,1990,1990-09-01T00:00:00.000Z,0
56559,1990,1990-09-01T00:00:00.000Z,0
56560,1990,1990-09-01T00:00:00.000Z,0
56561,1990,1990-09-01T00:00:00.000Z,0
56562,1990,1990-09-01T00:00:00.000Z,0
56563,1990,1990-09-01T00:00:00.000Z,0
56564,1990,1990-09-01T00:00:00.000Z,0
56565,1990,1990-09-01T00:00:00.000Z,0
56566,1990,1990-09-01T00:00:00.000Z,0
56567,1990,1990-09-01T00:00:00.000Z,0
56568,1990,1990-09-01T00:00:00.000Z,0
56569,1990,1990-09-01T00:00:00.000Z,0
56570,1990,1990-09-01T00:00:00.000Z,0
56571,1990,1990-09-01T00:00:00.000Z,0
56572,1990,1990-09-01T00:00:00.000Z,0
56573,1990,1990-09-01T00:00:00.000Z,0
56574,1990,1990-09-01T00:00:00.000Z,0
56575,1990,1990-09-01T00:00:00.000Z,0
56576,1990,1990-09-01T00:00:00.000Z,0
56577,1990,1990-09-01T00:00:00.000Z,0
56578,1990,1990-09-01T00:00:00.000Z,0
56579,1990,1990-09-01T00:00:00.000Z,0
56580,1990,1990-09-01T00:00:00.000Z,0
56581,1990,1990-09-01T00:00:00.000Z,0
56582,1990,1990-09-01T00:00:00.000Z,0
56583,1990,1990-09-02T00:00:00.000Z,0
56584,1990,1990-09-06T00:00:00.000Z,0
56585,1990,1990-09-08T00:00:00.000Z,0
56586,1990,1990-09-08T00:00:00.000Z,0
56587,1990,1990-09-08T00:00:00.000Z,0
56588,1990,1990-09-08T00:00:00.000Z,0
56589,1990,1990-09-08T00:00:00.000Z,0
56590,1990,1990-09-08T00:00:00.000Z,0
56591,1990,1990-09-08T00:00:00.000Z,0
56592,1990,1990-09-08T00:00:00.000Z,0
56593,1990,1990-09-08T00:00:00.000Z,0
56594,1990,1990-09-08T00:00:00.000Z,0
56595,1990,1990-09-08T00:00:00.000Z,0
56596,1990,1990-09-08T00:00:00.000Z,0
56597,1990,1990-09-08T00:00:00.000Z,0
56598,1990,1990-09-08T00:00:00.000Z,0
56599,1990,1990-09-08T00:00:00.000Z,0
56600,1990,1990-09-08T00:00:00.000Z,0
56601,1990,1990-09-08T00:00:00.000Z,0
56602,1990,1990-09-08T00:00:00.000Z,0
56603,1990,1990-09-08T00:00:00.000Z,0
56604,1990,1990-09-08T00:00:00.000Z,0
56605,1990,1990-09-08T00:00:00.000Z,0
56606,1990,1990-09-08T00:00:00.000Z,0
56607,1990,1990-09-08T00:00:00.000Z,0
56608,1990,1990-09-08T00:00:00.000Z,0
56609,1990,1990-09-08T00:00:00.000Z,0
56610,1990,1990-09-08T00:00:00.000Z,0
56611,1990,1990-09-08T00:00:00.000Z,0
56612,1990,1990-09-08T00:00:00.000Z,0
56613,1990,1990-09-08T00:00:00.000Z,0
56614,1990,1990-09-08T00:00:00.000Z,0
56615,1990,1990-09-08T00:00:00.000Z,0
56616,1990,1990-09-08T00:00:00.000Z,0
56617,1990,1990-09-08T00:00:00.000Z,0
56618,1990,1990-09-08T00:00:00.000Z,0
56619,1990,1990-09-08T00:00:00.000Z,0
56620,1990,1990-09-08T00:00:00.000Z,0
56621,1990,1990-09-08T00:00:00.000Z,0
56622,1990,1990-09-08T00:00:00.000Z,0
56623,1990,1990-09-08T00:00:00.000Z,0
56624,1990,1990-09-08T00:00:00.000Z,0
56625,1990,1990-09-08T00:00:00.000Z,0
56626,1990,1990-09-08T00:00:00.000Z,0
56627,1990,1990-09-08T00:00:00.000Z,0
56628,1990,1990-09-08T00:00:00.000Z,0
56629,1990,1990-09-08T00:00:00.000Z,0
56630,1990,1990-09-08T00:00:00.000Z,0
56631,1990,1990-09-08T00:00:00.000Z,0
56632,1990,1990-09-08T00:00:00.000Z,0
56633,1990,1990-09-08T00:00:00.000Z,0
56634,1990,1990-09-08T00:00:00.000Z,0
56635,1990,1990-09-08T00:00:00.000Z,0
56636,1990,1990-09-08T00:00:00.000Z,0
56637,1990,1990-09-08T00:00:00.000Z,0
56638,1990,1990-09-13T00:00:00.000Z,0
56639,1990,1990-09-15T00:00:00.000Z,0
56640,1990,1990-09-15T00:00:00.000Z,0
56641,1990,1990-09-15T00:00:00.000Z,0
56642,1990,1990-09-15T00:00:00.000Z,0
56643,1990,1990-09-15T00:00:00.000Z,0
56644,1990,1990-09-15T00:00:00.000Z,0
56645,1990,1990-09-15T00:00:00.000Z,0
56646,1990,1990-09-15T00:00:00.000Z,0
56647,1990,1990-09-15T00:00:00.000Z,0
56648,1990,1990-09-15T00:00:00.000Z,0
56649,1990,1990-09-15T00:00:00.000Z,0
56650,1990,1990-09-15T00:00:00.000Z,0
56651,1990,1990-09-15T00:00:00.000Z,0
56652,1990,1990-09-15T00:00:00.000Z,0
56653,1990,1990-09-15T00:00:00.000Z,0
56654,1990,1990-09-15T00:00:00.000Z,0
56655,1990,1990-09-15T00:00:00.000Z,0
56656,1990,1990-09-15T00:00:00.000Z,0
56657,1990,1990-09-15T00:00:00.000Z,0
56658,1990,1990-09-15T00:00:00.000Z,0
56659,1990,1990-09-15T00:00:00.000Z,0
56660,1990,1990-09-15T00:00:00.000Z,0
56661,1990,1990-09-15T00:00:00.000Z,0
56662,1990,1990-09-15T00:00:00.000Z,0
56663,1990,1990-09-15T00:00:00.000Z,0
56664,1990,1990-09-15T00:00:00.000Z,0
56665,1990,1990-09-15T00:00:00.000Z,0
56666,1990,1990-09-15T00:00:00.000Z,0
56667,1990,1990-09-15T00:00:00.000Z,0
56668,1990,1990-09-15T00:00:00.000Z,0
56669,1990,1990-09-15T00:00:00.000Z,0
56670,1990,1990-09-15T00:00:00.000Z,0
56671,1990,1990-09-15T00:00:00.000Z,0
56672,1990,1990-09-15T00:00:00.000Z,0
56673,1990,1990-09-15T00:00:00.000Z,0
56674,1990,1990-09-15T00:00:00.000Z,0
56675,1990,1990-09-15T00:00:00.000Z,0
56676,1990,1990-09-15T00:00:00.000Z,0
56677,1990,1990-09-15T00:00:00.000Z,0
56678,1990,1990-09-15T00:00:00.000Z,0
56679,1990,1990-09-15T00:00:00.000Z,0
56680,1990,1990-09-15T00:00:00.000Z,0
56681,1990,1990-09-15T00:00:00.000Z,0
56682,1990,1990-09-15T00:00:00.000Z,0
56683,1990,1990-09-15T00:00:00.000Z,0
56684,1990,1990-09-15T00:00:00.000Z,0
56685,1990,1990-09-15T00:00:00.000Z,0
56686,1990,1990-09-15T00:00:00.000Z,0
56687,1990,1990-09-15T00:00:00.000Z,0
56688,1990,1990-09-22T00:00:00.000Z,0
56689,1990,1990-09-22T00:00:00.000Z,0
56690,1990,1990-09-22T00:00:00.000Z,0
56691,1990,1990-09-22T00:00:00.000Z,0
56692,1990,1990-09-22T00:00:00.000Z,0
56693,1990,1990-09-22T00:00:00.000Z,0
56694,1990,1990-09-22T00:00:00.000Z,0
56695,1990,1990-09-22T00:00:00.000Z,0
56696,1990,1990-09-22T00:00:00.000Z,0
56697,1990,1990-09-22T00:00:00.000Z,0
56698,1990,1990-09-22T00:00:00.000Z,0
56699,1990,1990-09-22T00:00:00.000Z,0
56700,1990,1990-09-22T00:00:00.000Z,0
56701,1990,1990-09-22T00:00:00.000Z,0
56702,1990,1990-09-22T00:00:00.000Z,0
56703,1990,1990-09-22T00:00:00.000Z,0
56704,1990,1990-09-22T00:00:00.000Z,0
56705,1990,1990-09-22T00:00:00.000Z,0
56706,1990,1990-09-22T00:00:00.000Z,0
56707,1990,1990-09-22T00:00:00.000Z,0
56708,1990,1990-09-22T00:00:00.000Z,0
56709,1990,1990-09-22T00:00:00.000Z,0
56710,1990,1990-09-22T00:00:00.000Z,0
56711,1990,1990-09-22T00:00:00.000Z,0
56712,1990,1990-09-22T00:00:00.000Z,0
56713,1990,1990-09-22T00:00:00.000Z,0
56714,1990,1990-09-22T00:00:00.000Z,0
56715,1990,1990-09-22T00:00:00.000Z,0
56716,1990,1990-09-22T00:00:00.000Z,0
56717,1990,1990-09-22T00:00:00.000Z,0
56718,1990,1990-09-22T00:00:00.000Z,0
56719,1990,1990-09-22T00:00:00.000Z,0
56720,1990,1990-09-22T00:00:00.000Z,0
56721,1990,1990-09-22T00:00:00.000Z,0
56722,1990,1990-09-22T00:00:00.000Z,0
56723,1990,1990-09-22T00:00:00.000Z,0
56724,1990,1990-09-22T00:00:00.000Z,0
56725,1990,1990-09-22T00:00:00.000Z,0
56726,1990,1990-09-22T00:00:00.000Z,0
56727,1990,1990-09-22T00:00:00.000Z,0
56728,1990,1990-09-22T00:00:00.000Z,0
56729,1990,1990-09-22T00:00:00.000Z,0
56730,1990,1990-09-22T00:00:00.000Z,0
56731,1990,1990-09-22T00:00:00.000Z,0
56732,1990,1990-09-22T00:00:00.000Z,0
56733,1990,1990-09-22T00:00:00.000Z,0
56734,1990,1990-09-22T00:00:00.000Z,0
56735,1990,1990-09-22T00:00:00.000Z,0
56736,1990,1990-09-22T00:00:00.000Z,0
56737,1990,1990-09-22T00:00:00.000Z,0
56738,1990,1990-09-22T00:00:00.000Z,0
56739,1990,1990-09-22T00:00:00.000Z,0
56740,1990,1990-09-22T00:00:00.000Z,0
56741,1990,1990-09-22T00:00:00.000Z,0
56742,1990,1990-09-29T00:00:00.000Z,0
56743,1990,1990-09-29T00:00:00.000Z,0
56744,1990,1990-09-29T00:00:00.000Z,0
56745,1990,1990-09-29T00:00:00.000Z,0
56746,1990,1990-09-29T00:00:00.000Z,0
56747,1990,1990-09-29T00:00:00.000Z,0
56748,1990,1990-09-29T00:00:00.000Z,0
56749,1990,1990-09-29T00:00:00.000Z,0
56750,1990,1990-09-29T00:00:00.000Z,0
56751,1990,1990-09-29T00:00:00.000Z,0
56752,1990,1990-09-29T00:00:00.000Z,0
56753,1990,1990-09-29T00:00:00.000Z,0
56754,1990,1990-09-29T00:00:00.000Z,0
56755,1990,1990-09-29T00:00:00.000Z,0
56756,1990,1990-09-29T00:00:00.000Z,0
56757,1990,1990-09-29T00:00:00.000Z,0
56758,1990,1990-09-29T00:00:00.000Z,0
56759,1990,1990-09-29T00:00:00.000Z,0
56760,1990,1990-09-29T00:00:00.000Z,0
56761,1990,1990-09-29T00:00:00.000Z,0
56762,1990,1990-09-29T00:00:00.000Z,0
56763,1990,1990-09-29T00:00:00.000Z,0
56764,1990,1990-09-29T00:00:00.000Z,0
56765,1990,1990-09-29T00:00:00.000Z,0
56766,1990,1990-09-29T00:00:00.000Z,0
56767,1990,1990-09-29T00:00:00.000Z,0
56768,1990,1990-09-29T00:00:00.000Z,0
56769,1990,1990-09-29T00:00:00.000Z,0
56770,1990,1990-09-29T00:00:00.000Z,0
56771,1990,1990-09-29T00:00:00.000Z,0
56772,1990,1990-09-29T00:00:00.000Z,0
56773,1990,1990-09-29T00:00:00.000Z,0
56774,1990,1990-09-29T00:00:00.000Z,0
56775,1990,1990-09-29T00:00:00.000Z,0
56776,1990,1990-09-29T00:00:00.000Z,0
56777,1990,1990-09-29T00:00:00.000Z,0
56778,1990,1990-09-29T00:00:00.000Z,0
56779,1990,1990-09-29T00:00:00.000Z,0
56780,1990,1990-09-29T00:00:00.000Z,0
56781,1990,1990-09-29T00:00:00.000Z,0
56782,1990,1990-09-29T00:00:00.000Z,0
56783,1990,1990-09-29T00:00:00.000Z,0
56784,1990,1990-09-29T00:00:00.000Z,0
56785,1990,1990-09-29T00:00:00.000Z,0
56786,1990,1990-09-29T00:00:00.000Z,0
56787,1990,1990-09-29T00:00:00.000Z,0
56788,1990,1990-09-29T00:00:00.000Z,0
56789,1990,1990-09-29T00:00:00.000Z,0
56790,1990,1990-09-29T00:00:00.000Z,0
56791,1990,1990-09-29T00:00:00.000Z,0
56792,1990,1990-10-06T00:00:00.000Z,0
56793,1990,1990-10-06T00:00:00.000Z,0
56794,1990,1990-10-06T00:00:00.000Z,0
56795,1990,1990-10-06T00:00:00.000Z,0
56796,1990,1990-10-06T00:00:00.000Z,0
56797,1990,1990-10-06T00:00:00.000Z,0
56798,1990,1990-10-06T00:00:00.000Z,0
56799,1990,1990-10-06T00:00:00.000Z,0
56800,1990,1990-10-06T00:00:00.000Z,0
56801,1990,1990-10-06T00:00:00.000Z,0
56802,1990,1990-10-06T00:00:00.000Z,0
56803,1990,1990-10-06T00:00:00.000Z,0
56804,1990,1990-10-06T00:00:00.000Z,0
56805,1990,1990-10-06T00:00:00.000Z,0
56806,1990,1990-10-06T00:00:00.000Z,0
56807,1990,1990-10-06T00:00:00.000Z,0
56808,1990,1990-10-06T00:00:00.000Z,0
56809,1990,1990-10-06T00:00:00.000Z,0
56810,1990,1990-10-06T00:00:00.000Z,0
56811,1990,1990-10-06T00:00:00.000Z,0
56812,1990,1990-10-06T00:00:00.000Z,0
56813,1990,1990-10-06T00:00:00.000Z,0
56814,1990,1990-10-06T00:00:00.000Z,0
56815,1990,1990-10-06T00:00:00.000Z,0
56816,1990,1990-10-06T00:00:00.000Z,0
56817,1990,1990-10-06T00:00:00.000Z,0
56818,1990,1990-10-06T00:00:00.000Z,0
56819,1990,1990-10-06T00:00:00.000Z,0
56820,1990,1990-10-06T00:00:00.000Z,0
56821,1990,1990-10-06T00:00:00.000Z,0
56822,1990,1990-10-06T00:00:00.000Z,0
56823,1990,1990-10-06T00:00:00.000Z,0
56824,1990,1990-10-06T00:00:00.000Z,0
56825,1990,1990-10-06T00:00:00.000Z,0
56826,1990,1990-10-06T00:00:00.000Z,0
56827,1990,1990-10-06T00:00:00.000Z,0
56828,1990,1990-10-06T00:00:00.000Z,0
56829,1990,1990-10-06T00:00:00.000Z,0
56830,1990,1990-10-06T00:00:00.000Z,0
56831,1990,1990-10-06T00:00:00.000Z,0
56832,1990,1990-10-06T00:00:00.000Z,0
56833,1990,1990-10-06T00:00:00.000Z,0
56834,1990,1990-10-06T00:00:00.000Z,0
56835,1990,1990-10-06T00:00:00.000Z,0
56836,1990,1990-10-06T00:00:00.000Z,0
56837,1990,1990-10-06T00:00:00.000Z,0
56838,1990,1990-10-06T00:00:00.000Z,0
56839,1990,1990-10-06T00:00:00.000Z,0
56840,1990,1990-10-06T00:00:00.000Z,0
56841,1990,1990-10-06T00:00:00.000Z,0
56842,1990,1990-10-06T00:00:00.000Z,0
56843,1990,1990-10-13T00:00:00.000Z,0
56844,1990,1990-10-13T00:00:00.000Z,0
56845,1990,1990-10-13T00:00:00.000Z,0
56846,1990,1990-10-13T00:00:00.000Z,0
56847,1990,1990-10-13T00:00:00.000Z,0
56848,1990,1990-10-13T00:00:00.000Z,0
56849,1990,1990-10-13T00:00:00.000Z,0
56850,1990,1990-10-13T00:00:00.000Z,0
56851,1990,1990-10-13T00:00:00.000Z,0
56852,1990,1990-10-13T00:00:00.000Z,0
56853,1990,1990-10-13T00:00:00.000Z,0
56854,1990,1990-10-13T00:00:00.000Z,0
56855,1990,1990-10-13T00:00:00.000Z,0
56856,1990,1990-10-13T00:00:00.000Z,0
56857,1990,1990-10-13T00:00:00.000Z,0
56858,1990,1990-10-13T00:00:00.000Z,0
56859,1990,1990-10-13T00:00:00.000Z,0
56860,1990,1990-10-13T00:00:00.000Z,0
56861,1990,1990-10-13T00:00:00.000Z,0
56862,1990,1990-10-13T00:00:00.000Z,0
56863,1990,1990-10-13T00:00:00.000Z,0
56864,1990,1990-10-13T00:00:00.000Z,0
56865,1990,1990-10-13T00:00:00.000Z,0
56866,1990,1990-10-13T00:00:00.000Z,0
56867,1990,1990-10-13T00:00:00.000Z,0
56868,1990,1990-10-13T00:00:00.000Z,0
56869,1990,1990-10-13T00:00:00.000Z,0
56870,1990,1990-10-13T00:00:00.000Z,0
56871,1990,1990-10-13T00:00:00.000Z,0
56872,1990,1990-10-13T00:00:00.000Z,0
56873,1990,1990-10-13T00:00:00.000Z,0
56874,1990,1990-10-13T00:00:00.000Z,0
56875,1990,1990-10-13T00:00:00.000Z,0
56876,1990,1990-10-13T00:00:00.000Z,0
56877,1990,1990-10-13T00:00:00.000Z,0
56878,1990,1990-10-13T00:00:00.000Z,0
56879,1990,1990-10-13T00:00:00.000Z,0
56880,1990,1990-10-13T00:00:00.000Z,0
56881,1990,1990-10-13T00:00:00.000Z,0
56882,1990,1990-10-13T00:00:00.000Z,0
56883,1990,1990-10-13T00:00:00.000Z,0
56884,1990,1990-10-13T00:00:00.000Z,0
56885,1990,1990-10-13T00:00:00.000Z,0
56886,1990,1990-10-13T00:00:00.000Z,0
56887,1990,1990-10-13T00:00:00.000Z,0
56888,1990,1990-10-13T00:00:00.000Z,0
56889,1990,1990-10-13T00:00:00.000Z,0
56890,1990,1990-10-13T00:00:00.000Z,0
56891,1990,1990-10-13T00:00:00.000Z,0
56892,1990,1990-10-20T00:00:00.000Z,0
56893,1990,1990-10-20T00:00:00.000Z,0
56894,1990,1990-10-20T00:00:00.000Z,0
56895,1990,1990-10-20T00:00:00.000Z,0
56896,1990,1990-10-20T00:00:00.000Z,0
56897,1990,1990-10-20T00:00:00.000Z,0
56898,1990,1990-10-20T00:00:00.000Z,0
56899,1990,1990-10-20T00:00:00.000Z,0
56900,1990,1990-10-20T00:00:00.000Z,0
56901,1990,1990-10-20T00:00:00.000Z,0
56902,1990,1990-10-20T00:00:00.000Z,0
56903,1990,1990-10-20T00:00:00.000Z,0
56904,1990,1990-10-20T00:00:00.000Z,0
56905,1990,1990-10-20T00:00:00.000Z,0
56906,1990,1990-10-20T00:00:00.000Z,0
56907,1990,1990-10-20T00:00:00.000Z,0
56908,1990,1990-10-20T00:00:00.000Z,0
56909,1990,1990-10-20T00:00:00.000Z,0
56910,1990,1990-10-20T00:00:00.000Z,0
56911,1990,1990-10-20T00:00:00.000Z,0
56912,1990,1990-10-20T00:00:00.000Z,0
56913,1990,1990-10-20T00:00:00.000Z,0
56914,1990,1990-10-20T00:00:00.000Z,0
56915,1990,1990-10-20T00:00:00.000Z,0
56916,1990,1990-10-20T00:00:00.000Z,0
56917,1990,1990-10-20T00:00:00.000Z,0
56918,1990,1990-10-20T00:00:00.000Z,0
56919,1990,1990-10-20T00:00:00.000Z,0
56920,1990,1990-10-20T00:00:00.000Z,0
56921,1990,1990-10-20T00:00:00.000Z,0
56922,1990,1990-10-20T00:00:00.000Z,0
56923,1990,1990-10-20T00:00:00.000Z,0
56924,1990,1990-10-20T00:00:00.000Z,0
56925,1990,1990-10-20T00:00:00.000Z,0
56926,1990,1990-10-20T00:00:00.000Z,0
56927,1990,1990-10-20T00:00:00.000Z,0
56928,1990,1990-10-20T00:00:00.000Z,0
56929,1990,1990-10-20T00:00:00.000Z,0
56930,1990,1990-10-20T00:00:00.000Z,0
56931,1990,1990-10-20T00:00:00.000Z,0
56932,1990,1990-10-20T00:00:00.000Z,0
56933,1990,1990-10-20T00:00:00.000Z,0
56934,1990,1990-10-20T00:00:00.000Z,0
56935,1990,1990-10-20T00:00:00.000Z,0
56936,1990,1990-10-20T00:00:00.000Z,0
56937,1990,1990-10-20T00:00:00.000Z,0
56938,1990,1990-10-20T00:00:00.000Z,0
56939,1990,1990-10-20T00:00:00.000Z,0
56940,1990,1990-10-20T00:00:00.000Z,0
56941,1990,1990-10-20T00:00:00.000Z,0
56942,1990,1990-10-20T00:00:00.000Z,0
56943,1990,1990-10-20T00:00:00.000Z,0
56944,1990,1990-10-27T00:00:00.000Z,0
56945,1990,1990-10-27T00:00:00.000Z,0
56946,1990,1990-10-27T00:00:00.000Z,0
56947,1990,1990-10-27T00:00:00.000Z,0
56948,1990,1990-10-27T00:00:00.000Z,0
56949,1990,1990-10-27T00:00:00.000Z,0
56950,1990,1990-10-27T00:00:00.000Z,0
56951,1990,1990-10-27T00:00:00.000Z,0
56952,1990,1990-10-27T00:00:00.000Z,0
56953,1990,1990-10-27T00:00:00.000Z,0
56954,1990,1990-10-27T00:00:00.000Z,0
56955,1990,1990-10-27T00:00:00.000Z,0
56956,1990,1990-10-27T00:00:00.000Z,0
56957,1990,1990-10-27T00:00:00.000Z,0
56958,1990,1990-10-27T00:00:00.000Z,0
56959,1990,1990-10-27T00:00:00.000Z,0
56960,1990,1990-10-27T00:00:00.000Z,0
56961,1990,1990-10-27T00:00:00.000Z,0
56962,1990,1990-10-27T00:00:00.000Z,0
56963,1990,1990-10-27T00:00:00.000Z,0
56964,1990,1990-10-27T00:00:00.000Z,0
56965,1990,1990-10-27T00:00:00.000Z,0
56966,1990,1990-10-27T00:00:00.000Z,0
56967,1990,1990-10-27T00:00:00.000Z,0
56968,1990,1990-10-27T00:00:00.000Z,0
56969,1990,1990-10-27T00:00:00.000Z,0
56970,1990,1990-10-27T00:00:00.000Z,0
56971,1990,1990-10-27T00:00:00.000Z,0
56972,1990,1990-10-27T00:00:00.000Z,0
56973,1990,1990-10-27T00:00:00.000Z,0
56974,1990,1990-10-27T00:00:00.000Z,0
56975,1990,1990-10-27T00:00:00.000Z,0
56976,1990,1990-10-27T00:00:00.000Z,0
56977,1990,1990-10-27T00:00:00.000Z,0
56978,1990,1990-10-27T00:00:00.000Z,0
56979,1990,1990-10-27T00:00:00.000Z,0
56980,1990,1990-10-27T00:00:00.000Z,0
56981,1990,1990-10-27T00:00:00.000Z,0
56982,1990,1990-10-27T00:00:00.000Z,0
56983,1990,1990-10-27T00:00:00.000Z,0
56984,1990,1990-10-27T00:00:00.000Z,0
56985,1990,1990-10-27T00:00:00.000Z,0
56986,1990,1990-10-27T00:00:00.000Z,0
56987,1990,1990-10-27T00:00:00.000Z,0
56988,1990,1990-10-27T00:00:00.000Z,0
56989,1990,1990-10-27T00:00:00.000Z,0
56990,1990,1990-10-27T00:00:00.000Z,0
56991,1990,1990-10-27T00:00:00.000Z,0
56992,1990,1990-10-27T00:00:00.000Z,0
56993,1990,1990-10-27T00:00:00.000Z,0
56994,1990,1990-10-29T00:00:00.000Z,0
56995,1990,1990-11-02T00:00:00.000Z,0
56996,1990,1990-11-03T00:00:00.000Z,0
56997,1990,1990-11-03T00:00:00.000Z,0
56998,1990,1990-11-03T00:00:00.000Z,0
56999,1990,1990-11-03T00:00:00.000Z,0
57000,1990,1990-11-03T00:00:00.000Z,0
57001,1990,1990-11-03T00:00:00.000Z,0
57002,1990,1990-11-03T00:00:00.000Z,0
57003,1990,1990-11-03T00:00:00.000Z,0
57004,1990,1990-11-03T00:00:00.000Z,0
57005,1990,1990-11-03T00:00:00.000Z,0
57006,1990,1990-11-03T00:00:00.000Z,0
57007,1990,1990-11-03T00:00:00.000Z,0
57008,1990,1990-11-03T00:00:00.000Z,0
57009,1990,1990-11-03T00:00:00.000Z,0
57010,1990,1990-11-03T00:00:00.000Z,0
57011,1990,1990-11-03T00:00:00.000Z,0
57012,1990,1990-11-03T00:00:00.000Z,0
57013,1990,1990-11-03T00:00:00.000Z,0
57014,1990,1990-11-03T00:00:00.000Z,0
57015,1990,1990-11-03T00:00:00.000Z,0
57016,1990,1990-11-03T00:00:00.000Z,0
57017,1990,1990-11-03T00:00:00.000Z,0
57018,1990,1990-11-03T00:00:00.000Z,0
57019,1990,1990-11-03T00:00:00.000Z,0
57020,1990,1990-11-03T00:00:00.000Z,0
57021,1990,1990-11-03T00:00:00.000Z,0
57022,1990,1990-11-03T00:00:00.000Z,0
57023,1990,1990-11-03T00:00:00.000Z,0
57024,1990,1990-11-03T00:00:00.000Z,0
57025,1990,1990-11-03T00:00:00.000Z,0
57026,1990,1990-11-03T00:00:00.000Z,0
57027,1990,1990-11-03T00:00:00.000Z,0
57028,1990,1990-11-03T00:00:00.000Z,0
57029,1990,1990-11-03T00:00:00.000Z,0
57030,1990,1990-11-03T00:00:00.000Z,0
57031,1990,1990-11-03T00:00:00.000Z,0
57032,1990,1990-11-03T00:00:00.000Z,0
57033,1990,1990-11-03T00:00:00.000Z,0
57034,1990,1990-11-03T00:00:00.000Z,0
57035,1990,1990-11-03T00:00:00.000Z,0
57036,1990,1990-11-03T00:00:00.000Z,0
57037,1990,1990-11-03T00:00:00.000Z,0
57038,1990,1990-11-03T00:00:00.000Z,0
57039,1990,1990-11-03T00:00:00.000Z,0
57040,1990,1990-11-03T00:00:00.000Z,0
57041,1990,1990-11-03T00:00:00.000Z,0
57042,1990,1990-11-03T00:00:00.000Z,0
57043,1990,1990-11-03T00:00:00.000Z,0
57044,1990,1990-11-03T00:00:00.000Z,0
57045,1990,1990-11-03T00:00:00.000Z,0
57046,1990,1990-11-10T00:00:00.000Z,0
57047,1990,1990-11-10T00:00:00.000Z,0
57048,1990,1990-11-10T00:00:00.000Z,0
57049,1990,1990-11-10T00:00:00.000Z,0
57050,1990,1990-11-10T00:00:00.000Z,0
57051,1990,1990-11-10T00:00:00.000Z,0
57052,1990,1990-11-10T00:00:00.000Z,0
57053,1990,1990-11-10T00:00:00.000Z,0
57054,1990,1990-11-10T00:00:00.000Z,0
57055,1990,1990-11-10T00:00:00.000Z,0
57056,1990,1990-11-10T00:00:00.000Z,0
57057,1990,1990-11-10T00:00:00.000Z,0
57058,1990,1990-11-10T00:00:00.000Z,0
57059,1990,1990-11-10T00:00:00.000Z,0
57060,1990,1990-11-10T00:00:00.000Z,0
57061,1990,1990-11-10T00:00:00.000Z,0
57062,1990,1990-11-10T00:00:00.000Z,0
57063,1990,1990-11-10T00:00:00.000Z,0
57064,1990,1990-11-10T00:00:00.000Z,0
57065,1990,1990-11-10T00:00:00.000Z,0
57066,1990,1990-11-10T00:00:00.000Z,0
57067,1990,1990-11-10T00:00:00.000Z,0
57068,1990,1990-11-10T00:00:00.000Z,0
57069,1990,1990-11-10T00:00:00.000Z,0
57070,1990,1990-11-10T00:00:00.000Z,0
57071,1990,1990-11-10T00:00:00.000Z,0
57072,1990,1990-11-10T00:00:00.000Z,0
57073,1990,1990-11-10T00:00:00.000Z,0
57074,1990,1990-11-10T00:00:00.000Z,0
57075,1990,1990-11-10T00:00:00.000Z,0
57076,1990,1990-11-10T00:00:00.000Z,0
57077,1990,1990-11-10T00:00:00.000Z,0
57078,1990,1990-11-10T00:00:00.000Z,0
57079,1990,1990-11-10T00:00:00.000Z,0
57080,1990,1990-11-10T00:00:00.000Z,0
57081,1990,1990-11-10T00:00:00.000Z,0
57082,1990,1990-11-10T00:00:00.000Z,0
57083,1990,1990-11-10T00:00:00.000Z,0
57084,1990,1990-11-10T00:00:00.000Z,0
57085,1990,1990-11-10T00:00:00.000Z,0
57086,1990,1990-11-10T00:00:00.000Z,0
57087,1990,1990-11-10T00:00:00.000Z,0
57088,1990,1990-11-10T00:00:00.000Z,0
57089,1990,1990-11-10T00:00:00.000Z,0
57090,1990,1990-11-10T00:00:00.000Z,0
57091,1990,1990-11-10T00:00:00.000Z,0
57092,1990,1990-11-10T00:00:00.000Z,0
57093,1990,1990-11-10T00:00:00.000Z,0
57094,1990,1990-11-10T00:00:00.000Z,0
57095,1990,1990-11-10T00:00:00.000Z,0
57096,1990,1990-11-10T00:00:00.000Z,0
57097,1990,1990-11-17T00:00:00.000Z,0
57098,1990,1990-11-17T00:00:00.000Z,0
57099,1990,1990-11-17T00:00:00.000Z,0
57100,1990,1990-11-17T00:00:00.000Z,0
57101,1990,1990-11-17T00:00:00.000Z,0
57102,1990,1990-11-17T00:00:00.000Z,0
57103,1990,1990-11-17T00:00:00.000Z,0
57104,1990,1990-11-17T00:00:00.000Z,0
57105,1990,1990-11-17T00:00:00.000Z,0
57106,1990,1990-11-17T00:00:00.000Z,0
57107,1990,1990-11-17T00:00:00.000Z,0
57108,1990,1990-11-17T00:00:00.000Z,0
57109,1990,1990-11-17T00:00:00.000Z,0
57110,1990,1990-11-17T00:00:00.000Z,0
57111,1990,1990-11-17T00:00:00.000Z,0
57112,1990,1990-11-17T00:00:00.000Z,0
57113,1990,1990-11-17T00:00:00.000Z,0
57114,1990,1990-11-17T00:00:00.000Z,0
57115,1990,1990-11-17T00:00:00.000Z,0
57116,1990,1990-11-17T00:00:00.000Z,0
57117,1990,1990-11-17T00:00:00.000Z,0
57118,1990,1990-11-17T00:00:00.000Z,0
57119,1990,1990-11-17T00:00:00.000Z,0
57120,1990,1990-11-17T00:00:00.000Z,0
57121,1990,1990-11-17T00:00:00.000Z,0
57122,1990,1990-11-17T00:00:00.000Z,0
57123,1990,1990-11-17T00:00:00.000Z,0
57124,1990,1990-11-17T00:00:00.000Z,0
57125,1990,1990-11-17T00:00:00.000Z,0
57126,1990,1990-11-17T00:00:00.000Z,0
57127,1990,1990-11-17T00:00:00.000Z,0
57128,1990,1990-11-17T00:00:00.000Z,0
57129,1990,1990-11-17T00:00:00.000Z,0
57130,1990,1990-11-17T00:00:00.000Z,0
57131,1990,1990-11-17T00:00:00.000Z,0
57132,1990,1990-11-17T00:00:00.000Z,0
57133,1990,1990-11-17T00:00:00.000Z,0
57134,1990,1990-11-17T00:00:00.000Z,0
57135,1990,1990-11-17T00:00:00.000Z,0
57136,1990,1990-11-17T00:00:00.000Z,0
57137,1990,1990-11-17T00:00:00.000Z,0
57138,1990,1990-11-17T00:00:00.000Z,0
57139,1990,1990-11-17T00:00:00.000Z,0
57140,1990,1990-11-17T00:00:00.000Z,0
57141,1990,1990-11-17T00:00:00.000Z,0
57142,1990,1990-11-17T00:00:00.000Z,0
57143,1990,1990-11-17T00:00:00.000Z,0
57144,1990,1990-11-17T00:00:00.000Z,0
57145,1990,1990-11-22T00:00:00.000Z,0
57146,1990,1990-11-23T00:00:00.000Z,0
57147,1990,1990-11-24T00:00:00.000Z,0
57148,1990,1990-11-24T00:00:00.000Z,0
57149,1990,1990-11-24T00:00:00.000Z,0
57150,1990,1990-11-24T00:00:00.000Z,0
57151,1990,1990-11-24T00:00:00.000Z,0
57152,1990,1990-11-24T00:00:00.000Z,0
57153,1990,1990-11-24T00:00:00.000Z,0
57154,1990,1990-11-24T00:00:00.000Z,0
57155,1990,1990-11-24T00:00:00.000Z,0
57156,1990,1990-11-24T00:00:00.000Z,0
57157,1990,1990-11-24T00:00:00.000Z,0
57158,1990,1990-11-24T00:00:00.000Z,0
57159,1990,1990-11-24T00:00:00.000Z,0
57160,1990,1990-11-24T00:00:00.000Z,0
57161,1990,1990-11-24T00:00:00.000Z,0
57162,1990,1990-11-24T00:00:00.000Z,0
57163,1990,1990-11-24T00:00:00.000Z,0
57164,1990,1990-11-24T00:00:00.000Z,0
57165,1990,1990-11-24T00:00:00.000Z,0
57166,1990,1990-11-24T00:00:00.000Z,0
57167,1990,1990-11-24T00:00:00.000Z,0
57168,1990,1990-12-01T00:00:00.000Z,0
57169,1990,1990-12-01T00:00:00.000Z,0
57170,1990,1990-12-01T00:00:00.000Z,0
57171,1990,1990-12-01T00:00:00.000Z,0
57172,1990,1990-12-01T00:00:00.000Z,0
57173,1990,1990-12-01T00:00:00.000Z,0
57174,1990,1990-12-01T00:00:00.000Z,0
57175,1990,1990-12-02T00:00:00.000Z,0
57176,1990,1990-12-08T00:00:00.000Z,0
57177,1990,1990-12-08T00:00:00.000Z,0
57178,1990,1990-12-15T00:00:00.000Z,0
57179,1990,1990-12-25T00:00:00.000Z,0
57180,1990,1990-12-27T00:00:00.000Z,0
57181,1990,1990-12-28T00:00:00.000Z,0
57182,1990,1990-12-28T00:00:00.000Z,0
57183,1990,1990-12-29T00:00:00.000Z,0
57184,1990,1990-12-29T00:00:00.000Z,0
57185,1990,1990-12-29T00:00:00.000Z,0
57186,1990,1990-12-31T00:00:00.000Z,0
57187,1990,1990-12-31T00:00:00.000Z,0
57188,1990,1991-01-01T00:00:00.000Z,0
57189,1990,1991-01-01T00:00:00.000Z,0
57190,1990,1991-01-01T00:00:00.000Z,0
57191,1990,1991-01-01T00:00:00.000Z,0
57192,1990,1991-01-01T00:00:00.000Z,0
57193,1990,1991-01-01T00:00:00.000Z,0
57194,1990,1991-01-01T00:00:00.000Z,0
57195,1990,1991-01-01T00:00:00.000Z,0
