game_id,season_year,week,kickoff_utc,start_time_tbd,season_type,home_team,away_team,neutral_site,game_phase,notes
401869941,2026,4,2026-09-24T23:30:00.000Z,0,regular,Coastal Carolina,Liberty,0,regular,
401862779,2026,4,2026-09-25T20:00:00.000Z,0,regular,Temple,Army,0,regular,
401862778,2026,4,2026-09-25T23:00:00.000Z,0,regular,UAB,Navy,0,regular,
401858461,2026,4,2026-09-26T00:00:00.000Z,0,regular,Indiana,Northwestern,0,regular,
401858234,2026,4,2026-09-26T02:30:00.000Z,0,regular,California,Clemson,0,regular,
401856704,2026,4,2026-09-26T16:00:00.000Z,0,regular,Tennessee,Texas,0,regular,
401860893,2026,4,2026-09-26T16:00:00.000Z,0,regular,Toledo,San Diego State,0,regular,
401856805,2026,4,2026-09-26T16:00:00.000Z,0,regular,Texas Tech,Sam Houston,0,regular,
401856813,2026,4,2026-09-26T16:00:00.000Z,0,regular,Baylor,Colorado,0,regular,
401858242,2026,4,2026-09-26T16:00:00.000Z,0,regular,Boston College,Virginia Tech,0,regular,
401858465,2026,4,2026-09-26T16:00:00.000Z,0,regular,Ohio State,Illinois,0,regular,
401860896,2026,4,2026-09-26T16:00:00.000Z,0,regular,UTSA,Colorado State,0,regular,
401864512,2026,4,2026-09-26T16:00:00.000Z,0,regular,Akron,UNLV,0,regular,
401866425,2026,4,2026-09-26T16:00:00.000Z,0,regular,Kent State,Ball State,0,regular,
401858243,2026,4,2026-09-26T16:00:00.000Z,0,regular,Louisville,Wake Forest,0,regular,
401864576,2026,4,2026-09-26T16:45:00.000Z,0,regular,Kentucky,South Alabama,0,regular,
401858462,2026,4,2026-09-26T17:30:00.000Z,0,regular,Maryland,UCLA,0,regular,
401864511,2026,4,2026-09-26T18:00:00.000Z,0,regular,Georgia State,Northern Illinois,0,regular,
401858467,2026,4,2026-09-26T18:00:00.000Z,0,regular,Purdue,Notre Dame,0,regular,
401864510,2026,4,2026-09-26T19:00:00.000Z,0,regular,Wyoming,Hawai'i,0,regular,
401858463,2026,4,2026-09-26T19:30:00.000Z,0,regular,Michigan,Iowa,0,regular,
401856815,2026,4,2026-09-26T19:30:00.000Z,0,regular,UCF,TCU,0,regular,
401856700,2026,4,2026-09-26T19:30:00.000Z,0,regular,Georgia,Oklahoma,0,regular,
401856699,2026,4,2026-09-26T19:30:00.000Z,0,regular,Florida,Ole Miss,0,regular,
401856816,2026,4,2026-09-26T19:30:00.000Z,0,regular,Iowa State,Utah,0,regular,
401860897,2026,4,2026-09-26T19:30:00.000Z,0,regular,Western Michigan,Boise State,0,regular,
401861970,2026,4,2026-09-26T19:30:00.000Z,0,regular,Miami (OH),UConn,0,regular,
401864579,2026,4,2026-09-26T19:30:00.000Z,0,regular,New Mexico State,New Mexico,0,regular,
401856806,2026,4,2026-09-26T20:00:00.000Z,0,regular,Georgia Southern,Houston,0,regular,
401856698,2026,4,2026-09-26T20:15:00.000Z,0,regular,Auburn,Vanderbilt,0,regular,
401858464,2026,4,2026-09-26T21:00:00.000Z,0,regular,Michigan State,Nebraska,0,regular,
401858466,2026,4,2026-09-26T21:00:00.000Z,0,regular,Penn State,Wisconsin,0,regular,
401862785,2026,4,2026-09-26T21:00:00.000Z,0,regular,Bowling Green,South Florida,0,regular,
401869961,2026,4,2026-09-26T22:00:00.000Z,0,regular,Old Dominion,James Madison,0,regular,
401858239,2026,4,2026-09-26T22:00:00.000Z,0,regular,Virginia,Delaware,0,regular,
401858238,2026,4,2026-09-26T22:30:00.000Z,0,regular,Miami,Central Michigan,0,regular,
401862780,2026,4,2026-09-26T22:30:00.000Z,0,regular,Charlotte,Louisiana,0,regular,
401871048,2026,4,2026-09-26T23:00:00.000Z,0,regular,Jacksonville State,Middle Tennessee,0,regular,
401869931,2026,4,2026-09-26T23:00:00.000Z,0,regular,Arkansas State,Kennesaw State,0,regular,
401862784,2026,4,2026-09-26T23:00:00.000Z,0,regular,Tulane,Southern Miss,0,regular,
401856881,2026,4,2026-09-26T23:00:00.000Z,0,regular,West Virginia,Oklahoma State,0,regular,
401856814,2026,4,2026-09-26T23:00:00.000Z,0,regular,Cincinnati,Kansas State,0,regular,
401856696,2026,4,2026-09-26T23:00:00.000Z,0,regular,Alabama,South Carolina,0,regular,
401856804,2026,4,2026-09-26T23:30:00.000Z,0,regular,Washington State,Arizona,0,regular,
401864572,2026,4,2026-09-26T23:30:00.000Z,0,regular,NC State,App State,0,regular,
401856702,2026,4,2026-09-26T23:30:00.000Z,0,regular,LSU,Texas A&M,0,regular,
401860894,2026,4,2026-09-26T23:30:00.000Z,0,regular,Utah State,Troy,0,regular,
401858469,2026,4,2026-09-26T23:30:00.000Z,0,regular,USC,Oregon,0,regular,
401856703,2026,4,2026-09-26T23:45:00.000Z,0,regular,Mississippi State,Missouri,0,regular,
401862782,2026,4,2026-09-27T00:00:00.000Z,0,regular,UL Monroe,Florida Atlantic,0,regular,
401856697,2026,4,2026-09-27T00:00:00.000Z,0,regular,Arkansas,Tulsa,0,regular,
401860895,2026,4,2026-09-27T01:00:00.000Z,0,regular,UTEP,Oregon State,0,regular,
401866429,2026,4,2026-09-27T01:00:00.000Z,0,regular,Sacramento State,Massachusetts,0,regular,
401858241,2026,4,2026-09-27T01:00:00.000Z,0,regular,SMU,Missouri State,0,regular,
401860891,2026,4,2026-09-27T02:00:00.000Z,0,regular,Fresno State,Rice,0,regular,
401858240,2026,4,2026-09-27T02:30:00.000Z,0,regular,Stanford,Georgia Tech,0,regular,
401864509,2026,4,2026-09-27T02:30:00.000Z,0,regular,Nevada,Air Force,0,regular,
401858470,2026,4,2026-09-27T03:00:00.000Z,0,regular,Washington,Minnesota,0,regular,
401871049,2026,5,2026-10-02T00:00:00.000Z,0,regular,New Mexico State,Western Kentucky,0,regular,
401862786,2026,5,2026-10-02T01:00:00.000Z,0,regular,Tulsa,North Texas,0,regular,
401871050,2026,5,2026-10-02T23:00:00.000Z,0,regular,Delaware,Liberty,0,regular,
401858245,2026,5,2026-10-02T23:00:00.000Z,0,regular,Virginia Tech,Pittsburgh,0,regular,
401858476,2026,5,2026-10-03T00:00:00.000Z,0,regular,Northwestern,Penn State,0,regular,
401858250,2026,5,2026-10-03T04:00:00.000Z,1,regular,North Carolina,Notre Dame,0,regular,
401858249,2026,5,2026-10-03T04:00:00.000Z,1,regular,Clemson,Miami,0,regular,
401856705,2026,5,2026-10-03T04:00:00.000Z,1,regular,Georgia,Vanderbilt,0,regular,EARLY: Noon - 1pm ET start
401856707,2026,5,2026-10-03T04:00:00.000Z,1,regular,Mississippi State,Alabama,0,regular,EARLY: Noon - 1pm ET start
401858251,2026,5,2026-10-03T16:00:00.000Z,0,regular,Wake Forest,Stanford,0,regular,
401858246,2026,5,2026-10-03T16:00:00.000Z,0,regular,SMU,Boston College,0,regular,
401862791,2026,5,2026-10-03T16:00:00.000Z,0,regular,Air Force,Navy,0,regular,
401856819,2026,5,2026-10-03T16:00:00.000Z,0,regular,Houston,UCF,0,regular,
401856807,2026,5,2026-10-03T16:00:00.000Z,0,regular,Kansas,Middle Tennessee,0,regular,
401858252,2026,5,2026-10-03T16:00:00.000Z,0,regular,UConn,Syracuse,0,regular,
401858474,2026,5,2026-10-03T16:00:00.000Z,0,regular,Minnesota,Michigan,0,regular,
401856822,2026,5,2026-10-03T16:00:00.000Z,0,regular,Iowa State,West Virginia,0,regular,
401858479,2026,5,2026-10-03T16:30:00.000Z,0,regular,Wisconsin,Michigan State,0,regular,
401866432,2026,5,2026-10-03T17:00:00.000Z,0,regular,Buffalo,Western Michigan,0,regular,
401866431,2026,5,2026-10-03T18:00:00.000Z,0,regular,Ball State,Toledo,0,regular,
401866434,2026,5,2026-10-03T19:30:00.000Z,0,regular,Kent State,Ohio,0,regular,
401866430,2026,5,2026-10-03T19:30:00.000Z,0,regular,Central Michigan,Akron,0,regular,
401856708,2026,5,2026-10-03T19:30:00.000Z,0,regular,Missouri,Florida,0,regular,
401856710,2026,5,2026-10-03T19:30:00.000Z,0,regular,Tennessee,Auburn,0,regular,
401862787,2026,5,2026-10-03T19:30:00.000Z,0,regular,Charlotte,Memphis,0,regular,
401866433,2026,5,2026-10-03T19:30:00.000Z,0,regular,Massachusetts,Eastern Michigan,0,regular,
401866477,2026,5,2026-10-03T19:30:00.000Z,0,regular,Miami (OH),Bowling Green,0,regular,
401858253,2026,5,2026-10-03T19:30:00.000Z,0,regular,Florida State,Virginia,0,regular,
401858473,2026,5,2026-10-03T19:30:00.000Z,0,regular,Iowa,Ohio State,0,regular,
401858248,2026,5,2026-10-03T19:30:00.000Z,0,regular,NC State,Louisville,0,regular,
401869956,2026,5,2026-10-03T19:30:00.000Z,0,regular,Georgia State,Old Dominion,0,regular,
401858247,2026,5,2026-10-03T19:30:00.000Z,0,regular,UNLV,California,0,regular,
401864515,2026,5,2026-10-03T19:30:00.000Z,0,regular,North Dakota State,Wyoming,0,regular,
401869962,2026,5,2026-10-03T19:45:00.000Z,0,regular,James Madison,Marshall,0,regular,
401858475,2026,5,2026-10-03T20:00:00.000Z,0,regular,Nebraska,Maryland,0,regular,
401864514,2026,5,2026-10-03T20:00:00.000Z,0,regular,New Mexico,UTEP,0,regular,
401858472,2026,5,2026-10-03T20:15:00.000Z,0,regular,Illinois,Purdue,0,regular,
401856709,2026,5,2026-10-03T20:15:00.000Z,0,regular,South Carolina,Kentucky,0,regular,
401860899,2026,5,2026-10-03T22:00:00.000Z,0,regular,Colorado State,Oregon State,0,regular,
401862788,2026,5,2026-10-03T23:00:00.000Z,0,regular,Rice,UTSA,0,regular,
401869942,2026,5,2026-10-03T23:00:00.000Z,0,regular,Coastal Carolina,Georgia Southern,0,regular,
401856818,2026,5,2026-10-03T23:00:00.000Z,0,regular,TCU,BYU,0,regular,
401856711,2026,5,2026-10-03T23:00:00.000Z,0,regular,Texas A&M,Arkansas,0,regular,
401871089,2026,5,2026-10-03T23:00:00.000Z,0,regular,South Alabama,UL Monroe,0,regular,
401869842,2026,5,2026-10-03T23:30:00.000Z,0,regular,Louisiana Tech,Army,0,regular,
401856821,2026,5,2026-10-03T23:30:00.000Z,0,regular,Colorado,Texas Tech,0,regular,
401862792,2026,5,2026-10-03T23:30:00.000Z,0,regular,South Florida,Temple,0,regular,
401860898,2026,5,2026-10-03T23:30:00.000Z,0,regular,Boise State,Utah State,0,regular,
401858478,2026,5,2026-10-03T23:30:00.000Z,0,regular,USC,Washington,0,regular,
401858477,2026,5,2026-10-04T00:00:00.000Z,0,regular,Rutgers,Indiana,0,regular,
401869932,2026,5,2026-10-04T00:00:00.000Z,0,regular,Louisiana,Arkansas State,0,regular,
401860921,2026,5,2026-10-04T01:30:00.000Z,0,regular,Washington State,Fresno State,0,regular,
401856817,2026,5,2026-10-04T02:30:00.000Z,0,regular,Arizona State,Baylor,0,regular,
401860900,2026,5,2026-10-04T02:30:00.000Z,0,regular,San Diego State,Texas State,0,regular,
401856820,2026,5,2026-10-04T03:00:00.000Z,0,regular,Arizona,Cincinnati,0,regular,
401864513,2026,5,2026-10-04T03:59:00.000Z,0,regular,Hawai'i,San José State,0,regular,
401871090,2026,6,2026-10-07T00:00:00.000Z,0,regular,Troy,Southern Miss,0,regular,
401871051,2026,6,2026-10-07T23:00:00.000Z,0,regular,Kennesaw State,Jacksonville State,0,regular,
401871066,2026,6,2026-10-07T23:30:00.000Z,0,regular,Florida International,New Mexico State,0,regular,
401870766,2026,6,2026-10-08T23:00:00.000Z,0,regular,Liberty,Sam Houston,0,regular,
401871052,2026,6,2026-10-08T23:00:00.000Z,0,regular,Western Kentucky,Missouri State,0,regular,
401869933,2026,6,2026-10-08T23:30:00.000Z,0,regular,Arkansas State,South Alabama,0,regular,
401862794,2026,6,2026-10-08T23:30:00.000Z,0,regular,UTSA,South Florida,0,regular,
401858254,2026,6,2026-10-09T23:00:00.000Z,0,regular,Louisville,Florida State,0,regular,
401860922,2026,6,2026-10-10T01:00:00.000Z,0,regular,Utah State,Washington State,0,regular,
401864519,2026,6,2026-10-10T01:00:00.000Z,0,regular,San José State,Wyoming,0,regular,
401858487,2026,6,2026-10-10T01:00:00.000Z,0,regular,Washington,Iowa,0,regular,
401856826,2026,6,2026-10-10T02:15:00.000Z,0,regular,BYU,Iowa State,0,regular,
401858259,2026,6,2026-10-10T04:00:00.000Z,1,regular,California,Virginia Tech,0,regular,
401862796,2026,6,2026-10-10T04:00:00.000Z,1,regular,North Texas,Charlotte,0,regular,
401866438,2026,6,2026-10-10T04:00:00.000Z,1,regular,Ohio,Central Michigan,0,regular,
401858482,2026,6,2026-10-10T04:00:00.000Z,1,regular,Northwestern,Ball State,0,regular,
401858480,2026,6,2026-10-10T04:00:00.000Z,1,regular,Michigan State,Illinois,0,regular,
401856823,2026,6,2026-10-10T04:00:00.000Z,1,regular,West Virginia,Arizona,0,regular,
401858486,2026,6,2026-10-10T04:00:00.000Z,1,regular,Purdue,Minnesota,0,regular,
401862798,2026,6,2026-10-10T04:00:00.000Z,1,regular,Memphis,UAB,0,regular,
401866439,2026,6,2026-10-10T04:00:00.000Z,1,regular,Western Michigan,Kent State,0,regular,
401869843,2026,6,2026-10-10T04:00:00.000Z,1,regular,App State,Old Dominion,0,regular,
401869943,2026,6,2026-10-10T04:00:00.000Z,1,regular,Marshall,Coastal Carolina,0,regular,
401869965,2026,6,2026-10-10T04:00:00.000Z,1,regular,Louisiana Tech,Louisiana,0,regular,
401861964,2026,6,2026-10-10T04:00:00.000Z,1,regular,Temple,UConn,0,regular,
401856712,2026,6,2026-10-10T04:00:00.000Z,1,regular,Alabama,Georgia,0,regular,NIGHT: 6 - 8pm ET start
401856713,2026,6,2026-10-10T04:00:00.000Z,1,regular,Arkansas,Tennessee,0,regular,FLEX: 3:30 - 4:30pm OR 6 - 8pm ET start
401866437,2026,6,2026-10-10T04:00:00.000Z,1,regular,Toledo,Buffalo,0,regular,
401864517,2026,6,2026-10-10T04:00:00.000Z,1,regular,UTEP,Nevada,0,regular,
401856714,2026,6,2026-10-10T04:00:00.000Z,1,regular,Florida,South Carolina,0,regular,EARLY: Noon - 1pm ET start
401856715,2026,6,2026-10-10T04:00:00.000Z,1,regular,Kentucky,LSU,0,regular,NIGHT: 6 - 8pm ET start
401856716,2026,6,2026-10-10T04:00:00.000Z,1,regular,Missouri,Texas A&M,0,regular,EARLY: Noon - 1pm ET start
401856718,2026,6,2026-10-10T04:00:00.000Z,1,regular,Vanderbilt,Ole Miss,0,regular,FLEX: 3:30 - 4:30pm OR 6 - 8pm ET start
401856824,2026,6,2026-10-10T04:00:00.000Z,1,regular,Oklahoma State,UCF,0,regular,
401856827,2026,6,2026-10-10T04:00:00.000Z,1,regular,Utah,Kansas,0,regular,
401858256,2026,6,2026-10-10T04:00:00.000Z,1,regular,Pittsburgh,North Carolina,0,regular,
401858260,2026,6,2026-10-10T04:00:00.000Z,1,regular,NC State,Wake Forest,0,regular,
401858481,2026,6,2026-10-10T04:00:00.000Z,1,regular,Nebraska,Indiana,0,regular,
401858483,2026,6,2026-10-10T04:00:00.000Z,1,regular,Ohio State,Maryland,0,regular,
401858484,2026,6,2026-10-10T04:00:00.000Z,1,regular,Oregon,UCLA,0,regular,
401862797,2026,6,2026-10-10T04:00:00.000Z,1,regular,East Carolina,Rice,0,regular,
401858258,2026,6,2026-10-10T04:00:00.000Z,1,regular,Virginia,Syracuse,0,regular,
401866440,2026,6,2026-10-10T04:00:00.000Z,1,regular,Massachusetts,Miami (OH),0,regular,
401856825,2026,6,2026-10-10T04:00:00.000Z,1,regular,Kansas State,Houston,0,regular,
401858485,2026,6,2026-10-10T04:00:00.000Z,1,regular,Penn State,USC,0,regular,
401866436,2026,6,2026-10-10T04:00:00.000Z,1,regular,Bowling Green,Sacramento State,0,regular,
401858255,2026,6,2026-10-10T04:00:00.000Z,1,regular,Georgia Tech,Duke,0,regular,
401856808,2026,6,2026-10-10T04:00:00.000Z,1,regular,Arizona State,Hawai'i,0,regular,
401869949,2026,6,2026-10-10T04:00:00.000Z,1,regular,Georgia Southern,James Madison,0,regular,
401862795,2026,6,2026-10-10T16:00:00.000Z,0,regular,Army,Tulane,0,regular,
401862799,2026,6,2026-10-10T19:30:00.000Z,0,regular,Navy,Tulsa,0,regular,
401858257,2026,6,2026-10-10T19:30:00.000Z,0,regular,Notre Dame,Stanford,0,regular,
401856717,2026,6,2026-10-10T19:30:00.000Z,0,regular,Oklahoma,Texas,1,regular,
401866435,2026,6,2026-10-10T19:30:00.000Z,0,regular,Akron,Eastern Michigan,0,regular,
401860902,2026,6,2026-10-10T22:00:00.000Z,0,regular,Oregon State,San Diego State,0,regular,
401864518,2026,6,2026-10-10T23:00:00.000Z,0,regular,UNLV,North Dakota State,0,regular,
401864516,2026,6,2026-10-10T23:30:00.000Z,0,regular,Northern Illinois,Air Force,0,regular,
401860901,2026,6,2026-10-11T02:30:00.000Z,0,regular,Fresno State,Boise State,0,regular,
401871067,2026,7,2026-10-13T23:00:00.000Z,0,regular,Middle Tennessee,Delaware,0,regular,
401871053,2026,7,2026-10-14T00:00:00.000Z,0,regular,Jacksonville State,Florida International,0,regular,
401871054,2026,7,2026-10-14T23:30:00.000Z,0,regular,Missouri State,Kennesaw State,0,regular,
401871068,2026,7,2026-10-15T00:00:00.000Z,0,regular,Sam Houston,Western Kentucky,0,regular,
401869950,2026,7,2026-10-15T23:30:00.000Z,0,regular,Old Dominion,Georgia Southern,0,regular,
401862800,2026,7,2026-10-15T23:30:00.000Z,0,regular,UAB,East Carolina,0,regular,
401860923,2026,7,2026-10-16T00:00:00.000Z,0,regular,Texas State,Colorado State,0,regular,
401862801,2026,7,2026-10-16T23:30:00.000Z,0,regular,Tulane,Memphis,0,regular,
401858493,2026,7,2026-10-17T00:00:00.000Z,0,regular,Purdue,Washington,0,regular,
401869844,2026,7,2026-10-17T00:00:00.000Z,0,regular,Coastal Carolina,App State,0,regular,
401862803,2026,7,2026-10-17T04:00:00.000Z,1,regular,Temple,Charlotte,0,regular,
401862805,2026,7,2026-10-17T04:00:00.000Z,1,regular,Rice,Tulsa,0,regular,
401856809,2026,7,2026-10-17T04:00:00.000Z,1,regular,BYU,Notre Dame,0,regular,
401858489,2026,7,2026-10-17T04:00:00.000Z,1,regular,Maryland,Rutgers,0,regular,
401858265,2026,7,2026-10-17T04:00:00.000Z,1,regular,Syracuse,Louisville,0,regular,
401858266,2026,7,2026-10-17T04:00:00.000Z,1,regular,Duke,North Carolina,0,regular,
401856832,2026,7,2026-10-17T04:00:00.000Z,1,regular,Baylor,TCU,0,regular,
401862804,2026,7,2026-10-17T04:00:00.000Z,1,regular,UTSA,Navy,0,regular,
401866442,2026,7,2026-10-17T04:00:00.000Z,1,regular,Buffalo,Massachusetts,0,regular,
401866443,2026,7,2026-10-17T04:00:00.000Z,1,regular,Central Michigan,Western Michigan,0,regular,
401866444,2026,7,2026-10-17T04:00:00.000Z,1,regular,Eastern Michigan,Toledo,0,regular,
401869957,2026,7,2026-10-17T04:00:00.000Z,1,regular,James Madison,Georgia State,0,regular,
401864521,2026,7,2026-10-17T04:00:00.000Z,1,regular,Hawai'i,New Mexico,0,regular,
401866441,2026,7,2026-10-17T04:00:00.000Z,1,regular,Bowling Green,Ball State,0,regular,
401866478,2026,7,2026-10-17T04:00:00.000Z,1,regular,Miami (OH),Akron,0,regular,
401866445,2026,7,2026-10-17T04:00:00.000Z,1,regular,Sacramento State,Ohio,0,regular,
401869934,2026,7,2026-10-17T04:00:00.000Z,1,regular,Southern Miss,Arkansas State,0,regular,
401856719,2026,7,2026-10-17T04:00:00.000Z,1,regular,Georgia,Auburn,0,regular,AFTERNOON: 3:30 - 4:30pm ET start
401856722,2026,7,2026-10-17T04:00:00.000Z,1,regular,Oklahoma,Kentucky,0,regular,FLEX: 3:30 - 4:30pm OR 6 - 8pm ET start
401856723,2026,7,2026-10-17T04:00:00.000Z,1,regular,Tennessee,Alabama,0,regular,FLEX: 3:30 - 4:30pm OR 6 - 8pm ET start
401856724,2026,7,2026-10-17T04:00:00.000Z,1,regular,Texas,Florida,0,regular,EARLY: Noon - 1pm ET start
401856829,2026,7,2026-10-17T04:00:00.000Z,1,regular,West Virginia,Cincinnati,0,regular,
401856833,2026,7,2026-10-17T04:00:00.000Z,1,regular,Colorado,Utah,0,regular,
401858263,2026,7,2026-10-17T04:00:00.000Z,1,regular,Miami,Florida State,0,regular,
401858264,2026,7,2026-10-17T04:00:00.000Z,1,regular,Virginia Tech,Georgia Tech,0,regular,
401858267,2026,7,2026-10-17T04:00:00.000Z,1,regular,Boston College,Pittsburgh,0,regular,
401858268,2026,7,2026-10-17T04:00:00.000Z,1,regular,SMU,Virginia,0,regular,
401858488,2026,7,2026-10-17T04:00:00.000Z,1,regular,Indiana,Ohio State,0,regular,
401858490,2026,7,2026-10-17T04:00:00.000Z,1,regular,Michigan,Penn State,0,regular,
401856726,2026,7,2026-10-17T04:00:00.000Z,1,regular,Vanderbilt,Arkansas,0,regular,FLEX: 3:30 - 4:30pm OR 6 - 8pm ET start
401856828,2026,7,2026-10-17T04:00:00.000Z,1,regular,Texas Tech,Arizona State,0,regular,
401858491,2026,7,2026-10-17T04:00:00.000Z,1,regular,Michigan State,Northwestern,0,regular,
401869966,2026,7,2026-10-17T04:00:00.000Z,1,regular,Louisiana,Troy,0,regular,
401858494,2026,7,2026-10-17T04:00:00.000Z,1,regular,UCLA,Wisconsin,0,regular,
401858492,2026,7,2026-10-17T04:00:00.000Z,1,regular,Oregon,Nebraska,0,regular,
401871091,2026,7,2026-10-17T04:00:00.000Z,1,regular,UL Monroe,Louisiana Tech,0,regular,
401856720,2026,7,2026-10-17T04:00:00.000Z,1,regular,LSU,Mississippi State,0,regular,EARLY: Noon - 1pm ET start
401858269,2026,7,2026-10-17T04:00:00.000Z,1,regular,California,Wake Forest,0,regular,
401856721,2026,7,2026-10-17T04:00:00.000Z,1,regular,Ole Miss,Missouri,0,regular,AFTERNOON: 3:30 - 4:30pm ET start
401856830,2026,7,2026-10-17T04:00:00.000Z,1,regular,Kansas State,Kansas,0,regular,
401856831,2026,7,2026-10-17T04:00:00.000Z,1,regular,Houston,Oklahoma State,0,regular,
401862806,2026,7,2026-10-17T04:00:00.000Z,1,regular,South Florida,Kent State,0,regular,
401862802,2026,7,2026-10-17T16:00:00.000Z,0,regular,Army,Florida Atlantic,0,regular,
401864522,2026,7,2026-10-17T19:30:00.000Z,0,regular,Wyoming,Northern Illinois,0,regular,
401864524,2026,7,2026-10-17T19:30:00.000Z,0,regular,Air Force,UNLV,0,regular,
401860903,2026,7,2026-10-17T22:00:00.000Z,0,regular,Oregon State,Washington State,0,regular,
401864520,2026,7,2026-10-17T23:00:00.000Z,0,regular,North Dakota State,Nevada,0,regular,
401864523,2026,7,2026-10-18T01:00:00.000Z,0,regular,UTEP,San José State,0,regular,
401860904,2026,7,2026-10-18T02:30:00.000Z,0,regular,San Diego State,Fresno State,0,regular,
401871055,2026,8,2026-10-20T23:00:00.000Z,0,regular,Florida International,Middle Tennessee,0,regular,
401871069,2026,8,2026-10-20T23:00:00.000Z,0,regular,Delaware,Missouri State,0,regular,
401871092,2026,8,2026-10-20T23:30:00.000Z,0,regular,Marshall,South Alabama,0,regular,
401871070,2026,8,2026-10-22T00:00:00.000Z,0,regular,Sam Houston,New Mexico State,0,regular,
401869845,2026,8,2026-10-22T23:00:00.000Z,0,regular,App State,James Madison,0,regular,
401871056,2026,8,2026-10-22T23:00:00.000Z,0,regular,Kennesaw State,Liberty,0,regular,
401862807,2026,8,2026-10-22T23:30:00.000Z,0,regular,Memphis,East Carolina,0,regular,
401861965,2026,8,2026-10-23T23:00:00.000Z,0,regular,UConn,Massachusetts,0,regular,
401858271,2026,8,2026-10-23T23:00:00.000Z,0,regular,Virginia,Duke,0,regular,
401862808,2026,8,2026-10-24T00:30:00.000Z,0,regular,Tulsa,Army,0,regular,
401864525,2026,8,2026-10-24T01:00:00.000Z,0,regular,Wyoming,Air Force,0,regular,
401858272,2026,8,2026-10-24T02:30:00.000Z,0,regular,Stanford,NC State,0,regular,
401856729,2026,8,2026-10-24T04:00:00.000Z,1,regular,Kentucky,Vanderbilt,0,regular,NIGHT: 6 - 8pm ET start
401866476,2026,8,2026-10-24T04:00:00.000Z,1,regular,Central Michigan,Miami (OH),0,regular,
401866446,2026,8,2026-10-24T04:00:00.000Z,1,regular,Kent State,Akron,0,regular,
401864526,2026,8,2026-10-24T04:00:00.000Z,1,regular,Northern Illinois,Hawai'i,0,regular,
401866447,2026,8,2026-10-24T04:00:00.000Z,1,regular,Ball State,Sacramento State,0,regular,
401856727,2026,8,2026-10-24T04:00:00.000Z,1,regular,Alabama,Texas A&M,0,regular,FLEX: 3:30 - 4:30pm OR 6 - 8pm ET start
401856731,2026,8,2026-10-24T04:00:00.000Z,1,regular,South Carolina,Tennessee,0,regular,AFTERNOON: 3:30 - 4:30pm ET start
401856732,2026,8,2026-10-24T04:00:00.000Z,1,regular,Texas,Ole Miss,0,regular,FLEX: 3:30 - 4:30pm OR 6 - 8pm ET start
401856834,2026,8,2026-10-24T04:00:00.000Z,1,regular,Kansas,Baylor,0,regular,
401856835,2026,8,2026-10-24T04:00:00.000Z,1,regular,UCF,BYU,0,regular,
401856837,2026,8,2026-10-24T04:00:00.000Z,1,regular,Utah,Houston,0,regular,
401856838,2026,8,2026-10-24T04:00:00.000Z,1,regular,Arizona,Iowa State,0,regular,
401856839,2026,8,2026-10-24T04:00:00.000Z,1,regular,Arizona State,Kansas State,0,regular,
401856840,2026,8,2026-10-24T04:00:00.000Z,1,regular,Cincinnati,Texas Tech,0,regular,
401856841,2026,8,2026-10-24T04:00:00.000Z,1,regular,TCU,West Virginia,0,regular,
401858273,2026,8,2026-10-24T04:00:00.000Z,1,regular,Georgia Tech,Boston College,0,regular,
401858274,2026,8,2026-10-24T04:00:00.000Z,1,regular,Miami,Pittsburgh,0,regular,
401858275,2026,8,2026-10-24T04:00:00.000Z,1,regular,North Carolina,Syracuse,0,regular,
401858276,2026,8,2026-10-24T04:00:00.000Z,1,regular,Clemson,Virginia Tech,0,regular,
401858496,2026,8,2026-10-24T04:00:00.000Z,1,regular,Michigan,Indiana,0,regular,
401858497,2026,8,2026-10-24T04:00:00.000Z,1,regular,Minnesota,Iowa,0,regular,
401858498,2026,8,2026-10-24T04:00:00.000Z,1,regular,Northwestern,Rutgers,0,regular,
401858500,2026,8,2026-10-24T04:00:00.000Z,1,regular,Wisconsin,USC,0,regular,
401862809,2026,8,2026-10-24T04:00:00.000Z,1,regular,Florida Atlantic,Rice,0,regular,
401866449,2026,8,2026-10-24T04:00:00.000Z,1,regular,Ohio,Eastern Michigan,0,regular,
401869967,2026,8,2026-10-24T04:00:00.000Z,1,regular,Southern Miss,Louisiana,0,regular,
401871094,2026,8,2026-10-24T04:00:00.000Z,1,regular,Troy,UL Monroe,0,regular,
401871093,2026,8,2026-10-24T04:00:00.000Z,1,regular,Louisiana Tech,Old Dominion,0,regular,
401858499,2026,8,2026-10-24T04:00:00.000Z,1,regular,UCLA,Michigan State,0,regular,
401856836,2026,8,2026-10-24T04:00:00.000Z,1,regular,Oklahoma State,Colorado,0,regular,
401858270,2026,8,2026-10-24T04:00:00.000Z,1,regular,SMU,California,0,regular,
401866448,2026,8,2026-10-24T04:00:00.000Z,1,regular,Buffalo,Bowling Green,0,regular,
401862811,2026,8,2026-10-24T04:00:00.000Z,1,regular,Tulane,UTSA,0,regular,
401856730,2026,8,2026-10-24T04:00:00.000Z,1,regular,Mississippi State,Oklahoma,0,regular,FLEX: 3:30 - 4:30pm OR 6 - 8pm ET start
401866450,2026,8,2026-10-24T04:00:00.000Z,1,regular,Toledo,Western Michigan,0,regular,
401858495,2026,8,2026-10-24T04:00:00.000Z,1,regular,Illinois,Oregon,0,regular,
401856728,2026,8,2026-10-24T16:00:00.000Z,0,regular,Auburn,LSU,0,regular,
401862810,2026,8,2026-10-24T19:30:00.000Z,0,regular,Navy,North Texas,0,regular,
401864528,2026,8,2026-10-24T21:00:00.000Z,0,regular,Nevada,San José State,0,regular,
401860907,2026,8,2026-10-24T22:00:00.000Z,0,regular,Washington State,Boise State,0,regular,
401860905,2026,8,2026-10-24T22:30:00.000Z,0,regular,Colorado State,San Diego State,0,regular,
401869935,2026,8,2026-10-24T23:00:00.000Z,0,regular,Arkansas State,Georgia State,0,regular,
401860906,2026,8,2026-10-24T23:30:00.000Z,0,regular,Texas State,Utah State,0,regular,
401864527,2026,8,2026-10-25T02:00:00.000Z,0,regular,New Mexico,North Dakota State,0,regular,
401871071,2026,9,2026-10-27T23:00:00.000Z,0,regular,Western Kentucky,Delaware,0,regular,
401871072,2026,9,2026-10-28T00:00:00.000Z,0,regular,Missouri State,Sam Houston,0,regular,
401871058,2026,9,2026-10-28T23:00:00.000Z,0,regular,Middle Tennessee,Kennesaw State,0,regular,
401871057,2026,9,2026-10-29T00:00:00.000Z,0,regular,New Mexico State,Jacksonville State,0,regular,
401869963,2026,9,2026-10-29T23:30:00.000Z,0,regular,James Madison,Troy,0,regular,
401862812,2026,9,2026-10-29T23:30:00.000Z,0,regular,North Texas,Florida Atlantic,0,regular,
401862813,2026,9,2026-10-30T23:00:00.000Z,0,regular,Charlotte,Tulane,0,regular,
401856844,2026,9,2026-10-30T23:30:00.000Z,0,regular,UCF,Baylor,0,regular,
401866451,2026,9,2026-10-31T02:30:00.000Z,0,regular,Sacramento State,Kent State,0,regular,
401858284,2026,9,2026-10-31T04:00:00.000Z,1,regular,Wake Forest,Virginia,0,regular,
401856735,2026,9,2026-10-31T04:00:00.000Z,1,regular,Ole Miss,Auburn,0,regular,EARLY: Noon - 1pm ET start
401858281,2026,9,2026-10-31T04:00:00.000Z,1,regular,Pittsburgh,Georgia Tech,0,regular,
401858283,2026,9,2026-10-31T04:00:00.000Z,1,regular,Louisville,Stanford,0,regular,
401856736,2026,9,2026-10-31T04:00:00.000Z,1,regular,Oklahoma,South Carolina,0,regular,FLEX: 3:30 - 4:30pm OR 6 - 8pm ET start
401858503,2026,9,2026-10-31T04:00:00.000Z,1,regular,Maryland,Illinois,0,regular,
401862816,2026,9,2026-10-31T04:00:00.000Z,1,regular,South Florida,UAB,0,regular,
401856842,2026,9,2026-10-31T04:00:00.000Z,1,regular,Texas Tech,Arizona,0,regular,
401856846,2026,9,2026-10-31T04:00:00.000Z,1,regular,Colorado,Kansas State,0,regular,
401856848,2026,9,2026-10-31T04:00:00.000Z,1,regular,Cincinnati,Utah,0,regular,
401858278,2026,9,2026-10-31T04:00:00.000Z,1,regular,Syracuse,SMU,0,regular,
401858279,2026,9,2026-10-31T04:00:00.000Z,1,regular,Duke,Boston College,0,regular,
401858282,2026,9,2026-10-31T04:00:00.000Z,1,regular,North Carolina,Miami,0,regular,
401858501,2026,9,2026-10-31T04:00:00.000Z,1,regular,Indiana,Minnesota,0,regular,
401858502,2026,9,2026-10-31T04:00:00.000Z,1,regular,Iowa,Wisconsin,0,regular,
401858504,2026,9,2026-10-31T04:00:00.000Z,1,regular,Nebraska,Washington,0,regular,
401869846,2026,9,2026-10-31T04:00:00.000Z,1,regular,Georgia Southern,App State,0,regular,
401856847,2026,9,2026-10-31T04:00:00.000Z,1,regular,Iowa State,Oklahoma State,0,regular,
401856733,2026,9,2026-10-31T04:00:00.000Z,1,regular,Arkansas,Missouri,0,regular,FLEX: 3:30 - 4:30pm OR 6 - 8pm ET start
401856845,2026,9,2026-10-31T04:00:00.000Z,1,regular,TCU,Kansas,0,regular,
401864529,2026,9,2026-10-31T04:00:00.000Z,1,regular,San José State,New Mexico,0,regular,
401858507,2026,9,2026-10-31T04:00:00.000Z,1,regular,Rutgers,Michigan,0,regular,
401858505,2026,9,2026-10-31T04:00:00.000Z,1,regular,Oregon,Northwestern,0,regular,
401856843,2026,9,2026-10-31T04:00:00.000Z,1,regular,BYU,Arizona State,0,regular,
401858277,2026,9,2026-10-31T04:00:00.000Z,1,regular,NC State,California,0,regular,
401858508,2026,9,2026-10-31T04:00:00.000Z,1,regular,UCLA,Nevada,0,regular,
401862814,2026,9,2026-10-31T04:00:00.000Z,1,regular,Memphis,Army,0,regular,
401860924,2026,9,2026-10-31T04:00:00.000Z,1,regular,Fresno State,Oregon State,0,regular,
401858509,2026,9,2026-10-31T04:00:00.000Z,1,regular,USC,Ohio State,0,regular,
401871097,2026,9,2026-10-31T04:00:00.000Z,1,regular,South Alabama,Louisiana Tech,0,regular,
401856737,2026,9,2026-10-31T04:00:00.000Z,1,regular,Texas,Mississippi State,0,regular,NIGHT: 6 - 8pm ET start
401871096,2026,9,2026-10-31T04:00:00.000Z,1,regular,Old Dominion,Marshall,0,regular,
401871095,2026,9,2026-10-31T04:00:00.000Z,1,regular,UL Monroe,Southern Miss,0,regular,
401869944,2026,9,2026-10-31T04:00:00.000Z,1,regular,Georgia State,Coastal Carolina,0,regular,
401858280,2026,9,2026-10-31T04:00:00.000Z,1,regular,Florida State,Clemson,0,regular,
401858506,2026,9,2026-10-31T04:00:00.000Z,1,regular,Penn State,Purdue,0,regular,
401862815,2026,9,2026-10-31T04:00:00.000Z,1,regular,East Carolina,Temple,0,regular,
401859185,2026,9,2026-10-31T16:00:00.000Z,0,regular,Navy,Notre Dame,1,regular,
401866452,2026,9,2026-10-31T16:00:00.000Z,0,regular,Western Michigan,Bowling Green,0,regular,
401861966,2026,9,2026-10-31T19:00:00.000Z,0,regular,Air Force,UConn,0,regular,
401856734,2026,9,2026-10-31T19:30:00.000Z,0,regular,Georgia,Florida,1,regular,
401871059,2026,9,2026-10-31T19:30:00.000Z,0,regular,Liberty,Florida International,0,regular,
401860910,2026,9,2026-10-31T19:30:00.000Z,0,regular,Utah State,Colorado State,0,regular,
401864531,2026,9,2026-10-31T19:30:00.000Z,0,regular,North Dakota State,UTEP,0,regular,
401860909,2026,9,2026-10-31T23:00:00.000Z,0,regular,San Diego State,Washington State,0,regular,
401860908,2026,9,2026-11-01T02:00:00.000Z,0,regular,Boise State,Texas State,0,regular,
401864530,2026,9,2026-11-01T02:30:00.000Z,0,regular,UNLV,Northern Illinois,0,regular,
401866453,2026,10,2026-11-04T00:00:00.000Z,0,regular,Akron,Ohio,0,regular,
401866454,2026,10,2026-11-04T00:00:00.000Z,0,regular,Miami (OH),Buffalo,0,regular,
401866456,2026,10,2026-11-04T05:00:00.000Z,1,regular,Eastern Michigan,Central Michigan,1,regular,
401866455,2026,10,2026-11-04T05:00:00.000Z,1,regular,Massachusetts,Ball State,0,regular,
401866457,2026,10,2026-11-04T05:00:00.000Z,1,regular,Sacramento State,Toledo,0,regular,
401862817,2026,10,2026-11-06T01:00:00.000Z,0,regular,Florida Atlantic,UTSA,0,regular,
401869964,2026,10,2026-11-06T01:00:00.000Z,0,regular,Southern Miss,James Madison,0,regular,
401858288,2026,10,2026-11-07T00:00:00.000Z,0,regular,SMU,Virginia Tech,0,regular,
401862818,2026,10,2026-11-07T00:30:00.000Z,0,regular,East Carolina,South Florida,0,regular,
401858510,2026,10,2026-11-07T01:00:00.000Z,0,regular,Illinois,Nebraska,0,regular,
401864533,2026,10,2026-11-07T02:00:00.000Z,0,regular,Nevada,New Mexico,0,regular,
401856855,2026,10,2026-11-07T03:15:00.000Z,0,regular,Arizona,TCU,0,regular,
401864534,2026,10,2026-11-07T05:00:00.000Z,1,regular,San José State,Northern Illinois,0,regular,
401871098,2026,10,2026-11-07T05:00:00.000Z,1,regular,Troy,Louisiana Tech,0,regular,
401869927,2026,10,2026-11-07T05:00:00.000Z,1,regular,App State,Georgia State,0,regular,
401858514,2026,10,2026-11-07T05:00:00.000Z,1,regular,Ohio State,Oregon,0,regular,
401858513,2026,10,2026-11-07T05:00:00.000Z,1,regular,Northwestern,Iowa,0,regular,
401856856,2026,10,2026-11-07T05:00:00.000Z,1,regular,Texas Tech,West Virginia,0,regular,
401858285,2026,10,2026-11-07T05:00:00.000Z,1,regular,Syracuse,Clemson,0,regular,
401858287,2026,10,2026-11-07T05:00:00.000Z,1,regular,Georgia Tech,Louisville,0,regular,
401858515,2026,10,2026-11-07T05:00:00.000Z,1,regular,Purdue,Maryland,0,regular,
401858517,2026,10,2026-11-07T05:00:00.000Z,1,regular,Wisconsin,Rutgers,0,regular,
401862821,2026,10,2026-11-07T05:00:00.000Z,1,regular,North Texas,Rice,0,regular,
401862822,2026,10,2026-11-07T05:00:00.000Z,1,regular,Tulane,Tulsa,0,regular,
401858286,2026,10,2026-11-07T05:00:00.000Z,1,regular,NC State,Duke,0,regular,
401858512,2026,10,2026-11-07T05:00:00.000Z,1,regular,Minnesota,UCLA,0,regular,
401856745,2026,10,2026-11-07T05:00:00.000Z,1,regular,Tennessee,Kentucky,0,regular,NIGHT: 6 - 8pm ET start
401858516,2026,10,2026-11-07T05:00:00.000Z,1,regular,Washington,Penn State,0,regular,
401856739,2026,10,2026-11-07T05:00:00.000Z,1,regular,Florida,Oklahoma,0,regular,FLEX: 3:30 - 4:30pm OR 6 - 8pm ET start
401864532,2026,10,2026-11-07T05:00:00.000Z,1,regular,UTEP,Hawai'i,0,regular,
401858289,2026,10,2026-11-07T05:00:00.000Z,1,regular,Boston College,Florida State,0,regular,
401856738,2026,10,2026-11-07T05:00:00.000Z,1,regular,Auburn,Arkansas,0,regular,EARLY: Noon - 1pm ET start
401856740,2026,10,2026-11-07T05:00:00.000Z,1,regular,LSU,Alabama,0,regular,FLEX: 3:30 - 4:30pm OR 6 - 8pm ET start
401856743,2026,10,2026-11-07T05:00:00.000Z,1,regular,Missouri,Texas,0,regular,EARLY: Noon - 1pm ET start
401856744,2026,10,2026-11-07T05:00:00.000Z,1,regular,South Carolina,Texas A&M,0,regular,AFTERNOON: 3:30 - 4:30pm ET start
401856849,2026,10,2026-11-07T05:00:00.000Z,1,regular,Utah,BYU,0,regular,
401856850,2026,10,2026-11-07T05:00:00.000Z,1,regular,Kansas,UCF,0,regular,
401856851,2026,10,2026-11-07T05:00:00.000Z,1,regular,Houston,Cincinnati,0,regular,
401856853,2026,10,2026-11-07T05:00:00.000Z,1,regular,Baylor,Iowa State,0,regular,
401856854,2026,10,2026-11-07T05:00:00.000Z,1,regular,Kansas State,Oklahoma State,0,regular,
401858511,2026,10,2026-11-07T05:00:00.000Z,1,regular,Michigan,Michigan State,0,regular,
401862819,2026,10,2026-11-07T05:00:00.000Z,1,regular,UAB,Charlotte,0,regular,
401856742,2026,10,2026-11-07T05:00:00.000Z,1,regular,Mississippi State,Vanderbilt,0,regular,FLEX: 3:30 - 4:30pm OR 6 - 8pm ET start
401856741,2026,10,2026-11-07T05:00:00.000Z,1,regular,Ole Miss,Georgia,0,regular,FLEX: 3:30 - 4:30pm OR 6 - 8pm ET start
401869951,2026,10,2026-11-07T05:00:00.000Z,1,regular,Georgia Southern,Marshall,0,regular,
401869968,2026,10,2026-11-07T05:00:00.000Z,1,regular,Louisiana,South Alabama,0,regular,
401869945,2026,10,2026-11-07T05:00:00.000Z,1,regular,Coastal Carolina,Old Dominion,0,regular,
401856852,2026,10,2026-11-07T05:00:00.000Z,1,regular,Arizona State,Colorado,0,regular,
401858292,2026,10,2026-11-07T17:00:00.000Z,0,regular,UConn,North Carolina,0,regular,
401871073,2026,10,2026-11-07T20:00:00.000Z,0,regular,Kennesaw State,Delaware,0,regular,
401869936,2026,10,2026-11-07T20:00:00.000Z,0,regular,Arkansas State,UL Monroe,0,regular,
401871076,2026,10,2026-11-07T20:30:00.000Z,0,regular,Middle Tennessee,Western Kentucky,0,regular,
401862820,2026,10,2026-11-07T20:30:00.000Z,0,regular,Navy,Temple,0,regular,
401871074,2026,10,2026-11-07T21:00:00.000Z,0,regular,Florida International,Missouri State,0,regular,
401870795,2026,10,2026-11-07T22:00:00.000Z,0,regular,New Mexico State,Liberty,0,regular,
401860911,2026,10,2026-11-07T23:00:00.000Z,0,regular,Colorado State,Boise State,0,regular,
401871075,2026,10,2026-11-08T00:00:00.000Z,0,regular,Jacksonville State,Sam Houston,0,regular,
401862823,2026,10,2026-11-08T00:30:00.000Z,0,regular,Army,Air Force,0,regular,
401858291,2026,10,2026-11-08T00:30:00.000Z,0,regular,Notre Dame,Miami,0,regular,
401860913,2026,10,2026-11-08T02:30:00.000Z,0,regular,Utah State,Fresno State,0,regular,
401860912,2026,10,2026-11-08T03:30:00.000Z,0,regular,Oregon State,Texas State,0,regular,
401864535,2026,10,2026-11-08T03:30:00.000Z,0,regular,UNLV,Wyoming,0,regular,
401866460,2026,11,2026-11-11T00:00:00.000Z,0,regular,Miami (OH),Ohio,0,regular,
401866459,2026,11,2026-11-11T00:00:00.000Z,0,regular,Bowling Green,Kent State,0,regular,
401866458,2026,11,2026-11-11T00:00:00.000Z,0,regular,Akron,Western Michigan,0,regular,
401866462,2026,11,2026-11-11T05:00:00.000Z,1,regular,Central Michigan,Sacramento State,0,regular,
401866461,2026,11,2026-11-11T05:00:00.000Z,1,regular,Ball State,Buffalo,0,regular,
401866463,2026,11,2026-11-11T05:00:00.000Z,1,regular,Toledo,Massachusetts,0,regular,
401862824,2026,11,2026-11-13T01:00:00.000Z,0,regular,South Florida,Memphis,0,regular,
401869969,2026,11,2026-11-13T02:00:00.000Z,0,regular,UL Monroe,Louisiana,0,regular,
401858293,2026,11,2026-11-14T00:00:00.000Z,0,regular,Pittsburgh,Florida State,0,regular,
401858526,2026,11,2026-11-14T02:00:00.000Z,0,regular,UCLA,Illinois,0,regular,
401856860,2026,11,2026-11-14T03:15:00.000Z,0,regular,Colorado,Houston,0,regular,
401858519,2026,11,2026-11-14T05:00:00.000Z,1,regular,Iowa,Purdue,0,regular,
401862825,2026,11,2026-11-14T05:00:00.000Z,1,regular,Charlotte,East Carolina,0,regular,
401862826,2026,11,2026-11-14T05:00:00.000Z,1,regular,Tulsa,Florida Atlantic,0,regular,
401862827,2026,11,2026-11-14T05:00:00.000Z,1,regular,UTSA,North Texas,0,regular,
401862828,2026,11,2026-11-14T05:00:00.000Z,1,regular,Rice,Tulane,0,regular,
401856888,2026,11,2026-11-14T05:00:00.000Z,1,regular,Texas A&M,Tennessee,0,regular,FLEX: 3:30 - 4:30pm OR 6 - 8pm ET start
401858299,2026,11,2026-11-14T05:00:00.000Z,1,regular,Virginia Tech,Stanford,0,regular,
401858521,2026,11,2026-11-14T05:00:00.000Z,1,regular,Michigan State,Washington,0,regular,
401862829,2026,11,2026-11-14T05:00:00.000Z,1,regular,Temple,UAB,0,regular,
401869952,2026,11,2026-11-14T05:00:00.000Z,1,regular,Georgia State,Georgia Southern,0,regular,
401858301,2026,11,2026-11-14T05:00:00.000Z,1,regular,SMU,Wake Forest,0,regular,
401858520,2026,11,2026-11-14T05:00:00.000Z,1,regular,Maryland,Wisconsin,0,regular,
401858522,2026,11,2026-11-14T05:00:00.000Z,1,regular,Ohio State,Northwestern,0,regular,
401856861,2026,11,2026-11-14T05:00:00.000Z,1,regular,West Virginia,Kansas,0,regular,
401869928,2026,11,2026-11-14T05:00:00.000Z,1,regular,Marshall,App State,0,regular,
401856862,2026,11,2026-11-14T05:00:00.000Z,1,regular,TCU,Kansas State,0,regular,
401856863,2026,11,2026-11-14T05:00:00.000Z,1,regular,Oklahoma State,Texas Tech,0,regular,
401856864,2026,11,2026-11-14T05:00:00.000Z,1,regular,Arizona,Utah,0,regular,
401856883,2026,11,2026-11-14T05:00:00.000Z,1,regular,Georgia,Missouri,0,regular,FLEX: 3:30 - 4:30pm OR 6 - 8pm ET start
401856884,2026,11,2026-11-14T05:00:00.000Z,1,regular,Kentucky,Florida,0,regular,NIGHT: 6 - 8pm ET start
401856886,2026,11,2026-11-14T05:00:00.000Z,1,regular,Mississippi State,Auburn,0,regular,EARLY: Noon - 1pm ET start
401856887,2026,11,2026-11-14T05:00:00.000Z,1,regular,Oklahoma,Ole Miss,0,regular,AFTERNOON: 3:30 - 4:30pm ET start
401858296,2026,11,2026-11-14T05:00:00.000Z,1,regular,Miami,Duke,0,regular,
401856889,2026,11,2026-11-14T05:00:00.000Z,1,regular,Vanderbilt,Alabama,0,regular,EARLY: Noon - 1pm ET start
401858523,2026,11,2026-11-14T05:00:00.000Z,1,regular,Oregon,Michigan,0,regular,
401858298,2026,11,2026-11-14T05:00:00.000Z,1,regular,North Carolina,Louisville,0,regular,
401856882,2026,11,2026-11-14T05:00:00.000Z,1,regular,Arkansas,South Carolina,0,regular,FLEX: 3:30 - 4:30pm OR 6 - 8pm ET start
401858297,2026,11,2026-11-14T05:00:00.000Z,1,regular,Clemson,Georgia Tech,0,regular,
401858300,2026,11,2026-11-14T05:00:00.000Z,1,regular,NC State,Syracuse,0,regular,
401871100,2026,11,2026-11-14T05:00:00.000Z,1,regular,South Alabama,Troy,0,regular,
401864536,2026,11,2026-11-14T05:00:00.000Z,1,regular,Northern Illinois,Nevada,0,regular,
401858518,2026,11,2026-11-14T05:00:00.000Z,1,regular,Indiana,USC,0,regular,
401856859,2026,11,2026-11-14T05:00:00.000Z,1,regular,Iowa State,Cincinnati,0,regular,
401858295,2026,11,2026-11-14T05:00:00.000Z,1,regular,Virginia,California,0,regular,
401856858,2026,11,2026-11-14T05:00:00.000Z,1,regular,BYU,Baylor,0,regular,
401856857,2026,11,2026-11-14T05:00:00.000Z,1,regular,UCF,Arizona State,0,regular,
401869937,2026,11,2026-11-14T05:00:00.000Z,1,regular,Coastal Carolina,Arkansas State,0,regular,
401864540,2026,11,2026-11-14T05:00:00.000Z,1,regular,UTEP,Wyoming,0,regular,
401871099,2026,11,2026-11-14T05:00:00.000Z,1,regular,Louisiana Tech,Southern Miss,0,regular,
401856885,2026,11,2026-11-14T05:00:00.000Z,1,regular,LSU,Texas,0,regular,FLEX: 3:30 - 4:30pm OR 6 - 8pm ET start
401858525,2026,11,2026-11-14T05:00:00.000Z,1,regular,Rutgers,Nebraska,0,regular,
401858524,2026,11,2026-11-14T05:00:00.000Z,1,regular,Penn State,Minnesota,0,regular,
401861967,2026,11,2026-11-14T17:00:00.000Z,0,regular,UConn,James Madison,0,regular,
401870769,2026,11,2026-11-14T19:00:00.000Z,0,regular,Sam Houston,Kennesaw State,0,regular,
401870796,2026,11,2026-11-14T20:00:00.000Z,0,regular,Missouri State,New Mexico State,0,regular,
401871060,2026,11,2026-11-14T20:00:00.000Z,0,regular,Delaware,Florida International,0,regular,
401870752,2026,11,2026-11-14T20:30:00.000Z,0,regular,Western Kentucky,Jacksonville State,0,regular,
401858294,2026,11,2026-11-14T20:30:00.000Z,0,regular,Notre Dame,Boston College,0,regular,
401871061,2026,11,2026-11-14T20:30:00.000Z,0,regular,Liberty,Middle Tennessee,0,regular,
401860916,2026,11,2026-11-14T21:00:00.000Z,0,regular,Texas State,Fresno State,0,regular,
401860914,2026,11,2026-11-14T23:00:00.000Z,0,regular,Boise State,Oregon State,0,regular,
401864538,2026,11,2026-11-15T00:00:00.000Z,0,regular,Air Force,San José State,0,regular,
401864539,2026,11,2026-11-15T00:30:00.000Z,0,regular,New Mexico,UNLV,0,regular,
401860915,2026,11,2026-11-15T02:30:00.000Z,0,regular,San Diego State,Utah State,0,regular,
401860917,2026,11,2026-11-15T03:30:00.000Z,0,regular,Washington State,Colorado State,0,regular,
401864537,2026,11,2026-11-15T04:59:00.000Z,0,regular,Hawai'i,North Dakota State,0,regular,
401866464,2026,12,2026-11-18T00:00:00.000Z,0,regular,Ohio,Ball State,0,regular,
401866465,2026,12,2026-11-18T00:00:00.000Z,0,regular,Western Michigan,Eastern Michigan,0,regular,
401866466,2026,12,2026-11-18T00:00:00.000Z,0,regular,Kent State,Miami (OH),0,regular,
401866467,2026,12,2026-11-18T05:00:00.000Z,1,regular,Massachusetts,Akron,0,regular,
401866469,2026,12,2026-11-18T05:00:00.000Z,1,regular,Buffalo,Central Michigan,0,regular,
401862830,2026,12,2026-11-20T00:30:00.000Z,0,regular,Temple,Rice,0,regular,
401856869,2026,12,2026-11-20T23:00:00.000Z,0,regular,UCF,Iowa State,0,regular,
401866468,2026,12,2026-11-21T00:30:00.000Z,0,regular,Toledo,Bowling Green,0,regular,
401858303,2026,12,2026-11-21T00:30:00.000Z,0,regular,Duke,Clemson,0,regular,
401858529,2026,12,2026-11-21T01:00:00.000Z,0,regular,Michigan State,Oregon,0,regular,
401864545,2026,12,2026-11-21T01:00:00.000Z,0,regular,Air Force,UTEP,0,regular,
401856752,2026,12,2026-11-21T05:00:00.000Z,1,regular,Oklahoma,Texas A&M,0,regular,EARLY: Noon - 1pm ET start
401856871,2026,12,2026-11-21T05:00:00.000Z,1,regular,Baylor,Texas Tech,0,regular,
401858310,2026,12,2026-11-21T05:00:00.000Z,1,regular,Georgia Tech,Wake Forest,0,regular,
401856748,2026,12,2026-11-21T05:00:00.000Z,1,regular,Florida,Vanderbilt,0,regular,EARLY: Noon - 1pm ET start
401856755,2026,12,2026-11-21T05:00:00.000Z,1,regular,Texas,Arkansas,0,regular,AFTERNOON: 3:30 - 4:30pm ET start
401858527,2026,12,2026-11-21T05:00:00.000Z,1,regular,Illinois,Iowa,0,regular,
401869938,2026,12,2026-11-21T05:00:00.000Z,1,regular,Louisiana Tech,Arkansas State,0,regular,
401858306,2026,12,2026-11-21T05:00:00.000Z,1,regular,Louisville,Pittsburgh,0,regular,
401858309,2026,12,2026-11-21T05:00:00.000Z,1,regular,Boston College,Syracuse,0,regular,
401856870,2026,12,2026-11-21T05:00:00.000Z,1,regular,Arizona State,Oklahoma State,0,regular,
401856868,2026,12,2026-11-21T05:00:00.000Z,1,regular,West Virginia,Houston,0,regular,
401856865,2026,12,2026-11-21T05:00:00.000Z,1,regular,Kansas State,Arizona,0,regular,
401856754,2026,12,2026-11-21T05:00:00.000Z,1,regular,Tennessee,LSU,0,regular,FLEX: 3:30 - 4:30pm OR 6 - 8pm ET start
401856753,2026,12,2026-11-21T05:00:00.000Z,1,regular,South Carolina,Georgia,0,regular,FLEX: 3:30 - 4:30pm OR 6 - 8pm ET start
401871101,2026,12,2026-11-21T05:00:00.000Z,1,regular,Southern Miss,South Alabama,0,regular,
401869946,2026,12,2026-11-21T05:00:00.000Z,1,regular,Louisiana,Coastal Carolina,0,regular,
401856867,2026,12,2026-11-21T05:00:00.000Z,1,regular,Cincinnati,Colorado,0,regular,
401858302,2026,12,2026-11-21T05:00:00.000Z,1,regular,Miami,Virginia Tech,0,regular,
401856872,2026,12,2026-11-21T05:00:00.000Z,1,regular,TCU,Utah,0,regular,
401862836,2026,12,2026-11-21T05:00:00.000Z,1,regular,UAB,UTSA,0,regular,
401858305,2026,12,2026-11-21T05:00:00.000Z,1,regular,Virginia,North Carolina,0,regular,
401858308,2026,12,2026-11-21T05:00:00.000Z,1,regular,California,Stanford,0,regular,
401869953,2026,12,2026-11-21T05:00:00.000Z,1,regular,Troy,Georgia Southern,0,regular,
401858304,2026,12,2026-11-21T05:00:00.000Z,1,regular,Florida State,NC State,0,regular,
401869929,2026,12,2026-11-21T05:00:00.000Z,1,regular,App State,UL Monroe,0,regular,
401862833,2026,12,2026-11-21T05:00:00.000Z,1,regular,Florida Atlantic,South Florida,0,regular,
401856751,2026,12,2026-11-21T05:00:00.000Z,1,regular,Missouri,Kentucky,0,regular,NIGHT: 6 - 8pm ET start
401856866,2026,12,2026-11-21T05:00:00.000Z,1,regular,Kansas,BYU,0,regular,
401869958,2026,12,2026-11-21T05:00:00.000Z,1,regular,Marshall,Georgia State,0,regular,
401864541,2026,12,2026-11-21T05:00:00.000Z,1,regular,Nevada,Hawai'i,0,regular,
401862835,2026,12,2026-11-21T05:00:00.000Z,1,regular,Tulane,North Texas,0,regular,
401862832,2026,12,2026-11-21T05:00:00.000Z,1,regular,Tulsa,Charlotte,0,regular,
401858535,2026,12,2026-11-21T05:00:00.000Z,1,regular,Washington,Indiana,0,regular,
401858534,2026,12,2026-11-21T05:00:00.000Z,1,regular,USC,Maryland,0,regular,
401858532,2026,12,2026-11-21T05:00:00.000Z,1,regular,Penn State,Rutgers,0,regular,
401858531,2026,12,2026-11-21T05:00:00.000Z,1,regular,Nebraska,Ohio State,0,regular,
401858530,2026,12,2026-11-21T05:00:00.000Z,1,regular,Minnesota,Northwestern,0,regular,
401858528,2026,12,2026-11-21T05:00:00.000Z,1,regular,Michigan,UCLA,0,regular,
401858533,2026,12,2026-11-21T05:00:00.000Z,1,regular,Purdue,Wisconsin,0,regular,
401862831,2026,12,2026-11-21T17:00:00.000Z,0,regular,Army,East Carolina,0,regular,
401862834,2026,12,2026-11-21T17:00:00.000Z,0,regular,Navy,Memphis,0,regular,
401871080,2026,12,2026-11-21T18:00:00.000Z,0,regular,Liberty,Western Kentucky,0,regular,
401871081,2026,12,2026-11-21T19:00:00.000Z,0,regular,Sam Houston,Middle Tennessee,0,regular,
401871079,2026,12,2026-11-21T19:00:00.000Z,0,regular,Jacksonville State,Missouri State,0,regular,
401871077,2026,12,2026-11-21T20:00:00.000Z,0,regular,New Mexico State,Delaware,0,regular,
401871078,2026,12,2026-11-21T20:00:00.000Z,0,regular,Kennesaw State,Florida International,0,regular,
401861968,2026,12,2026-11-21T20:30:00.000Z,0,regular,UConn,Old Dominion,0,regular,
401864543,2026,12,2026-11-21T21:00:00.000Z,0,regular,North Dakota State,Northern Illinois,0,regular,
401860920,2026,12,2026-11-21T23:00:00.000Z,0,regular,Texas State,Washington State,0,regular,
401864544,2026,12,2026-11-22T00:00:00.000Z,0,regular,San José State,UNLV,0,regular,
401860918,2026,12,2026-11-22T00:30:00.000Z,0,regular,Fresno State,Colorado State,0,regular,
401858307,2026,12,2026-11-22T00:30:00.000Z,0,regular,Notre Dame,SMU,0,regular,
401864542,2026,12,2026-11-22T02:00:00.000Z,0,regular,Wyoming,New Mexico,0,regular,
401860925,2026,12,2026-11-22T02:30:00.000Z,0,regular,Boise State,San Diego State,0,regular,
401860919,2026,12,2026-11-22T03:30:00.000Z,0,regular,Oregon State,Utah State,0,regular,
401866471,2026,13,2026-11-24T05:00:00.000Z,1,regular,Western Michigan,Miami (OH),0,regular,
401866470,2026,13,2026-11-25T00:00:00.000Z,0,regular,Eastern Michigan,Kent State,0,regular,
401856879,2026,13,2026-11-27T01:00:00.000Z,0,regular,Texas Tech,TCU,0,regular,
401862838,2026,13,2026-11-27T05:00:00.000Z,1,regular,Memphis,Temple,0,regular,
401862837,2026,13,2026-11-27T05:00:00.000Z,1,regular,East Carolina,Florida Atlantic,0,regular,
401862839,2026,13,2026-11-27T05:00:00.000Z,1,regular,South Florida,Tulane,0,regular,Will be played Nov. 27 or Nov. 28
401866472,2026,13,2026-11-27T17:00:00.000Z,0,regular,Akron,Buffalo,0,regular,
401858536,2026,13,2026-11-27T17:00:00.000Z,0,regular,Iowa,Nebraska,0,regular,
401866473,2026,13,2026-11-27T17:00:00.000Z,0,regular,Ohio,Toledo,0,regular,
401856762,2026,13,2026-11-27T17:00:00.000Z,0,regular,Ole Miss,Mississippi State,0,regular,
401869930,2026,13,2026-11-27T20:00:00.000Z,0,regular,South Alabama,App State,0,regular,
401864549,2026,13,2026-11-27T20:30:00.000Z,0,regular,San José State,North Dakota State,0,regular,
401856759,2026,13,2026-11-27T20:30:00.000Z,0,regular,Florida State,Florida,0,regular,
401858544,2026,13,2026-11-28T00:30:00.000Z,0,regular,Wisconsin,Minnesota,0,regular,
401856756,2026,13,2026-11-28T00:30:00.000Z,0,regular,Texas A&M,Texas,0,regular,
401856880,2026,13,2026-11-28T02:00:00.000Z,0,regular,Utah,West Virginia,0,regular,
401856873,2026,13,2026-11-28T05:00:00.000Z,1,regular,Arizona,Arizona State,0,regular,
401856874,2026,13,2026-11-28T05:00:00.000Z,1,regular,Houston,Baylor,0,regular,
401858314,2026,13,2026-11-28T05:00:00.000Z,1,regular,Syracuse,Notre Dame,0,regular,
401858315,2026,13,2026-11-28T05:00:00.000Z,1,regular,California,Pittsburgh,0,regular,
401858538,2026,13,2026-11-28T05:00:00.000Z,1,regular,Indiana,Purdue,0,regular,
401862842,2026,13,2026-11-28T05:00:00.000Z,1,regular,Charlotte,Navy,0,regular,
401861969,2026,13,2026-11-28T05:00:00.000Z,1,regular,Wyoming,UConn,0,regular,
401856763,2026,13,2026-11-28T05:00:00.000Z,1,regular,Missouri,Oklahoma,0,regular,AFTERNOON: 3:30 - 4:30pm ET start
401871102,2026,13,2026-11-28T05:00:00.000Z,1,regular,UL Monroe,Marshall,0,regular,
401869959,2026,13,2026-11-28T05:00:00.000Z,1,regular,Georgia State,Louisiana,0,regular,
401858539,2026,13,2026-11-28T05:00:00.000Z,1,regular,Maryland,Penn State,0,regular,
401858542,2026,13,2026-11-28T05:00:00.000Z,1,regular,Rutgers,Michigan State,0,regular,
401856875,2026,13,2026-11-28T05:00:00.000Z,1,regular,Colorado,UCF,0,regular,
401858543,2026,13,2026-11-28T05:00:00.000Z,1,regular,UCLA,USC,0,regular,
401858317,2026,13,2026-11-28T05:00:00.000Z,1,regular,Virginia Tech,Virginia,0,regular,
401858537,2026,13,2026-11-28T05:00:00.000Z,1,regular,Northwestern,Illinois,0,regular,
401856876,2026,13,2026-11-28T05:00:00.000Z,1,regular,BYU,Cincinnati,0,regular,
401871103,2026,13,2026-11-28T05:00:00.000Z,1,regular,Old Dominion,Southern Miss,0,regular,
401856760,2026,13,2026-11-28T05:00:00.000Z,1,regular,Georgia,Georgia Tech,0,regular,FLEX: 3:30 - 4:30pm OR 6 - 8pm ET start
401869954,2026,13,2026-11-28T05:00:00.000Z,1,regular,Georgia Southern,Louisiana Tech,0,regular,
401862841,2026,13,2026-11-28T05:00:00.000Z,1,regular,Rice,Army,0,regular,
401864550,2026,13,2026-11-28T05:00:00.000Z,1,regular,Northern Illinois,UTEP,0,regular,
401862843,2026,13,2026-11-28T05:00:00.000Z,1,regular,North Texas,UAB,0,regular,
401862840,2026,13,2026-11-28T05:00:00.000Z,1,regular,UTSA,Tulsa,0,regular,Will be played Nov. 27 or Nov. 28
401858312,2026,13,2026-11-28T05:00:00.000Z,1,regular,Wake Forest,Duke,0,regular,
401858311,2026,13,2026-11-28T05:00:00.000Z,1,regular,Miami,Boston College,0,regular,
401858313,2026,13,2026-11-28T05:00:00.000Z,1,regular,North Carolina,NC State,0,regular,
401856878,2026,13,2026-11-28T05:00:00.000Z,1,regular,Iowa State,Kansas State,0,regular,
401856877,2026,13,2026-11-28T05:00:00.000Z,1,regular,Oklahoma State,Kansas,0,regular,
401856765,2026,13,2026-11-28T05:00:00.000Z,1,regular,Vanderbilt,Tennessee,0,regular,NIGHT: 6 - 8pm ET start
401856758,2026,13,2026-11-28T05:00:00.000Z,1,regular,Arkansas,LSU,0,regular,EARLY: Noon - 1pm ET start
401856757,2026,13,2026-11-28T05:00:00.000Z,1,regular,Alabama,Auburn,0,regular,FLEX: 3:30 - 4:30pm OR 6 - 8pm ET start
401858316,2026,13,2026-11-28T05:00:00.000Z,1,regular,Stanford,SMU,0,regular,
401858541,2026,13,2026-11-28T05:00:00.000Z,1,regular,Oregon,Washington,0,regular,
401856761,2026,13,2026-11-28T05:00:00.000Z,1,regular,Kentucky,Louisville,0,regular,EARLY: Noon - 1pm ET start
401856764,2026,13,2026-11-28T05:00:00.000Z,1,regular,Clemson,South Carolina,0,regular,
401869947,2026,13,2026-11-28T05:00:00.000Z,1,regular,James Madison,Coastal Carolina,0,regular,
401866475,2026,13,2026-11-28T17:00:00.000Z,0,regular,Bowling Green,Massachusetts,0,regular,
401866474,2026,13,2026-11-28T17:00:00.000Z,0,regular,Ball State,Central Michigan,0,regular,
401858540,2026,13,2026-11-28T17:00:00.000Z,0,regular,Ohio State,Michigan,0,regular,
401870804,2026,13,2026-11-28T18:00:00.000Z,0,regular,Western Kentucky,Kennesaw State,0,regular,
401871083,2026,13,2026-11-28T19:00:00.000Z,0,regular,Middle Tennessee,New Mexico State,0,regular,
401871082,2026,13,2026-11-28T19:00:00.000Z,0,regular,Florida International,Sam Houston,0,regular,
401871063,2026,13,2026-11-28T19:00:00.000Z,0,regular,Missouri State,Liberty,0,regular,
401869939,2026,13,2026-11-28T20:00:00.000Z,0,regular,Arkansas State,Troy,0,regular,
401871062,2026,13,2026-11-28T20:30:00.000Z,0,regular,Delaware,Jacksonville State,0,regular,
401864546,2026,13,2026-11-28T21:30:00.000Z,0,regular,New Mexico,Air Force,0,regular,
401864548,2026,13,2026-11-29T02:00:00.000Z,0,regular,UNLV,Nevada,0,regular,
401864547,2026,13,2026-11-29T04:00:00.000Z,0,regular,Hawai'i,Sacramento State,0,regular,
401862844,2026,15,2026-12-12T20:00:00.000Z,0,regular,Army,Navy,1,regular,
